# NASA Exoplanet Archive pscomppars, as of 2026-09-08; slimmed by scripts/build-exoplanets.py
pl_name,hostname,ra,dec,sy_dist,pl_rade,pl_bmasse,pl_orbper,disc_year,discoverymethod,st_teff,st_rad,st_spectype
HD 2039 b,HD 2039,6.08511,-56.65,85.692,12.7,1999.15,1120,2002,Radial Velocity,5945,1.19,G2/G3 IV/V
HAT-P-8 b,HAT-P-8,343.041,35.4472,211.553,15.693,406.822,3.07634,2008,Transit,6200,1.57,F6
K2-43 b,K2-43,169.117,-3.97544,182.536,4.51,18.5,3.47115,2016,Transit,3841,0.542,
Kepler-1753 b,Kepler-1753,288.237,46.6059,707.688,2.227,5.59,16.0046,2021,Transit,5180,0.769,
Kepler-1176 b,Kepler-1176,297.92,45.2742,864.699,2.45,6.57,24.1739,2016,Transit,5844,1.02,
K2-126 b,K2-126,203.547,-13.577,102.953,1.97,4.54,7.38565,2017,Transit,4339,0.65,
Kepler-1263 b,Kepler-1263,286.484,46.7526,664.83,1.14,1.55,4.5514,2016,Transit,5213,0.8,
Kepler-1416 b,Kepler-1416,298.663,43.8941,949.59,0.88,0.615,1.49515,2016,Transit,6019,1.15,
Kepler-1542 c,Kepler-1542,285.728,42.6545,399.114,0.65,0.208,2.89223,2016,Transit,5564,0.99,
K2-85 b,K2-85,59.4648,18.465,97.218,1.4,3.2,0.68454,2016,Transit,4232,0.71,
Kepler-368 c,Kepler-368,291.88,45.3878,770.978,3.88,14.3,72.3793,2014,Transit,5502,2.019,
K2-123 b,K2-123,134.444,21.4533,161.555,2.76,8.05,30.9515,2017,Transit,4035,0.59,
Kepler-770 b,Kepler-770,286.49,38.3749,930.457,2.3,5.9,18.9254,2016,Transit,5598,0.92,
Kepler-1399 b,Kepler-1399,293.312,46.0416,1385.7,1.25,2.1,1.63865,2016,Transit,5735,0.96,
Kepler-723 b,Kepler-723,284.83,44.6581,1071.8,12.19,,4.08228,2016,Transit,5539,0.89,
K2-107 b,K2-107,284.985,-22.2934,685.2,15.98,266.977,3.31396,2017,Transit,6061,1.81,F9 IV
K2-45 b,K2-45,169.633,-1.77406,495.317,6.71,36.4,1.72927,2016,Transit,4103,0.445,
K2-365 b,K2-365,238.82,-21.027,187.222,2.906,8.78,23.4482,2022,Transit,5561,1.051,
K2-127 b,K2-127,207.078,-11.589,709.999,8.37,52.9,3.58816,2017,Transit,4575,0.66,
K2-195 b,K2-195,199.832,-8.50954,315.014,3.13,9.96,15.853,2018,Transit,5713,0.99,
K2-80 c,K2-80,59.0375,13.559,200.802,1.47,2.76,5.605,2016,Transit,5441,0.87,
K2-229 c,K2-229,186.873,-6.72185,102.564,2.03,7,8.32727,2018,Transit,5315,0.79,G9
HAT-P-3 b,HAT-P-3,206.094,48.0286,134.554,10.536,206.589,2.8997,2007,Transit,5185,0.87,K1
WASP-32 b,WASP-32,3.96171,1.20051,275.994,10.761,835.893,2.71866,2010,Transit,6140,0.95,
WASP-24 b,WASP-24,227.215,2.34329,322.114,15.468,394.109,2.34121,2010,Transit,6075,1.42,
Kepler-65 c,Kepler-65,288.689,41.1511,303.728,2.58,5.4,5.85994,2012,Transit,6211,1.41,
TrES-2 b,TrES-2,286.809,49.3164,215.32,15.244,473.567,2.47063,2006,Transit,5850,1.12,G0 V
Kepler-939 b,Kepler-939,293.866,47.0268,2093.62,1.75,3.71,14.8783,2016,Transit,5471,0.85,
Kepler-1028 b,Kepler-1028,289.593,49.7812,607.916,1.33,2.33,2.51462,2016,Transit,5522,0.87,
HAT-P-67 b,HAT-P-67,256.611,44.7769,371.686,23.987,143.023,4.81011,2017,Transit,6640,2.62,
Kepler-1101 b,Kepler-1101,294.569,45.6712,742.473,2.47,6.66,81.3151,2016,Transit,5614,0.91,
Kepler-1388 b,Kepler-1388,283.336,47.1745,453.795,2.59,7.22,12.2855,2016,Transit,4098,0.61,
Kepler-768 b,Kepler-768,294.116,38.3934,784.56,1.79,3.86,11.391,2016,Transit,5108,0.78,
Kepler-796 b,Kepler-796,287.308,39.1447,817.584,1.3,2.24,6.40088,2016,Transit,5475,1.09,
Kepler-110 b,Kepler-110,292.929,48.6028,586.531,1.83,4.01,12.6911,2014,Transit,5960,1.149,
Kepler-1042 b,Kepler-1042,288.669,39.824,659,2.19,5.43,10.132,2016,Transit,4815,0.72,
Kepler-334 c,Kepler-334,287.141,47.1151,426.59,1.43,2.63,12.758,2014,Transit,5828,1.068,
Kepler-937 b,Kepler-937,294.169,46.7146,1571.46,3.72,13.4,67.6688,2016,Transit,6095,1.22,
Kepler-1117 b,Kepler-1117,292.085,49.2374,568.487,1.11,1.41,4.79028,2016,Transit,5612,0.93,
Kepler-1789 b,Kepler-1789,282.863,41.7966,611.461,2.831,8.4,80.2319,2021,Transit,5436,0.888,
Kepler-1831 b,Kepler-1831,295.302,49.5891,1053.49,1.97,4.54,5.78387,2021,Transit,6063,1.012,
Kepler-1245 b,Kepler-1245,290.744,43.2608,805.936,1.44,2.67,4.35409,2016,Transit,5306,0.83,
Kepler-114 b,Kepler-114,294.121,48.3498,259.533,1.26,1.09,5.18855,2014,Transit,4605,0.667,M0 V
Kepler-1105 b,Kepler-1105,281.112,42.455,318.004,2.01,4.7,4.42157,2016,Transit,4299,0.68,
Kepler-187 b,Kepler-187,299.796,44.0892,1143,1.41,2.57,4.93886,2014,Transit,6105,1.287,
Kepler-1379 b,Kepler-1379,293.67,41.4102,971.325,1.3,2.24,0.88184,2016,Transit,5188,0.79,
Kepler-304 c,Kepler-304,294.442,40.5575,434.684,2.17,5.35,5.31595,2014,Transit,4731,0.687,
Kepler-1291 b,Kepler-1291,289.377,40.0011,897.352,1.66,3.39,8.63043,2016,Transit,5216,0.8,
Kepler-304 e,Kepler-304,294.442,40.5575,434.684,1.2,1.87,1.49915,2016,Transit,4817,0.73,
Kepler-461 b,Kepler-461,292.249,46.1648,692.158,2.58,7.18,8.31378,2016,Transit,5634,0.91,
Kepler-1894 b,Kepler-1894,295.586,49.6668,935.191,1.201,1.87,2.76266,2021,Transit,5772,0.901,
Kepler-576 b,Kepler-576,295.183,38.6542,617.55,3.27,10.7,29.9114,2016,Transit,5672,0.97,
Kepler-1893 b,Kepler-1893,298.401,44.8382,1050.72,1.706,3.55,4.17937,2021,Transit,5633,1.162,
Kepler-1601 b,Kepler-1601,285.513,38.0798,644.456,0.82,0.477,2.20922,2016,Transit,5869,1.07,
Kepler-1922 b,Kepler-1922,292.33,37.9971,1344.29,2.291,5.86,13.2226,2021,Transit,5931,0.863,
HD 80653 b,HD 80653,140.339,14.3679,109.86,1.621,5.61,0.71958,2020,Transit,5959,1.199,G0 V
Kepler-1542 d,Kepler-1542,285.728,42.6545,399.114,0.87,0.59,5.99274,2016,Transit,5564,0.99,
Kepler-666 b,Kepler-666,298.457,48.7916,1508.71,2.4,6.35,4.49876,2016,Transit,5887,1.05,
Kepler-211 c,Kepler-211,285.439,43.1685,309.353,1.29,18.3,6.04045,2014,Transit,5123,0.816,
Kepler-203 c,Kepler-203,297.09,41.3881,703.302,2.47,749.9,5.37065,2014,Transit,5821,1.114,
GJ 674 b,GJ 674,262.17,-46.899,4.549,3.33,11.09,4.6938,2007,Radial Velocity,3600,0.365,M2.5
OGLE-TR-182 b,OGLE-TR-182,167.328,-61.0953,2501.75,12.666,320.995,3.9791,2007,Transit,5924,1.14,
HD 69830 c,HD 69830,124.601,-12.6364,12.559,3.46,11.8,31.56,2006,Radial Velocity,5385,0.887,K0V
GJ 3021 b,GJ 3021,4.06343,-79.8514,17.556,13.1,1071.04,133.71,2000,Radial Velocity,5540,0.9,G6 V
HD 221287 b,HD 221287,352.836,-58.2097,55.923,13.1,982.05,456.1,2007,Radial Velocity,6304,1.139,F7 V
HD 47536 b,HD 47536,99.449,-32.3394,122.536,12.6,2330,712.13,2002,Radial Velocity,4380,23.47,K1 III
HD 107148 b,HD 107148,184.806,-3.31999,49.416,9.6,66.741,48.056,2005,Radial Velocity,5797,1.169,G5 V
HD 179949 b,HD 179949,288.889,-24.1798,27.457,13.9,291.12,3.09251,2000,Radial Velocity,6168,1.267,F8 V
HD 188015 b,HD 188015,298.019,28.1,50.671,13.6,476.72,461.2,2004,Radial Velocity,5746,1.125,G5 IV
HD 27442 b,HD 27442,64.1205,-59.3029,18.27,13.5,495.8,428.1,2000,Radial Velocity,4846,3.18,K1/2III
HD 46375 b,HD 46375,98.3031,5.46251,29.553,10,71.8,3.02357,2000,Radial Velocity,5285,0.914,K1 IV-V
HAT-P-2 b,HAT-P-2,245.151,41.048,127.774,10.66,2866.81,5.63352,2007,Transit,6380,1.39,F8
HD 109749 b,HD 109749,189.317,-40.8122,63.082,11.1,85.814,5.23989,2005,Radial Velocity,5824,1.22,G3 V
HD 149143 b,HD 149143,248.213,2.08445,73.28,13.6,422.714,4.07182,2005,Radial Velocity,5856,1.44,G0
HD 224693 b,HD 224693,359.975,-22.428,93.501,14,222.481,26.6904,2006,Radial Velocity,5894,1.93,G2 V
HD 231701 b,HD 231701,293.018,16.4744,108.877,13.7,359.148,141.63,2007,Radial Velocity,6101,1.53,F8 V
HIP 14810 b,HIP 14810,47.8093,21.0971,50.48,13,1239.54,6.67389,2005,Radial Velocity,5544,1.07,G5
HIP 14810 d,HIP 14810,47.8093,21.0971,50.48,14.1,187.52,981.8,2009,Radial Velocity,5544,1.07,G5
HD 207832 b,HD 207832,328.152,-26.0272,58.929,14.2,177.985,160.07,2012,Radial Velocity,5726,0.89,G5 V
HD 37605 c,HD 37605,85.0074,6.05951,46.786,13.1,1013.88,2720,2012,Radial Velocity,5329,0.91,K0
HD 1605 c,HD 1605,5.13175,30.9751,88.805,13,1150.55,2149,2015,Radial Velocity,4915,3.49,K1 IV
HD 55696 b,HD 55696,108.062,-38.1746,77.969,12.9,1357.13,1827,2018,Radial Velocity,6012,1.52,G0 V
HD 148164 c,HD 148164,246.435,11.9191,77.197,12.8,1640,5062,2018,Radial Velocity,6032,1.34,F8
HD 211810 b,HD 211810,334.529,61.135,64.635,14,212.946,1558,2018,Radial Velocity,5652,1.13,G5
HD 221416 b,HD 221416,353.033,-21.8012,95.548,9.17,60.5,14.2767,2019,Transit,5080,2.943,K0 IV/V
Kepler-595 c,Kepler-595,294.57,50.673,643.009,1.009,3.3,12.386,2020,Transit,5138,0.821,
Kepler-595 b,Kepler-595,294.57,50.673,643.009,3.708,17.4,25.3029,2016,Transit,5138,0.821,
PSR B1257+12 b,PSR B1257+12,195.015,12.6823,600,0.338,0.02,25.262,1994,Pulsar Timing,,,
PSR B1257+12 c,PSR B1257+12,195.015,12.6823,600,1.91,4.3,66.5419,1992,Pulsar Timing,,,
OGLE-TR-211 b,OGLE-TR-211,160.06,-62.4555,1515.26,15.244,327.351,3.67724,2007,Transit,6325,1.64,
Lupus-TR-3 b,Lupus-TR-3,232.577,-42.98,773.409,9.976,257.431,3.91405,2007,Transit,5000,0.82,
2MASS J04414489+2301513 b,2MASS J04414489+2301513,70.4371,23.0309,120.424,12.6,2383.6,,2010,Imaging,2936,0.232,M8.5
WASP-21 b,WASP-21,347.493,18.3962,258.426,11.99,95.345,4.32248,2010,Transit,5800,1.06,G3 V
CoRoT-10 b,CoRoT-10,291.064,0.74601,338.386,10.87,874,13.2406,2010,Transit,5075,0.79,K1 V
CoRoT-12 b,CoRoT-12,100.766,-1.29644,1126.37,16.14,291.438,2.82804,2010,Transit,5675,1.116,
CoRoT-13 b,CoRoT-13,102.721,-5.08646,1148.93,9.92,415.704,4.03519,2010,Transit,5945,1.01,G0 V
HD 285968 b,HD 285968,70.7354,18.9534,9.47,2.83,8.4,8.7836,2008,Radial Velocity,3703,0.478,M2 V
HD 205739 b,HD 205739,324.535,-31.7378,92.509,13.6,435.41,279.8,2008,Radial Velocity,6176,1.33,F7 V
CoRoT-3 b,CoRoT-3,292.055,0.12184,768.771,11.32,6883.91,4.2568,2008,Transit,6740,1.56,F3 V
HD 16417 b,HD 16417,39.2441,-34.5791,25.394,5,22.1,17.24,2008,Radial Velocity,5841,1.64,G1 V
AB Pic b,AB Pic,94.8039,-58.0541,50.047,12.3,4290.5,,2005,Imaging,5285,0.999,K2 V
CT Cha b,CT Cha,166.037,-76.4554,190.72,24.66,5403,,2007,Imaging,4403,1.68,K5e
HD 9446 b,HD 9446,23.335,29.2649,50.35,14,222.472,30.052,2009,Radial Velocity,5793,1,G5 V
Kepler-4 b,Kepler-4,285.615,50.1358,487.916,4.002,24.472,3.21346,2009,Transit,5857,1.487,
GJ 876 c,GJ 876,343.324,-14.2666,4.675,14,226.985,30.0881,2000,Radial Velocity,3294,0.3,M2.5V
HIP 79431 b,HIP 79431,243.174,-18.8764,14.532,13.4,667.415,111.7,2009,Radial Velocity,3191,0.479,M3 V
TOI-907.01,TOI-907,262.183,-62.8404,312.529,9.616,67,4.58491,2024,Transit,6272,2.06,
WASP-31 b,WASP-31,169.439,-19.0548,383.829,17.363,151.916,3.40591,2010,Transit,6302,1.252,
24 Sex b,24 Sex,155.868,-0.9024,72.069,13.4,632.46,452.8,2010,Radial Velocity,5098,4.9,K0 IV
WASP-37 b,WASP-37,221.944,1.06502,392.791,13.002,572.07,3.57747,2010,Transit,5800,1.003,
Kepler-9 d,Kepler-9,285.574,38.4008,628.257,1.64,8.415,1.59285,2010,Transit,5777,1.02,
KOI-217 b,KOI-217,294.865,46.2858,914.699,12.442,,3.90512,2010,Transit,5545,0.86,
HD 90156 b,HD 90156,155.98,-29.6451,21.95,4.43,17.98,49.77,2011,Radial Velocity,5599,0.92,G5V
HD 177830 c,HD 177830,286.336,25.9204,62.767,7.87,47.672,110.9,2010,Radial Velocity,4949,2.62,K0
ups And b,ups And,24.1984,41.4038,13.405,14,218.531,4.61703,1996,Radial Velocity,6157,1.56,F8 V
ups And d,ups And,24.1984,41.4038,13.405,12.5,3257.74,1276.46,1999,Radial Velocity,6157,1.56,F8 V
OGLE-2017-BLG-0373L b,OGLE-2017-BLG-0373L,269.329,-31.9517,5915,14,127,,2018,Microlensing,,,
K2-269 b,K2-269,130.155,13.0147,360.76,1.57,3.09,4.14497,2018,Transit,6209,1.45,
TOI-1249 b,TOI-1249,200.562,66.3085,139.49,3.271,11.9,13.0792,2024,Transit,5497,0.979,
Kepler-106 d,Kepler-106,300.864,44.3376,444.322,0.95,8.1,23.9802,2014,Transit,5858,1.04,
Kepler-1031 b,Kepler-1031,296.09,48.9554,682.882,0.87,0.59,1.22622,2016,Transit,6011,1.12,
Kepler-948 b,Kepler-948,293.3,41.5233,868.017,1.85,4.08,7.76847,2016,Transit,5679,0.94,
OGLE-2014-BLG-0319L b,OGLE-2014-BLG-0319L,266.961,-33.935,7730,14.1,181.162,,2022,Microlensing,,,M
OGLE-2018-BLG-1011L b,OGLE-2018-BLG-1011L,269.014,-29.0829,7100,13.5,570,,2019,Microlensing,,,
WASP-61 b,WASP-61,75.2997,-26.0541,488.66,15.805,851.784,3.8559,2012,Transit,6250,1.55,
KMT-2022-BLG-0303L b,KMT-2022-BLG-0303L,268.033,-22.6891,6570,14.2,163.046,,2024,Microlensing,,,
OGLE-2019-BLG-0954L b,OGLE-2019-BLG-0954L,267.913,-29.611,3630,12.3,4513.16,,2021,Microlensing,,,
WASP-123 b,WASP-123,289.479,-32.8601,197.996,15.132,285.729,2.97764,2016,Transit,5740,1.285,G5
Kepler-1882 b,Kepler-1882,290.664,43.4998,443.371,1.487,2.81,13.7873,2021,Transit,5691,1.458,
KOI-984 b,KOI-984,291.049,36.8401,252.667,4.3,17.1,4.28818,2022,Transit,5295,0.818,
Kepler-1573 b,Kepler-1573,292.988,49.485,1455.36,1.2,1.87,2.61576,2016,Transit,5808,1,
Kepler-802 b,Kepler-802,286.016,45.0077,780.585,3.54,12.3,40.0588,2016,Transit,5507,0.9,
KMT-2023-BLG-1454L b,KMT-2023-BLG-1454L,267.62,-29.6227,7220,14.1,200.232,,2024,Microlensing,,,
Kepler-1440 b,Kepler-1440,285.347,48.3122,1115.35,1.26,2.13,39.8595,2016,Transit,5698,0.96,
WASP-130 b,WASP-130,203.106,-42.4753,172.256,9.976,390.931,11.551,2016,Transit,5625,0.96,G6
OGLE-2017-BLG-1049L b,OGLE-2017-BLG-1049L,269.534,-27.1442,5670,12.8,1760,,2020,Microlensing,,,
Kepler-949 b,Kepler-949,298.608,46.4537,486.105,2.91,8.8,8.68931,2016,Transit,5403,0.86,
KMT-2023-BLG-1592L b,KMT-2023-BLG-1592L,268.679,-29.0084,7200,14.1,184.34,,2026,Microlensing,,,
OGLE-2019-BLG-0362L b,OGLE-2019-BLG-0362L,263.465,-24.8104,5830,13.1,1036.12,,2022,Microlensing,,,
KMT-2017-BLG-1057L b,KMT-2017-BLG-1057L,265.486,-22.3351,6500,5.19,23.5,,2024,Microlensing,,,
KMT-2025-BLG-1616L b,KMT-2025-BLG-1616L,267.779,-30.1391,7500,7.34,42.32,,2026,Microlensing,,,M V
Wolf 327 b,Wolf 327,148.378,35.5705,28.532,1.24,2.53,0.57347,2024,Transit,3542,0.406,M2.5 V
Kepler-62 f,Kepler-62,283.213,45.3497,300.874,1.41,35,267.291,2013,Transit,4925,0.64,K2 V
WASP-53 c,WASP-53,31.9092,-20.6618,201.338,,5196.52,2840,2017,Radial Velocity,4953,0.798,
KMT-2023-BLG-1743L b,KMT-2023-BLG-1743L,269.165,-28.8549,7130,12.1,6356.57,,2024,Microlensing,,,
TOI-5789 c,TOI-5789,302.773,16.1897,20.458,2.86,5,12.9277,2026,Transit,5185,0.833,K1 V
MOA-2019-BLG-008L b,MOA-2019-BLG-008L,267.983,-29.9897,2700,12.2,5720.91,,2022,Microlensing,,,
OGLE-2016-BLG-1598L b,OGLE-2016-BLG-1598L,270.191,-29.1754,5910,13.6,120.775,,2024,Microlensing,,,
OGLE-2017-BLG-1275L b,OGLE-2017-BLG-1275L,267.915,-29.498,7690,12.8,1875.19,,2024,Microlensing,,,
HATS-44 b,HATS-44,84.3268,-27.9726,446.035,11.96,177.985,2.7439,2018,Transit,5080,0.847,
HD 160691 b,HD 160691,266.036,-51.8349,15.598,,1366.66,645,2000,Radial Velocity,5773,1.33,G3 IV-V
Kepler-132 b,Kepler-132,283.236,41.343,349.549,1.21,1.92,6.1782,2014,Transit,6003,1.178,
KMT-2021-BLG-0192L b,KMT-2021-BLG-0192L,268.105,-30.0087,5120,6.56,34.961,,2022,Microlensing,,,
Kepler-49 b,Kepler-49,292.295,40.5918,311.222,2.579,9.77,7.2,2012,Transit,4096,0.618,M1 V
KMT-2016-BLG-2364L b,KMT-2016-BLG-2364L,265.716,-27.4356,6440,13,1250,,2020,Microlensing,,,
Kepler-218 c,Kepler-218,295.413,46.2666,656.38,3.14,10,44.6996,2014,Transit,5502,1.063,
GJ 328 c,GJ 328,133.782,1.542,20.527,4.91,21.4,241.8,2023,Radial Velocity,3897,0.63,M0.0
K2-212 b,K2-212,18.4241,3.09707,109.218,2.65,7.51,9.79565,2018,Transit,4349,0.678,
AU Mic e,AU Mic,311.291,-31.3424,9.722,4.87,21.1,33.11,2025,Radial Velocity,3665,0.82,M1 V
AU Mic d,AU Mic,311.291,-31.3424,9.722,1.02,1.053,12.736,2023,Transit Timing Variations,3678,0.744,M1 V
GJ 806 b,GJ 806,311.27,44.5002,12.044,1.331,1.9,0.92632,2023,Transit,3600,0.414,M1.5 V
GJ 806 c,GJ 806,311.27,44.5002,12.044,2.28,5.8,6.64064,2023,Radial Velocity,3600,0.414,M1.5 V
HD 110067 b,HD 110067,189.839,20.0273,32.158,2.2,5.69,9.11368,2023,Transit,5266,0.788,K0.0 V
HD 110067 c,HD 110067,189.839,20.0273,32.158,2.388,6.3,13.6737,2023,Transit,5266,0.788,K0.0 V
HD 110067 d,HD 110067,189.839,20.0273,32.158,2.852,8.52,20.5196,2023,Transit,5266,0.788,K0.0 V
HD 110067 e,HD 110067,189.839,20.0273,32.158,1.94,3.9,30.7931,2023,Transit,5266,0.788,K0.0 V
HD 110067 f,HD 110067,189.839,20.0273,32.158,2.601,5.04,41.0585,2023,Transit,5266,0.788,K0.0 V
HD 110067 g,HD 110067,189.839,20.0273,32.158,2.607,8.4,54.7699,2023,Transit,5266,0.788,K0.0 V
GJ 341 b,GJ 341,140.399,-60.2812,10.454,0.88,4,7.57686,2025,Transit,3770,0.507,M1
TOI-6894 b,TOI-6894,173.469,12.4511,73.813,9.584,53.395,3.37077,2025,Transit,3007,0.228,
IRAS 04125+2902 b,IRAS 04125+2902,63.9283,29.1665,159.244,10.738,80.8,8.83498,2024,Transit,4080,1.45,
HIP 67522 c,HIP 67522,207.526,-40.8359,127.28,7.936,48.3,14.3349,2024,Transit,5675,1.38,G1 V
Kepler-51 e,Kepler-51,296.48,49.9376,783.831,2.18,5.4,264.284,2024,Transit Timing Variations,5674,0.87,
BD+05 4868 A b,BD+05 4868 A,326.861,6.60532,43.569,,6.2,1.27187,2025,Transit,4596,0.69,K V
TOI-771 c,TOI-771,164.114,-72.9852,25.279,1.5,2.87,7.61,2025,Radial Velocity,3370,0.232,M3
TOI-2076 e,TOI-2076,217.392,39.7904,41.909,1.301,4.7,3.02238,2025,Transit,5187,0.758,K V
L 98-59 f,L 98-59,124.533,-68.3145,10.619,1.48,2.8,23.064,2025,Radial Velocity,3415,0.316,M3 V
HIP 41378 g,HIP 41378,126.616,10.0804,106.289,2.5,6.81,63.19,2025,Radial Velocity,6290,1.3,F6
55 Cnc B b,55 Cnc B,133.168,28.3153,12.477,1.69,3.5,6.7994,2025,Radial Velocity,3286,0.274,M4.5 V
55 Cnc B c,55 Cnc B,133.168,28.3153,12.477,2.16,5.3,33.747,2025,Radial Velocity,3286,0.274,M4.5 V
GJ 3090 c,GJ 3090,20.4384,-46.7147,22.475,3.14,10,15.9407,2026,Radial Velocity,3707,0.516,M2 V
TOI-4336 A c,TOI-4336 A,206.107,-40.3374,22.546,1.251,1.55,7.58727,2026,Transit,3307,0.326,M3.5 V
TOI-260 b,TOI-260,4.77302,-9.96615,20.185,1.71,4.23,13.4758,2024,Transit,4026,0.607,K8 V
Kepler-12 b,Kepler-12,286.243,50.0404,881.386,19.661,137.303,4.43796,2011,Transit,5947,1.483,
KOI-94 b,KOI-94,297.333,41.8911,477.052,1.71,10.5,3.74321,2013,Transit,6182,1.52,
Kepler-167 d,Kepler-167,292.659,38.3456,341.908,1.238,2.06,21.8038,2016,Transit,4884,0.749,K4
Kepler-51 d,Kepler-51,296.48,49.9376,783.831,9.7,7.6,130.194,2014,Transit,6018,0.94,
Kepler-51 c,Kepler-51,296.48,49.9376,783.831,9,4,85.312,2012,Transit,6018,0.94,
KMT-2022-BLG-1818L c,KMT-2022-BLG-1818L,270.799,-27.4811,5300,13.2,114.418,,2026,Microlensing,,,
Qatar-8 b,Qatar-8,157.412,70.5271,281.498,14.404,117.915,3.71495,2019,Transit,5738,1.315,G0 V
KMT-2018-BLG-0885L b,KMT-2018-BLG-0885L,268.966,-28.5134,6890,11.9,9217.02,,2023,Microlensing,,,
KMT-2016-BLG-2321L b,KMT-2016-BLG-2321L,264.058,-25.5249,3580,13.8,301.937,,2024,Microlensing,,,
Kepler-74 b,Kepler-74,293.093,41.3555,1177.55,10.76,200.22,7.34071,2013,Transit,6000,1.12,F8 V
OGLE-2017-BLG-0482L b,OGLE-2017-BLG-0482L,269.049,-30.5284,5800,2.95,9,,2018,Microlensing,,,
PSR B0329+54 b,PSR B0329+54,53.2473,54.5792,504.933,1.22,1.97,10140,2017,Pulsar Timing,,,
K2-140 b,K2-140,188.137,-9.60761,347.917,13.563,295.58,6.56919,2017,Transit,5585,1.06,G6 V
HD 184010 c,HD 184010,292.84,26.6173,60.799,11.8,95.349,484.3,2022,Radial Velocity,4971,4.86,K0 III-IV
EPIC 201595106 b,EPIC 201595106,183.72,1.96817,232.1,1.565,7.67,0.87724,2021,Transit,5679,0.98,
TOI-1203 e,TOI-1203,168.227,-34.4069,64.994,7.31,42.1,204.59,2025,Radial Velocity,5737,1.179,G3 V
Kepler-1503 b,Kepler-1503,293.727,42.8067,1225.57,2.27,5.77,96.1699,2016,Transit,5069,0.74,
Kepler-1781 b,Kepler-1781,291.711,42.3415,962.63,2.381,6.26,4.88753,2021,Transit,5568,0.957,
Kepler-57 c,Kepler-57,293.641,44.6571,644.14,2.196,6.86,11.6,2012,Transit,5188,0.826,
Kepler-1124 b,Kepler-1124,286.594,37.8913,289.899,1.28,2.18,2.85235,2016,Transit,3658,0.34,
Kepler-1581 b,Kepler-1581,287.371,39.6036,493.175,0.8,0.437,6.28385,2016,Transit,6022,1.23,
K2-136 c,K2-136,67.4129,22.8826,59.247,3,18.1,17.3072,2017,Transit,4500,0.677,K5 V
HD 39091 b,HD 39091,84.2993,-80.4646,18.27,12.3,4481.38,2088.8,2001,Radial Velocity,5998,1.17,G0 V
LHS 1815 b,LHS 1815,91.09,-55.3115,29.842,1.088,1.58,3.81433,2020,Transit,3643,0.501,M1
Kepler-464 b,Kepler-464,294.835,48.9823,667.604,3.3,10.9,7.25697,2016,Transit,5933,1.59,
Kepler-1580 b,Kepler-1580,285.969,41.3635,1002.02,2.11,5.1,56.6449,2016,Transit,6228,2.15,
Kepler-198 d,Kepler-198,290.673,38.691,495.358,1.53,2.96,1.31184,2016,Transit,5636,0.93,
55 Cnc b,55 Cnc,133.147,28.3298,12.585,13.9,263.978,14.6516,1996,Radial Velocity,5198,0.98,G8 V
55 Cnc c,55 Cnc,133.147,28.3298,12.585,8.51,54.474,44.3936,2004,Radial Velocity,5198,0.98,G8 V
55 Cnc d,55 Cnc,133.147,28.3298,12.585,13,1232.49,4799,2002,Radial Velocity,5198,0.98,G8 V
GJ 436 b,GJ 436,175.551,26.7031,9.753,4.17,22.1,2.64388,2004,Radial Velocity,3586,0.455,M2.5 V
HD 50554 b,HD 50554,103.678,24.2451,31.166,12.8,1859.3,1240,2002,Radial Velocity,6050,1.02,F8 V
HAT-P-12 b,HAT-P-12,209.389,43.4933,142.751,10.749,67.059,3.21306,2009,Transit,4650,0.701,K4
HAT-P-13 b,HAT-P-13,129.882,47.3519,246.81,14.258,270.462,2.91625,2009,Transit,5653,1.756,G4
HAT-P-13 c,HAT-P-13,129.882,47.3519,246.81,12.3,4538.42,446.27,2009,Radial Velocity,5653,1.756,G4
TOI-3053 b,TOI-3053,148.573,-64.2969,337.627,13.563,270.154,2.992,2026,Transit,5378,0.97,G8-K0 V
HD 50554 c,HD 50554,103.678,24.2451,31.166,1.31,5.3,5.96936,2026,Transit,5968,1.146,F8 V
HD 50554 d,HD 50554,103.678,24.2451,31.166,1.41,10.4,28.0694,2026,Transit,5968,1.146,F8 V
55 Cnc e,55 Cnc,133.147,28.3298,12.585,1.875,7.99,0.73655,2004,Radial Velocity,5172,0.943,G8 V
55 Cnc f,55 Cnc,133.147,28.3298,12.585,7.59,44.812,260.58,2007,Radial Velocity,5198,0.98,G8 V
GJ 1214 b,GJ 1214,258.831,4.96068,14.643,2.733,8.41,1.5804,2009,Transit,3101,0.216,M4 V
HAT-P-14 b,HAT-P-14,260.116,38.2422,222.663,15.917,1093.34,4.62767,2010,Transit,6600,1.82,F5 V
HAT-P-17 b,HAT-P-17,324.536,30.4882,92.383,11.769,184.341,10.3385,2012,Transit,5246,0.87,K
HAT-P-17 c,HAT-P-17,324.536,30.4882,92.383,13.1,1080.6,5584,2012,Radial Velocity,5337,0.839,K
HAT-P-18 b,HAT-P-18,256.346,33.0123,161.4,10.705,55.525,5.50803,2010,Transit,4870,0.717,K2
HAT-P-1 b,HAT-P-1,344.445,38.6749,158.979,14.785,166.861,4.4653,2006,Transit,5980,1.174,G0 V
HAT-P-26 b,HAT-P-26,213.157,4.05942,141.837,7.062,22.248,4.23452,2010,Transit,5079,0.87,K1
HAT-P-30 b,HAT-P-30,123.95,5.83687,213.985,16.141,263.799,2.8106,2011,Transit,6304,1.31,F7
HAT-P-32 b,HAT-P-32,31.0428,46.6878,289.205,22.194,216.124,2.15001,2011,Transit,6001,1.367,
HD 149026 b,HD 149026,247.623,38.3475,75.864,8.295,120.775,2.87589,2005,Radial Velocity,6179,1.41,G0
HD 189733 b,HD 189733,300.182,22.7098,19.764,12.666,359.148,2.21858,2005,Radial Velocity,5052,0.75,K2 V
HD 209458 b,HD 209458,330.795,18.8842,48.302,15.581,232.016,3.52475,1999,Radial Velocity,6091,1.19,G0 V
HD 80606 b,HD 80606,140.657,50.6038,66.471,11.568,1323.47,111.437,2001,Radial Velocity,5565,1.05,G5
HD 86226 b,HD 86226,149.124,-24.0992,45.683,14.3,143.024,1628,2009,Radial Velocity,5863,1.053,G1 V
TrES-4 b,TrES-4,268.304,37.2117,515.98,18.046,247.907,3.55395,2007,Transit,6200,1.66,F8 V
WASP-12 b,WASP-12,97.6367,29.6723,427.246,22.026,467.21,1.09142,2008,Transit,6265,1.69,
WASP-15 b,WASP-15,208.928,-32.1597,282.091,15.805,171.628,3.7521,2009,Transit,6300,1.48,F7
WASP-17 b,WASP-17,239.962,-28.0618,405.908,20.961,247.907,3.73543,2009,Transit,6550,1.49,F4
WASP-18 b,WASP-18,24.3545,-45.6778,123.483,13.899,3241.85,0.94145,2009,Transit,6432,1.319,F6 IV-V
WASP-19 b,WASP-19,148.417,-45.6591,268.325,15.861,366.774,0.78884,2009,Transit,5616,1.006,G8 V
WASP-25 b,WASP-25,195.36,-27.5222,211.416,13.809,179.255,3.76483,2010,Transit,5697,0.884,
WASP-39 b,WASP-39,217.327,-3.4445,213.982,14.336,89.31,4.05529,2011,Transit,5485,0.939,
WASP-43 b,WASP-43,154.908,-9.80644,86.747,10.424,565.714,0.81347,2011,Transit,4400,0.6,K7 V
WASP-6 b,WASP-6,348.157,-22.6741,197.119,12.543,148.426,3.361,2009,Transit,5438,0.79,
GJ 3470 b,GJ 3470,119.773,15.3912,29.421,4.57,13.9,3.33665,2012,Radial Velocity,3600,0.547,M1.5
WASP-47 b,WASP-47,331.203,-12.0191,264.78,12.86,374,4.15915,2012,Transit,5565,1.156,G9
WASP-63 b,WASP-63,94.3364,-38.3234,290.684,15.805,117.597,4.37808,2012,Transit,5550,1.86,
WASP-52 b,WASP-52,348.495,8.76108,174.818,14.24,146.2,1.74978,2012,Transit,5000,0.79,K2 V
WASP-77 A b,WASP-77 A,37.1555,-7.06067,105.166,13.56,529.311,1.36003,2012,Transit,5617,0.91,G8 V
WASP-80 b,WASP-80,303.167,-2.14444,49.788,11.198,170.993,3.06785,2012,Transit,4143,0.586,K7-M0 V
WASP-103 b,WASP-103,249.315,7.18338,375.647,17.127,473.547,0.92554,2014,Transit,6110,1.436,F8 V
WASP-96 b,WASP-96,1.04657,-47.3606,352.464,13.45,152.55,3.42526,2014,Transit,5540,1.05,G8
WASP-94 A b,WASP-94 A,313.783,-34.1358,211.211,17.71,158.915,3.95019,2014,Transit,6170,1.48,F8
WASP-94 B b,WASP-94 B,313.788,-34.1357,208.696,14.1,196.411,2.00839,2014,Radial Velocity,6040,1.35,F9
WASP-69 b,WASP-69,315.026,-5.09486,49.961,11.21,82.58,3.86814,2014,Transit,4792,0.801,K
WASP-84 b,WASP-84,131.107,1.85989,100.588,10.72,220,8.5235,2014,Transit,5280,0.768,K0
WASP-20 b,WASP-20,5.16056,-23.9358,211.877,15.468,98.841,4.89964,2015,Transit,5940,1.242,F9
HATS-6 b,HATS-6,88.1468,-19.0316,169.318,11.187,101.388,3.32527,2015,Transit,3724,0.57,M1 V
KELT-7 b,KELT-7,78.2956,33.318,136.681,17.934,441.784,2.73477,2015,Transit,6768,1.81,F
K2-18 b,K2-18,172.56,7.58783,38.027,2.37,8.92,32.9396,2015,Transit,3457,0.411,M2.5 V
KELT-8 b,KELT-8,283.305,24.1273,197.572,18.159,209.768,3.24406,2015,Transit,5754,1.46,G2 V
K2-22 b,K2-22,169.483,2.61904,243.836,2.3,444.962,0.38107,2015,Transit,3879,0.58,M0 V
WASP-47 c,WASP-47,331.203,-12.0191,264.78,,447,589.57,2015,Radial Velocity,5565,1.156,G9
WASP-47 d,WASP-47,331.203,-12.0191,264.78,3.65,15.5,9.0305,2015,Transit,5565,1.156,G9
WASP-47 e,WASP-47,331.203,-12.0191,264.78,1.83,9,0.78961,2015,Transit,5565,1.156,G9
GJ 1132 b,GJ 1132,153.709,-47.1549,12.613,1.192,1.837,1.62893,2015,Transit,3229,0.221,M4.5 V
WASP-76 b,WASP-76,26.6329,2.70039,194.459,20.781,284.139,1.80988,2016,Transit,6329,1.756,F7
KELT-4 A b,KELT-4 A,157.063,25.5731,218.05,19.044,286.683,2.98959,2016,Transit,6206,1.603,F
TRAPPIST-1 b,TRAPPIST-1,346.626,-5.04346,12.43,1.116,1.374,1.51083,2016,Transit,2566,0.119,M8.0 V
TRAPPIST-1 c,TRAPPIST-1,346.626,-5.04346,12.43,1.097,1.308,2.42194,2016,Transit,2566,0.119,M8.0 V
TRAPPIST-1 d,TRAPPIST-1,346.626,-5.04346,12.43,0.788,0.388,4.04922,2016,Transit,2566,0.119,M8.0 V
K2-34 b,K2-34,127.579,22.2359,348.646,13.75,539.675,2.99563,2016,Transit,6168,1.42,F
WASP-121 b,WASP-121,107.6,-39.0973,269.898,19.526,371.859,1.27493,2016,Transit,6628,1.461,F6 V
HIP 41378 b,HIP 41378,126.616,10.0804,106.289,2.64,6.9,15.5721,2016,Transit,6290,1.3,F6
HIP 41378 c,HIP 41378,126.616,10.0804,106.289,2.74,5.97,31.7059,2016,Transit,6290,1.3,F6
HIP 41378 d,HIP 41378,126.616,10.0804,106.289,3.65,6.53,278.362,2016,Transit,6290,1.3,F6
HIP 41378 e,HIP 41378,126.616,10.0804,106.289,5.19,7.62,393,2016,Transit,6290,1.3,F6
HIP 41378 f,HIP 41378,126.616,10.0804,106.289,9.47,25,542.08,2016,Transit,6290,1.3,F6
HD 3167 b,HD 3167,8.74015,4.38072,47.29,1.601,4.844,0.95965,2016,Transit,5338,0.871,K0 V
HD 3167 c,HD 3167,8.74015,4.38072,47.29,2.983,11.41,29.8465,2016,Transit,5338,0.871,K0 V
HAT-P-65 b,HAT-P-65,315.905,11.9894,738.519,18.058,176.077,2.60545,2016,Transit,5872,1.666,G2
WASP-131 b,WASP-131,210.194,-30.5836,200.075,13.742,86.767,5.32201,2016,Transit,5990,1.561,G0
WASP-139 b,WASP-139,49.5622,-41.302,212.472,8.967,37.186,5.92426,2016,Transit,5310,0.8,K0
WASP-127 b,WASP-127,160.559,-3.835,159.507,14.695,52.347,4.17806,2016,Transit,5620,1.333,
TRAPPIST-1 e,TRAPPIST-1,346.626,-5.04346,12.43,0.92,0.692,6.10101,2017,Transit,2566,0.119,M8.0 V
TRAPPIST-1 f,TRAPPIST-1,346.626,-5.04346,12.43,1.045,1.039,9.20754,2017,Transit,2566,0.119,M8.0 V
TRAPPIST-1 g,TRAPPIST-1,346.626,-5.04346,12.43,1.129,1.321,12.3524,2017,Transit,2566,0.119,M8.0 V
TRAPPIST-1 h,TRAPPIST-1,346.626,-5.04346,12.43,0.755,0.326,18.7729,2017,Transit,2566,0.119,M8.0 V
HD 106315 b,HD 106315,183.472,-0.39344,109.353,2.44,12.6,9.55237,2017,Transit,6327,1.296,F5 V
HD 106315 c,HD 106315,183.472,-0.39344,109.353,4.35,15.2,21.057,2017,Transit,6327,1.296,F5 V
LHS 1140 b,LHS 1140,11.2486,-15.2741,14.986,1.73,5.6,24.7372,2017,Transit,3096,0.216,M4.5 V
KELT-11 b,KELT-11,161.707,-9.39936,99.16,15.132,65.155,4.73621,2017,Transit,5375,2.69,G8/K0 IV
KELT-9 b,KELT-9,307.86,39.9389,204.455,21.701,915.346,1.48112,2017,Transit,9270,2.418,A
HD 3167 d,HD 3167,8.74015,4.38072,47.29,2.61,7.3,8.3967,2017,Radial Velocity,5338,0.871,K0 V
WASP-107 b,WASP-107,188.386,-10.1462,64.741,10.48,33.022,5.72149,2017,Transit,4425,0.657,K6
GJ 9827 b,GJ 9827,351.772,-1.28534,29.661,1.44,4.28,1.20897,2017,Transit,4236,0.58,K7 V
GJ 9827 c,GJ 9827,351.772,-1.28534,29.661,1.13,1.86,3.6481,2017,Transit,4236,0.58,K7 V
GJ 9827 d,GJ 9827,351.772,-1.28534,29.661,1.98,3.02,6.20183,2017,Transit,4236,0.58,K7 V
KELT-20 b,KELT-20,294.661,31.2192,136.426,19.515,1074.9,3.47411,2017,Transit,8720,1.565,A2 V
K2-18 c,K2-18,172.56,7.58783,38.027,2.65,7.51,8.962,2017,Radial Velocity,3457,0.411,M2.5 V
K2-141 b,K2-141,350.917,-1.18918,61.874,1.51,4.97,0.28032,2018,Transit,4570,0.681,K7 V
K2-141 c,K2-141,350.917,-1.18918,61.874,7,8,7.7485,2018,Transit,4570,0.681,K7 V
K2-232 b,K2-232,73.7668,18.6543,130.72,11.209,126.496,11.1684,2018,Transit,6154,1.161,
GJ 1132 c,GJ 1132,153.709,-47.1549,12.613,1.52,2.91,8.929,2018,Radial Velocity,3090,0.226,M4.5 V
HAT-P-11 c,HAT-P-11,297.71,48.0819,37.765,13.2,851.78,3361,2018,Radial Velocity,4653,0.683,K4
NGTS-2 b,NGTS-2,215.123,-31.2021,356.391,17.878,235.194,4.51116,2018,Transit,6478,1.702,F5 V
WASP-164 b,WASP-164,344.874,-60.4478,327.506,12.644,676.978,1.77713,2018,Transit,5806,0.932,G2 V
LHS 1140 c,LHS 1140,11.2486,-15.2741,14.986,1.272,1.91,3.77794,2018,Transit,3096,0.216,M4.5 V
K2-287 b,K2-287,233.074,-22.3583,158.335,9.494,100.116,14.8933,2018,Transit,5695,1.07,
LHS 3844 b,LHS 3844,340.496,-69.1721,14.885,1.286,2.37,0.46293,2019,Transit,3080,0.189,M4.5-M5.0
HD 15337 b,HD 15337,36.8679,-27.6361,44.816,1.77,6.519,4.75598,2019,Transit,5131,0.855,K1 V
HD 15337 c,HD 15337,36.8679,-27.6361,44.816,2.526,6.792,17.1806,2019,Transit,5131,0.855,K1 V
L 98-59 b,L 98-59,124.533,-68.3145,10.619,0.837,0.46,2.25311,2019,Transit,3415,0.316,M3 V
L 98-59 c,L 98-59,124.533,-68.3145,10.619,1.329,2,3.69068,2019,Transit,3415,0.316,M3 V
L 98-59 d,L 98-59,124.533,-68.3145,10.619,1.627,1.64,7.45073,2019,Transit,3415,0.316,M3 V
V1298 Tau b,V1298 Tau,61.3317,20.157,108.199,9.41,13.1,24.14,2019,Transit,4970,1.32,K1
WASP-166 b,WASP-166,144.875,-20.9824,114.173,7.062,32.101,5.44354,2019,Transit,6050,1.22,F9 V
TOI-270 b,TOI-270,68.4161,-51.9574,22.479,1.28,1.48,3.35992,2019,Transit,3506,0.38,M3 V
TOI-270 c,TOI-270,68.4161,-51.9574,22.479,2.33,6.2,5.66051,2019,Transit,3506,0.38,M
TOI-270 d,TOI-270,68.4161,-51.9574,22.479,2,4.2,11.3819,2019,Transit,3506,0.38,M3 V
GJ 357 b,GJ 357,144.007,-21.6651,9.442,1.2,1.83,3.9306,2019,Transit,3505,0.337,M2.5 V
GJ 357 c,GJ 357,144.007,-21.6651,9.442,1.66,3.4,9.1247,2019,Radial Velocity,3505,0.337,M2.5 V
GJ 357 d,GJ 357,144.007,-21.6651,9.442,2.34,6.1,55.661,2019,Radial Velocity,3505,0.337,M2.5 V
LTT 1445 A b,LTT 1445 A,45.4625,-16.5945,6.869,1.34,2.73,5.35876,2019,Transit,3562,0.271,M3.0
WASP-178 b,WASP-178,227.27,-42.705,427.678,20.288,527.598,3.34483,2019,Transit,9360,1.67,A1 IV-V
V1298 Tau c,V1298 Tau,61.3317,20.157,108.199,5.08,4.7,8.24916,2019,Transit,4970,1.32,K1
V1298 Tau d,V1298 Tau,61.3317,20.157,108.199,6.53,6,12.4014,2019,Transit,4970,1.32,K1
V1298 Tau e,V1298 Tau,61.3317,20.157,108.199,10.17,15.3,48.6777,2019,Transit,4970,1.32,K1
LP 791-18 b,LP 791-18,165.69,-16.4064,26.493,1.212,1.94,0.948,2019,Transit,2960,0.182,M(6.1 +/- 0.7) V
LP 791-18 c,LP 791-18,165.69,-16.4064,26.493,2.488,7.16,4.98991,2019,Transit,2960,0.182,M(6.1 +/- 0.7) V
TOI-125 b,TOI-125,23.5934,-66.6763,111.059,2.726,9.5,4.65382,2019,Transit,5320,0.848,K0 V
TOI-125 c,TOI-125,23.5934,-66.6763,111.059,2.759,6.63,9.15059,2019,Transit,5320,0.848,K0 V
L 168-9 b,L 168-9,350.029,-60.0657,25.15,1.63,4.07,1.40153,2020,Transit,3842,0.604,M0.5 V
TOI-125 d,TOI-125,23.5934,-66.6763,111.059,2.93,13.6,19.98,2020,Transit,5320,0.848,K0 V
HATS-48 A b,HATS-48 A,288.672,-59.5793,263.609,8.967,77.233,3.13167,2020,Transit,4546,0.715,
HATS-72 b,HATS-72,339.026,-17.0003,127.589,8.097,39.856,7.32795,2020,Transit,4656,0.721,
NGTS-10 b,NGTS-10,91.8723,-25.5949,324.699,13.899,687.148,0.76689,2020,Transit,4567,0.7,K
TOI-1130 b,TOI-1130,286.376,-41.4376,58.261,3.66,19.8,4.07455,2020,Transit,4360,0.697,K6-K7
TOI-1130 c,TOI-1130,286.376,-41.4376,58.261,13,336,8.35019,2020,Transit,4360,0.697,K6-K7
TOI-677 b,TOI-677,144.119,-50.4631,141.812,13.115,392.2,11.2366,2020,Transit,6295,1.28,F8
LTT 3780 b,LTT 3780,154.645,-11.7178,21.981,1.325,2.46,0.76838,2020,Transit,3358,0.38,M3.5 V
LTT 3780 c,LTT 3780,154.645,-11.7178,21.981,2.39,8.04,12.2523,2020,Transit,3358,0.38,M3.5 V
TOI-1338 b,TOI-1338 A,92.1331,-59.541,399.017,7.661,11.3,95.4001,2020,Transit,5723,1.313,F8
AU Mic b,AU Mic,311.291,-31.3424,9.722,4.79,8.99,8.46345,2020,Transit,3540,0.862,M1 V
WASP-148 b,WASP-148,254.131,44.3025,246.353,8.474,91.217,8.80381,2020,Transit,5555,0.912,G
WASP-148 c,WASP-148,254.131,44.3025,246.353,13.9,124.589,34.524,2020,Radial Velocity,5555,0.912,G
NGTS-11 b,NGTS-11,23.5215,-14.4192,190.422,9.158,109.334,35.4553,2020,Transit,5050,0.832,K
TOI-849 b,TOI-849,28.7158,-29.4217,225.734,3.64,41.8,0.76555,2020,Transit,5257,0.97,G
TOI-700 b,TOI-700,97.0957,-65.5786,31.127,0.914,0.704,9.97722,2020,Transit,3459,0.421,M2.5 V
TOI-700 c,TOI-700,97.0957,-65.5786,31.127,2.6,7.27,16.0511,2020,Transit,3459,0.421,M2.5 V
TOI-700 d,TOI-700,97.0957,-65.5786,31.127,1.073,1.25,37.424,2020,Transit,3459,0.421,M2.5 V
HIP 67522 b,HIP 67522,207.526,-40.8359,127.28,9.987,71.4,6.95947,2020,Transit,5675,1.38,G1 V
TOI-1899 b,TOI-1899,299.427,40.1433,128.438,11.097,212.945,29.0903,2020,Transit,3926,0.607,M0
HD 86226 c,HD 86226,149.124,-24.0992,45.683,2.16,7.25,3.98442,2020,Transit,5863,1.053,G1 V
WD 1856+534 b,WD 1856+534,284.416,53.509,24.736,10.4,4386.05,1.40794,2020,Transit,4710,0.013,DC
LTT 9779 b,LTT 9779,358.669,-37.6282,80.437,4.72,29.32,0.79205,2020,Transit,5443,0.949,G7 V
TOI-824 b,TOI-824,222.165,-57.5889,63.926,2.926,18.467,1.39298,2020,Transit,4600,0.695,K4 V
TOI-421 b,TOI-421,81.8533,-14.2767,74.797,2.64,6.7,5.19758,2020,Transit,5291,0.866,G9 V
TOI-421 c,TOI-421,81.8533,-14.2767,74.797,5.09,14.1,16.0675,2020,Transit,5291,0.866,G9 V
GJ 3473 b,GJ 3473,120.594,3.33716,27.364,1.264,1.86,1.198,2020,Transit,3347,0.364,M4
GJ 3473 c,GJ 3473,120.594,3.33716,27.364,2.63,7.41,15.509,2020,Radial Velocity,3347,0.364,M4
WASP-107 c,WASP-107,188.386,-10.1462,64.741,13,111.24,1091,2020,Radial Velocity,4425,0.657,K6
TOI-776 b,TOI-776,178.578,-37.5534,27.17,1.798,5,8.24662,2020,Transit,3725,0.547,M1 V
TOI-776 c,TOI-776,178.578,-37.5534,27.17,2.047,6.9,15.6653,2020,Transit,3725,0.547,M1 V
TOI-561 b,TOI-561,148.185,6.2161,85.799,1.397,2.02,0.44657,2020,Transit,5342,0.843,G9 V
TOI-561 c,TOI-561,148.185,6.2161,85.799,2.865,5.93,10.7788,2020,Transit,5342,0.843,G9 V
TOI-561 d,TOI-561,148.185,6.2161,85.799,2.615,13.33,25.7127,2020,Transit,5342,0.843,G9 V
TOI-561 e,TOI-561,148.185,6.2161,85.799,2.517,12.4,77.144,2020,Transit,5342,0.843,G9 V
TOI-451 b,TOI-451,62.9664,-37.9397,123.739,1.84,4.7,1.8587,2020,Transit,5490,0.85,G8 V
TOI-451 c,TOI-451,62.9664,-37.9397,123.739,2.93,3.7,9.19246,2020,Transit,5490,0.85,G8 V
TOI-451 d,TOI-451,62.9664,-37.9397,123.739,3.93,10.2,16.365,2020,Transit,5490,0.85,G8 V
TOI-178 b,TOI-178,7.30201,-30.4541,62.699,1.2,0.96,1.91456,2021,Transit,4316,0.662,K
TOI-178 c,TOI-178,7.30201,-30.4541,62.699,1.754,4.64,3.23849,2021,Transit,4316,0.662,K
TOI-178 d,TOI-178,7.30201,-30.4541,62.699,2.695,5.2,6.55757,2021,Transit,4316,0.662,K
TOI-178 e,TOI-178,7.30201,-30.4541,62.699,2.301,3.48,9.96318,2021,Transit,4316,0.662,K
TOI-178 f,TOI-178,7.30201,-30.4541,62.699,2.417,5.63,15.2333,2021,Transit,4316,0.662,K
TOI-178 g,TOI-178,7.30201,-30.4541,62.699,2.939,4.4,20.7166,2021,Transit,4316,0.662,K
GJ 486 b,GJ 486,191.982,9.74942,8.074,1.289,2.77,1.46712,2021,Radial Velocity,3317,0.324,M3.5 V
LHS 1478 b,LHS 1478,44.3389,76.5514,18.228,1.242,2.33,1.94954,2021,Transit,3381,0.246,m3 V
TOI-1231 b,TOI-1231,156.747,-52.4679,27.623,3.65,15.4,24.2456,2021,Transit,3553,0.476,M3 V
TOI-674 b,TOI-674,164.587,-36.8581,46.085,5.25,23.6,1.97714,2021,Transit,3514,0.42,M2 V
TOI-1685 b,TOI-1685,68.594,43.037,37.615,1.421,3.07,0.66914,2021,Transit,3470,0.462,M3 V
TOI-1807 b,TOI-1807,201.283,38.9224,42.578,1.497,2.44,0.54937,2021,Transit,4914,0.746,
TOI-2076 b,TOI-2076,217.392,39.7904,41.909,2.59,6.7,10.355,2021,Transit,5187,0.758,K V
TOI-2076 c,TOI-2076,217.392,39.7904,41.909,3.54,7.2,21.0145,2021,Transit,5187,0.758,K V
TOI-2076 d,TOI-2076,217.392,39.7904,41.909,3.27,7.3,35.128,2021,Transit,5187,0.758,K V
AU Mic c,AU Mic,311.291,-31.3424,9.722,2.79,14.46,18.859,2021,Transit,3540,0.862,M1 V
TOI-431 b,TOI-431,83.2692,-26.7239,32.569,1.28,3.07,0.49005,2021,Transit,4850,0.731,
TOI-431 c,TOI-431,83.2692,-26.7239,32.569,1.49,2.83,4.8494,2021,Radial Velocity,4850,0.731,
TOI-431 d,TOI-431,83.2692,-26.7239,32.569,3.29,9.9,12.461,2021,Transit,4850,0.731,
L 98-59 e,L 98-59,124.533,-68.3145,10.619,1.49,2.82,12.8278,2021,Radial Velocity,3415,0.316,M3 V
HD 63935 b,HD 63935,117.925,9.38524,48.974,2.916,10.5,9.05881,2021,Transit,5513,0.96,
HD 63935 c,HD 63935,117.925,9.38524,48.974,3.065,11.1,21.4027,2021,Radial Velocity,5513,0.96,
GJ 367 b,GJ 367,146.121,-45.779,9.413,0.736,0.503,0.32192,2021,Transit,3535,0.457,M V
TOI-2109 b,TOI-2109,253.186,16.5799,262.041,15.098,1595.5,0.67247,2021,Transit,6540,1.698,F
HATS-75 b,HATS-75,60.9494,-25.4089,194.964,9.909,156.054,2.78866,2021,Transit,3790,0.585,
LTT 1445 A c,LTT 1445 A,45.4625,-16.5945,6.869,1.147,1.54,3.1239,2022,Transit,3340,0.265,M3.0
TOI-500 b,TOI-500,106.559,-47.5878,47.392,1.166,1.42,0.54818,2022,Transit,4440,0.678,K6 V
TOI-1075 b,TOI-1075,309.971,-65.4497,61.459,1.791,9.95,0.60473,2022,Transit,3875,0.581,K9 V/M0 V
TOI-1442 b,TOI-1442,287.292,74.1743,41.166,1.17,1.71,0.40907,2022,Transit,3330,0.31,
TOI-2260 b,TOI-2260,247.667,49.0468,101.251,1.62,3.26,0.35247,2022,Transit,5534,0.94,G V
TOI-2445 b,TOI-2445,43.3162,0.05234,48.582,1.25,2.1,0.37113,2022,Transit,3333,0.27,
GJ 3929 b,GJ 3929,239.578,35.4081,15.809,1.09,1.75,2.61624,2022,Transit,3384,0.32,M3.5 V
WASP-189 b,WASP-189,225.687,-3.03149,99.731,18.147,632.479,2.72403,2020,Transit,8000,2.36,
TOI-1670 b,TOI-1670,259.017,72.1612,168.067,2.06,41.318,10.9846,2022,Transit,6170,1.316,F7 V
TOI-1670 c,TOI-1670,259.017,72.1612,168.067,11.063,200.232,40.7498,2022,Transit,6170,1.316,F7 V
TOI-500 c,TOI-500,106.559,-47.5878,47.392,2.09,5.03,6.6356,2022,Radial Velocity,4440,0.678,K6 V
TOI-500 d,TOI-500,106.559,-47.5878,47.392,6.35,33.12,26.233,2022,Radial Velocity,4440,0.678,K6 V
TOI-500 e,TOI-500,106.559,-47.5878,47.392,3.99,15.05,61.3,2022,Radial Velocity,4440,0.678,K6 V
HD 260655 b,HD 260655,99.2915,17.5663,10.005,1.24,2.14,2.76953,2022,Transit,3803,0.439,M0 V
HD 260655 c,HD 260655,99.2915,17.5663,10.005,1.533,3.09,5.70588,2022,Transit,3803,0.439,M0 V
TOI-3714 b,TOI-3714,69.5523,39.458,112.71,11.321,222.48,2.15485,2022,Transit,3660,0.51,M2
GJ 3929 c,GJ 3929,239.578,35.4081,15.809,2.26,5.71,15.04,2022,Radial Velocity,3384,0.32,M3.5 V
GJ 3090 b,GJ 3090,20.4384,-46.7147,22.475,2.18,4.52,2.8531,2022,Transit,3707,0.516,M2 V
TOI-181 b,TOI-181,352.173,-34.4914,96.234,6.956,46.169,4.532,2023,Transit,4994,0.745,K
TOI-199 b,TOI-199,80.1059,-59.8954,102.27,9.079,54.031,104.854,2023,Transit,5255,0.82,G9 V
TOI-700 e,TOI-700,97.0957,-65.5786,31.127,0.953,0.818,27.8098,2023,Transit,3459,0.421,M2.5 V
TOI-771 b,TOI-771,164.114,-72.9852,25.279,1.36,2.47,2.32602,2024,Transit,3370,0.232,M3
TOI-836.01,TOI-836,225.08,-24.4542,27.502,2.587,9.6,8.59545,2021,Transit,4552,0.665,K V
TOI-836 b,TOI-836,225.08,-24.4542,27.502,1.704,4.53,3.81673,2023,Transit,4552,0.665,K V
LHS 475 b,LHS 475,290.238,-82.5598,12.481,0.991,0.941,2.02909,2023,Transit,3300,0.279,M3.5 V
TOI-1136 d,TOI-1136,192.185,64.8553,84.536,4.627,8.35,12.5199,2022,Transit,5770,0.968,
TOI-1136 c,TOI-1136,192.185,64.8553,84.536,2.879,6.32,6.2574,2022,Transit,5770,0.968,
TOI-1136 f,TOI-1136,192.185,64.8553,84.536,3.736,9.7,26.321,2022,Transit,5770,0.968,
TOI-1136 e,TOI-1136,192.185,64.8553,84.536,2.639,6.07,18.801,2022,Transit,5770,0.968,
TOI-1173 b,TOI-1173,197.683,70.768,132.353,8.777,28.287,7.0644,2024,Transit,5350,0.934,G9
TOI-1416 b,TOI-1416,216.923,41.953,55.014,1.62,3.48,1.06976,2023,Transit,4884,0.793,G9 V
TOI-1420 b,TOI-1420,322.942,66.349,201.918,11.89,25.1,6.95611,2023,Transit,5510,0.923,
TOI-1468 c,TOI-1468,16.6539,19.2249,24.74,2.126,4.1,15.5325,2022,Transit,3376,0.371,M3.0 V
TOI-1468 b,TOI-1468,16.6539,19.2249,24.74,1.401,3.04,1.88052,2022,Transit,3376,0.371,M3.0 V
HIP 9618 b,HIP 9618,30.905,21.2813,67.548,3.828,8.3,20.7729,2023,Transit,5649,0.959,
HIP 9618 c,HIP 9618,30.905,21.2813,67.548,3.429,7,52.5636,2023,Transit,5649,0.959,
TOI-1801 b,TOI-1801,175.576,23.027,30.68,2.079,5.738,10.6439,2023,Transit,3863,0.547,M0.5+/-0.5 V
TOI-1823 b,TOI-1823,196.22,63.7533,71.646,7.541,67.4,38.8,2024,Transit,4927,0.805,
TOI-2031 A b,TOI-2031 A,331.118,81.566,276.105,14.202,254.263,5.71549,2025,Transit,6490,1.241,
TOI-2134 b,TOI-2134,271.935,39.0729,22.62,2.735,9.37,9.2292,2023,Transit,4580,0.709,K5 V
TOI-2134 c,TOI-2134,271.935,39.0729,22.62,7.35,58.3,95.8528,2023,Transit,4580,0.709,K5 V
TOI-2374 b,TOI-2374,319.498,-22.0498,134.655,7.488,61.659,4.31362,2024,Transit,5002,0.711,
TOI-2431 b,TOI-2431,37.7653,8.38163,36.056,1.534,6.2,0.2242,2026,Transit,4109,0.651,K7 V
TOI-3235 b,TOI-3235,207.474,-46.0665,72.811,11.4,211.356,2.59262,2023,Transit,3389,0.37,M V
TOI-3757 b,TOI-3757,91.0036,55.02,181.139,12,85.3,3.43875,2022,Transit,3913,0.62,M0 V
TOI-3884 b,TOI-3884,181.572,12.507,43.145,6.43,32.59,4.54458,2022,Transit,3180,0.302,M4
TOI-3984 A b,TOI-3984 A,226.337,36.787,108.883,7.9,44,4.35333,2023,Transit,3476,0.47,M4+/-0.5
TOI-4010 c,TOI-4010,20.2148,66.0722,177.504,5.93,20.31,5.41465,2023,Transit,4960,0.83,K V
TOI-4010 d,TOI-4010,20.2148,66.0722,177.504,6.18,38.15,14.7089,2023,Transit,4960,0.83,K V
TOI-4010 b,TOI-4010,20.2148,66.0722,177.504,3.02,11,1.34834,2023,Transit,4960,0.83,K V
LP 890-9 b,LP 890-9,64.1309,-28.3158,32.43,1.32,13.2,2.7299,2022,Transit,2850,0.156,M6 V
TOI-4336 A b,TOI-4336 A,206.107,-40.3374,22.546,2.137,3.33,16.3363,2024,Transit,3307,0.326,M3.5 V
HD 20329 b,HD 20329,49.1781,15.6563,63.68,1.72,7.42,0.92612,2022,Transit,5596,1.13,
Kepler-167 e,Kepler-167,292.659,38.3456,341.908,10.16,321.007,1071.23,2016,Transit,4884,0.749,K4
TOI-5205 b,TOI-5205,313.771,24.361,86.449,11.6,343,1.63076,2023,Transit,3430,0.394,M4.0
Kepler-167 c,Kepler-167,292.659,38.3456,341.908,1.674,3.44,7.40611,2014,Transit,4884,0.749,K4
TOI-5293 A b,TOI-5293 A,355.829,-2.04509,162.229,11.9,170.4,2.93029,2023,Transit,3586,0.52,M3+/-1
KOI-94 d,KOI-94,297.333,41.8911,477.052,11.27,106,22.343,2013,Transit,6182,1.52,
LP 890-9 c,LP 890-9,64.1309,-28.3158,32.43,1.367,25.3,8.45746,2022,Transit,2850,0.156,M6 V
HD 3167 e,HD 3167,8.74015,4.38072,47.29,3.97,14.9,91.9,2022,Radial Velocity,5338,0.871,K0 V
TOI-1136 b,TOI-1136,192.185,64.8553,84.536,1.9,3.5,4.1727,2022,Transit,5770,0.968,
TOI-1136 g,TOI-1136,192.185,64.8553,84.536,2.53,5.6,39.545,2022,Transit,5770,0.968,
TOI-1338 c,TOI-1338 A,92.1331,-59.541,399.017,10.3,75.4,215.79,2023,Radial Velocity,5723,1.313,F8
WASP-84 c,WASP-84,131.107,1.85989,100.588,1.95,15.2,1.44688,2023,Transit,5280,0.768,K0
TOI-6109 c,TOI-6109,50.1319,42.607,151.738,4.833,20.8,8.53888,2025,Transit,5660,1.021,G3
TOI-6255 b,TOI-6255,331.503,39.2988,20.317,1.079,1.44,0.23818,2024,Transit,3421,0.37,
WASP-193 b,WASP-193,164.349,-29.9971,362.087,14.785,35.597,6.24635,2023,Transit,6080,1.213,F9
LP 791-18 d,LP 791-18,165.69,-16.4064,26.493,1.032,0.91,2.75485,2023,Transit,2960,0.182,M(6.1 +/- 0.7) V
TOI-6324 b,TOI-6324,330.845,67.4987,20.549,1.059,1.17,0.27922,2025,Transit,3247,0.293,
HD 207496 b,HD 207496,328.718,-77.3388,23.606,2.25,6.1,6.44101,2023,Transit,4819,0.769,K2.5 V
TOI-4010 e,TOI-4010,20.2148,66.0722,177.504,13.3,692,762,2023,Radial Velocity,4960,0.83,K V
GJ 367 c,GJ 367,146.121,-45.779,9.413,1.86,4.13,11.5301,2023,Radial Velocity,3522,0.458,M1.0 V
GJ 367 d,GJ 367,146.121,-45.779,9.413,2.33,6.03,34.369,2023,Radial Velocity,3522,0.458,M1.0 V
TOI-6109 b,TOI-6109,50.1319,42.607,151.738,4.87,21.1,5.69048,2025,Transit,5660,1.021,G3
TOI-199 c,TOI-199,80.1059,-59.8954,102.27,11.4,88.992,273.69,2023,Transit Timing Variations,5255,0.82,G9 V
HD 73267 c,HD 73267,129.074,-34.4594,50.409,12.8,1630.78,17071.8,2022,Radial Velocity,5387,0.909,K0 V
Kepler-580 b,Kepler-580,283.5,40.5528,323.899,2.57,7.13,8.22242,2016,Transit,4298,0.64,
KOI-12 b,KOI-12,297.454,41.011,399.398,13.787,349.613,17.8552,2015,Transit,6635,1.4,
Kepler-637 b,Kepler-637,292.417,41.4168,786.091,4.75,20.2,23.2059,2016,Transit,6096,2.56,
HD 29985 b,HD 29985,70.5217,-33.9211,31.271,12.8,1739.47,20608.1,2022,Radial Velocity,4678,0.575,
HD 165155 b,HD 165155,271.489,-29.9172,63.357,13.2,918.529,434.5,2016,Radial Velocity,5426,0.95,G8 V
HD 22946 d,HD 22946,54.8195,-42.763,62.779,2.607,26.57,47.4249,2023,Transit,6169,1.117,F7/F8V
Kepler-1697 b,Kepler-1697,287.663,43.4714,247.771,1.26,2.12,33.4969,2020,Transit,4682,0.772,
Kepler-674 b,Kepler-674,285.176,50.1497,342.254,1.69,3.5,2.24338,2016,Transit,4192,0.57,
Kepler-873 b,Kepler-873,296.403,51.2713,1182.22,3.75,13.5,20.5534,2016,Transit,6163,1.27,
Kepler-783 b,Kepler-783,291.063,47.4848,516.09,0.78,0.399,4.29265,2016,Transit,5521,0.89,
HD 31527 c,HD 31527,73.9096,-23.2413,38.447,3.85,14.16,51.2053,2019,Radial Velocity,5898,1.074,G2 V
Kepler-1955 b,Kepler-1955,299.535,40.4778,449.351,1.167,1.69,14.2652,2021,Transit,5825,1.291,
Kepler-1684 b,Kepler-1684,294.005,46.3107,621.996,2.871,8.6,47.7055,2020,Transit,4707,0.667,
Kepler-51 b,Kepler-51,296.48,49.9376,783.831,7.1,2.1,45.154,2012,Transit,6018,0.94,
Kepler-167 b,Kepler-167,292.659,38.3456,341.908,1.718,3.6,4.39315,2014,Transit,4884,0.749,K4
KOI-94 c,KOI-94,297.333,41.8911,477.052,4.32,15.6,10.4237,2013,Transit,6182,1.52,
KOI-94 e,KOI-94,297.333,41.8911,477.052,6.56,35,54.3203,2013,Transit,6182,1.52,
PH2 b,PH2,289.764,51.9627,343.863,9.337,87.085,282.525,2013,Transit,5734,0.949,G3
K2-33 b,K2-33,242.561,-19.3194,139.268,5.04,1175.97,5.42486,2016,Transit,3540,1.05,M3.3
HAT-P-11 b,HAT-P-11,297.71,48.0819,37.765,4.36,25,4.888,2010,Transit,4653,0.683,K4
Kepler-322 c,Kepler-322,281.349,44.2953,400.48,1.67,3.43,4.33723,2014,Transit,5388,0.89,
Qatar-5 b,Qatar-5,7.05394,42.0613,367.658,12.408,1373.03,2.87923,2017,Transit,5747,1.076,G2 V
Kepler-399 c,Kepler-399,299.502,40.6708,740.537,1.43,2.63,26.6757,2014,Transit,5502,0.68,
DMPP-2 c,DMPP-2,27.4077,-34.4591,137.94,8.26,51.79,3.168,2026,Radial Velocity,6500,1.78,F5 V
TOI-1062 b,TOI-1062,38.121,-78.0237,82.173,2.265,10.15,4.11296,2021,Transit,5328,0.84,G9 V
Kepler-546 b,Kepler-546,283.258,40.9904,1019.65,7,39.1,4.14702,2016,Transit,5967,1.15,
Kepler-682 b,Kepler-682,289.112,51.7374,1979.25,7.37,42.6,12.6119,2016,Transit,5559,0.89,
TOI-220 b,TOI-220,91.7997,-61.9972,90.74,3.03,13.8,10.6953,2021,Transit,5298,0.858,K0 V
TOI-5624 f,TOI-5624,180.844,49.2512,101.913,3.66,13,45.37,2026,Transit Timing Variations,5327,0.82,
Kepler-242 b,Kepler-242,286.566,41.8084,600.241,2.61,7.32,8.20395,2014,Transit,5020,0.85,
Kepler-258 b,Kepler-258,294.068,46.5791,575.988,4.06,15.5,13.1972,2014,Transit,4942,0.915,
TOI-4898 b,TOI-4898,197.342,-32.8295,98.596,3.72,13.4,2.7652,2026,Transit,4202,0.639,
Kepler-1292 b,Kepler-1292,284.906,43.9491,1493.43,1.82,3.97,3.27646,2016,Transit,5556,0.93,
HD 128717 b,HD 128717,219.088,57.5609,73.636,12.1,6293,3420,2025,Astrometry,6210,1.248,
TOI-3278 b,TOI-3278,291.867,-62.0949,904.752,13.899,95.349,3.24646,2026,Transit,5720,1.39,G2-G4 V
Kepler-103 b,Kepler-103,288.985,40.0645,494.832,3.486,11.67,15.9653,2014,Transit,6047,1.492,G2
TOI-4492 b,TOI-4492,308.651,29.2381,143.184,11.781,1881.54,4.43318,2026,Transit,5711,1.222,G2 V
pi Men d,HD 39091,84.2993,-80.4646,18.27,3.72,13.38,124.64,2022,Radial Velocity,5998,1.19,G0 V
Kepler-1058 b,Kepler-1058,294.596,45.8751,491.997,2.72,7.85,110.965,2016,Transit,4644,0.69,
Kepler-160 b,Kepler-160,287.774,42.8693,937.013,1.715,3.59,4.3094,2014,Transit,5471,1.118,
Kepler-1365 b,Kepler-1365,292.2,42.046,840.128,0.92,0.721,7.69993,2016,Transit,5770,1.05,
Kepler-346 c,Kepler-346,288.012,46.1176,984.105,3.07,9.64,23.8515,2014,Transit,6033,1.021,
Kepler-1489 b,Kepler-1489,281.296,44.4654,1283.05,1.77,3.78,82.2947,2016,Transit,5655,0.9,G
Kepler-1126 b,Kepler-1126,285.692,45.6894,635.736,1.73,3.64,108.593,2016,Transit,5798,0.93,
Kepler-1914 b,Kepler-1914,291.431,38.6544,1621.56,2.943,8.97,30.8279,2021,Transit,5982,0.96,
HATS-43 b,HATS-43,80.5382,-30.9708,362.273,13.227,82.954,4.38885,2018,Transit,5099,0.812,
Kepler-685 b,Kepler-685,293.872,38.4229,938.715,10.58,78.8,1.62552,2016,Transit,5963,1.16,
Kepler-1303 b,Kepler-1303,284.287,42.3556,897.783,1.42,2.6,7.56127,2016,Transit,5771,1,
Kepler-1016 b,Kepler-1016,294.614,45.9846,1402.82,2.18,5.39,1.95452,2016,Transit,5821,1,
HIP 54373 c,HIP 54373,166.864,-19.2917,18.717,3.57,12.44,15.144,2019,Radial Velocity,4021,0.565,K5 V
L 363-38 b,L 363-38,10.8555,-41.2953,10.229,2,4.67,8.781,2023,Radial Velocity,3129,0.274,
K2-396 c,K2-396,74.6929,17.2691,274.864,3.124,9.93,25.7605,2022,Transit,5236,0.92,G9
TOI-1107 b,TOI-1107,155.608,-82.2189,281.314,14.572,1064.72,4.07824,2022,Transit,6311,1.81,F6 V
KOI-319 c,KOI-319,290.118,44.873,660.138,11.9,8803.85,80.099,2014,Transit Timing Variations,5880,2.064,
Kepler-1992 b,Kepler-1992,295.09,45.0811,532.955,0.91,0.693,15.6112,2023,Transit,5383,0.842,
Kepler-134 b,Kepler-134,284.739,49.5984,334.797,2,4.66,5.31743,2014,Transit,5983,1.176,
TOI-912 b,TOI-912,229.329,-80.4733,26.107,1.93,5.1,4.67807,2025,Transit,3572,0.419,M3
TOI-913 b,TOI-913,234.572,-80.8034,65.177,2.453,6.59,11.0986,2023,Transit,4969,0.733,
TOI-1105 b,TOI-1105,146.054,-89.4715,79.522,3.058,9.58,10.8682,2026,Transit,4678,0.756,
Kepler-559 b,Kepler-559,296.637,43.8028,776.708,3.61,12.7,17.5875,2016,Transit,5630,0.95,
WASP-34 b,WASP-34,165.399,-23.8609,132.096,11.209,177.985,4.31768,2010,Transit,5700,0.91,
Kepler-1426 b,Kepler-1426,292.546,49.4169,1697.81,1.56,3.05,14.2563,2016,Transit,5831,1.02,
OGLE-2014-BLG-0676L b,OGLE-2014-BLG-0676L,268.102,-30.5484,1880,13.1,988.446,,2016,Microlensing,,,
Kepler-156 b,Kepler-156,290.296,37.7494,443.483,2.3,5.9,4.97346,2014,Transit,5094,0.807,
HATS-64 b,HATS-64,144.288,-29.8004,1080.15,18.82,305.117,4.9089,2018,Transit,6554,2.113,
Kepler-610 b,Kepler-610,293.171,45.0656,845.824,4.19,16.3,6.99693,2016,Transit,5943,1.13,
TOI-2322 c,TOI-2322,116.973,-71.002,59.861,1.874,18.1,20.2255,2025,Transit,4664,0.662,K4
TOI-2322 b,TOI-2322,116.973,-71.002,59.861,0.994,2.31,11.3072,2025,Transit,4664,0.662,K4
Kepler-524 c,Kepler-524,296.859,49.162,1058.24,0.96,0.84,1.88898,2016,Transit,6014,1.1,
Kepler-398 c,Kepler-398,291.469,40.3437,177.355,1.01,1.01,11.4194,2014,Transit,4493,0.613,
Kepler-1916 b,Kepler-1916,293.071,48.3877,2055.82,2.618,7.35,31.2543,2021,Transit,6246,1.092,
TIC 320419023 b,TIC 320419023,118.073,11.8242,288.893,2.773,8.11,5.26376,2026,Transit,5703,0.952,
HD 108236 f,HD 108236,186.574,-51.3631,64.598,2.017,4.72,29.5411,2021,Transit,5660,0.877,G3 V
Kepler-1617 b,Kepler-1617,287.937,46.4185,898.31,1.2,1.87,27.4786,2016,Transit,6167,1.22,
HD 206893 c,HD 206893,326.342,-12.7834,40.758,16.365,3527.89,2290,2022,Imaging,6500,1.311,F5 V
TOI-4527.01,TOI-4527,19.4723,5.4712,18.104,0.909,0.689,0.39944,2024,Transit,3702,0.486,M2V:
K2-255 b,K2-255,189.913,-3.37056,191.608,2.9,8.75,1.96417,2018,Transit,4676,0.69,
Kepler-1678 b,Kepler-1678,292.592,38.3996,847.339,3.304,10.9,147.974,2020,Transit,5754,0.835,
HD 224018 b,HD 224018,358.639,-4.72334,105.48,0.91,4.1,10.6413,2025,Radial Velocity,5784,1.147,G V
Kepler-1334 b,Kepler-1334,289.312,51.3209,1223.04,2.29,5.86,15.6459,2016,Transit,5614,0.91,
Kepler-480 b,Kepler-480,294.464,49.7651,847.508,2.78,8.15,4.91958,2016,Transit,6322,1.34,
Kepler-1382 b,Kepler-1382,295.377,39.048,738.261,1.88,4.19,16.3583,2016,Transit,6161,1.72,
TOI-2068 b,TOI-2068,186.274,60.4183,52.933,1.821,3.97,7.76891,2024,Transit,3710,0.535,
Kepler-1030 b,Kepler-1030,293.682,45.8175,758.702,2.48,6.71,19.3295,2016,Transit,4983,0.76,
HD 153950 b,HD 153950,256.129,-43.3104,48.455,13.2,937.598,499.4,2008,Radial Velocity,6124,1.28,F8 V
CoRoT-11 b,CoRoT-11,280.687,5.93766,655.037,16.03,740.51,2.99433,2010,Transit,6440,1.37,F6 V
HAT-P-46 b,HAT-P-46,270.444,-2.97098,290.736,14.392,156.684,4.46313,2014,Transit,6120,1.396,
Kepler-419 c,Kepler-419,295.418,51.1848,1011.36,12.6,2320.1,675.47,2014,Transit Timing Variations,6430,1.74,F
TOI-2285 b,TOI-2285,332.563,58.7061,42.409,1.77,19.5,13.6351,2021,Transit,3491,0.464,
TOI-1759 b,TOI-1759,326.852,62.7538,40.065,3.14,10.8,18.8502,2022,Transit,4065,0.597,M0.0 V
TOI-2081 b,TOI-2081,264.302,53.0256,62.345,2.04,4.82,10.5053,2022,Transit,3800,0.534,M1.0
TOI-1422 b,TOI-1422,354.241,39.6393,155.141,3.83,9.5,12.9989,2022,Transit,5840,1.019,G2 V
TOI-286 b,TOI-286,90.9843,-60.6663,59.229,1.42,4.53,4.51172,2024,Transit,5152,0.78,K3 V
TOI-286 c,TOI-286,90.9843,-60.6663,59.229,1.88,3.72,39.3618,2024,Transit,5152,0.78,K3 V
TOI-1806.01,TOI-1806,166.118,30.4586,55.521,3.41,11.5,15.1455,2024,Transit,3272,0.402,
TOI-1836 b,TOI-1836,245.908,54.6901,191.649,8.003,38.457,20.3808,2024,Transit,6380,1.577,
TOI-1836 c,TOI-1836,245.908,54.6901,191.649,2.6,8,1.77275,2024,Transit,6237,1.645,
TOI-2095 b,TOI-2095,285.637,75.4185,41.918,1.25,4.1,17.6648,2023,Transit,3759,0.44,M2.5 V
TOI-2095 c,TOI-2095,285.637,75.4185,41.918,1.33,7.4,28.1723,2023,Transit,3759,0.44,M2.5 V
TOI-2154 b,TOI-2154,71.0281,84.3643,296.46,16.287,292.402,3.82408,2023,Transit,6280,1.396,
Kepler-419 b,Kepler-419,295.418,51.1848,1011.36,10.8,794.5,69.7546,2014,Transit,6430,1.74,F
TOI-4153 b,TOI-4153,335.393,82.2161,423.84,16.119,365.503,4.61741,2024,Transit,6860,1.605,
TOI-4443.01,TOI-4443,274.269,21.9095,56.074,1.719,3.6,1.84986,2024,Transit,5834,1.017,
TOI-1422 c,TOI-1422,354.241,39.6393,155.141,2.61,14,34.5633,2025,Radial Velocity,5840,1.019,G2 V
Kepler-1515 b,Kepler-1515,290.974,48.1782,539.321,9.55,66.2,214.311,2016,Transit,6511,1.41,
K2-136 b,K2-136,67.4129,22.8826,59.247,1.014,4.3,7.97525,2017,Transit,4500,0.677,K5.5
HAT-P-52 b,HAT-P-52,42.7217,29.0222,361.155,11.31,259.985,2.7536,2015,Transit,5131,0.893,K1
TOI-4747 b,TOI-4747,86.4277,-45.0292,304.615,3.958,14.8,5.21924,2026,Transit,5595,0.989,
Kepler-891 b,Kepler-891,291.084,40.3552,2340.58,6.41,33.6,53.4495,2016,Transit,5887,1.07,
Kepler-1159 b,Kepler-1159,294.266,45.2042,1213.71,2.37,6.21,22.7082,2016,Transit,6217,1.28,
HATS-18 b,HATS-18,173.957,-29.1561,624.368,14.897,629.144,0.83784,2016,Transit,5600,1.02,G V
GJ 676 A e,GJ 676 A,262.545,-51.6378,16.027,2.47,6.674,35.4736,2012,Radial Velocity,3734,0.69,M0
Kepler-48 c,Kepler-48,299.139,40.9489,306.738,2.71,14.61,9.67395,2012,Transit,5194,0.89,
Kepler-889 b,Kepler-889,291.467,50.7596,598.313,1.09,1.32,3.74444,2016,Transit,5961,1.25,
HR 2562 b,HR 2562,102.504,-60.2487,34.007,12.442,6992.23,,2016,Imaging,6597,1.334,F5 V
Kepler-1804 b,Kepler-1804,301.343,44.6722,434.456,1.596,3.18,12.2885,2021,Transit,5109,1.671,
Kepler-1188 b,Kepler-1188,283.104,43.148,1717.48,2.08,4.98,17.1369,2016,Transit,5913,1.06,
HD 21411 b,HD 21411,51.5474,-30.6168,29.133,9.52,65.9,84.288,2019,Radial Velocity,5605,0.826,G8 V
Kepler-1281 b,Kepler-1281,295.354,48.5154,1090,1.64,3.33,3.11603,2016,Transit,5353,0.83,
Kepler-128 b,Kepler-128,282.492,43.9802,396.379,1.421,3.79,15,2013,Transit,6072,1.659,
Kepler-1693 b,Kepler-1693,290.202,48.1858,760.065,1.289,2.21,12.0999,2020,Transit,5432,0.878,
Kepler-104 b,Kepler-104,287.605,42.1665,400.785,3.1,19.6,11.4276,2014,Transit,5711,1.349,
Kepler-1849 b,Kepler-1849,285.292,41.2557,631.884,2.387,6.29,57.2929,2021,Transit,4806,0.729,
Kepler-1036 b,Kepler-1036,295.182,49.9458,489.435,3.01,9.32,122.881,2016,Transit,5533,0.89,
2MASS J22362452+4751425 b,2MASS J22362452+4751425,339.103,47.8617,69.574,12.3,3972.88,,2016,Imaging,4045,0.641,K7 V
Kepler-1191 b,Kepler-1191,291.658,48.0093,955.536,1.51,2.89,5.60015,2016,Transit,5308,0.81,
Kepler-511 c,Kepler-511,282.946,47.5749,651.999,4.21,16.5,26.6295,2021,Transit,5866,1.417,
XO-5 b,XO-5,116.716,39.0945,276.211,12.78,378.2,4.18776,2008,Transit,5430,1.13,G8 V
Kepler-1825 b,Kepler-1825,292.514,42.6518,430.254,1.422,2.61,1.02587,2021,Transit,5123,0.847,
Kepler-1074 b,Kepler-1074,284.477,46.2527,250.817,1.25,2.1,5.94567,2016,Transit,4002,0.57,
pi Men c,HD 39091,84.2993,-80.4646,18.27,2.019,3.63,6.26784,2018,Transit,5998,1.17,G0 V
TIC 183374187 b,TIC 183374187,357.616,-41.4124,1208.75,14.034,177.984,5.05907,2026,Transit,5768,1.344,
GJ 1061 d,GJ 1061,54.0033,-44.5143,3.673,1.16,1.67,13.066,2020,Radial Velocity,2953,0.156,M5.5 V
Kepler-1987 d,Kepler-1987,295.825,42.9434,595.683,2.66,7.56,5.64491,2023,Transit,4769,0.714,
Kepler-245 b,Kepler-245,291.639,42.4363,861.527,2.57,146.78,7.49019,2014,Transit,5100,0.795,
Kepler-131 c,Kepler-131,288.531,40.9424,228.678,0.84,8.25,25.5169,2014,Transit,5685,1.03,
Kepler-144 c,Kepler-144,281.916,42.7756,384.917,1.35,2.39,10.1047,2014,Transit,6075,1.235,
HD 93385 c,HD 93385,161.563,-41.4646,43.347,2.56,7.1,13.18,2021,Radial Velocity,5977,1.185,G2/G3 V
Kepler-431 c,Kepler-431,281.112,43.2278,486.546,0.668,0.229,8.703,2015,Transit,6004,1.092,
HD 106270 b,HD 106270,183.405,-9.51356,93.808,12.4,3623.24,1888,2011,Radial Velocity,5509,2.66,G5 IV
TOI-5720 b,TOI-5720,170.314,25.2733,35.826,1.09,4.3,1.43446,2024,Transit,3325,0.383,M3.5 +/- 1.0
Kepler-203 d,Kepler-203,297.09,41.3881,703.302,1.44,33.9,11.3297,2014,Transit,5821,1.114,
Kepler-230 c,Kepler-230,285.719,48.5058,740.754,2.04,4.82,91.7732,2014,Transit,5588,0.817,
Kepler-1091 b,Kepler-1091,299.785,43.6707,914.299,1.46,2.73,1.43474,2016,Transit,5851,1.03,
Kepler-1129 b,Kepler-1129,291.604,41.3093,1183.88,2.96,9.06,24.3398,2016,Transit,5831,1,
Kepler-472 b,Kepler-472,296.525,39.2499,306.602,3.22,10.5,4.17626,2016,Transit,4996,0.78,
Kepler-1275 b,Kepler-1275,293.5,44.9325,1153.98,1.48,2.79,3.65691,2016,Transit,6296,1.36,
Kepler-1690 b,Kepler-1690,288.157,41.8779,703.789,2.811,8.3,234.636,2020,Transit,5404,0.862,
HD 75898 c,HD 75898,133.461,33.0567,78.05,12.6,2698.36,6717,2024,Radial Velocity,6122,1.55,F8 V
K2-386 b,K2-386,18.3,7.01303,428.785,2.32,5.99,7.47322,2022,Transit,5749,0.97,
TOI-7510 c,TOI-7510,273.728,-54.434,249.006,10.81,131,22.5687,2025,Transit,5720,1.035,G3
Kepler-718 b,Kepler-718,299.562,43.5035,1302.33,16.56,,2.05235,2016,Transit,6191,1.3,
Kepler-1342 b,Kepler-1342,297.02,43.4325,890.724,1.66,3.39,2.21571,2016,Transit,5527,0.9,
WASP-174 b,WASP-174,195.794,-41.3849,410.149,16.107,104.883,4.2337,2018,Transit,6399,1.347,F6 V
Kepler-1713 b,Kepler-1713,287.346,43.3784,295.293,1.717,3.59,18.0116,2021,Transit,6477,1.459,
Kepler-1121 b,Kepler-1121,297.787,47.8862,482.047,1.91,4.31,13.1514,2016,Transit,6231,1.59,
Kepler-197 c,Kepler-197,295.226,50.5592,330.575,1.23,5.3,10.3497,2014,Transit,6004,1.12,
TOI-1294 b,TOI-1294,223.093,70.4766,332.648,10.124,63.9,3.91529,2024,Transit,5718,1.557,
Kepler-1195 b,Kepler-1195,284.351,40.8529,918.566,2.08,4.98,8.49642,2016,Transit,4965,0.71,
GJ 328 b,GJ 328,133.782,1.542,20.527,13.3,797.749,3771,2013,Radial Velocity,3897,0.63,M0.0
EPIC 212737443 c,EPIC 212737443,204.222,-7.31806,336.25,2.69,7.7,65.55,2019,Transit,4684,0.673,K3
Kepler-1783 b,Kepler-1783,297.021,41.3772,264.078,1.319,2.3,8.27744,2021,Transit,5129,1.781,
HD 50499 c,HD 50499,103.008,-33.9153,46.285,13.2,931.242,8619.9,2019,Radial Velocity,6099,1.42,G1 V
Kepler-874 b,Kepler-874,294.957,43.0143,1082.16,3.94,14.7,40.0687,2016,Transit,6020,1.13,
Kepler-235 b,Kepler-235,286.079,39.2782,428.018,2.23,5.6,3.34022,2014,Transit,4255,0.554,M0 V
HD 98219 b,HD 98219,169.448,-23.9755,113.704,13.4,624.218,433.8,2011,Radial Velocity,4925,4.6,K0 III/IV
Kepler-625 b,Kepler-625,292.15,39.6375,760.708,1.99,4.62,7.75192,2016,Transit,5789,0.96,
Kepler-1178 b,Kepler-1178,288.456,45.8022,482.287,1.07,1.24,31.8063,2016,Transit,4990,0.75,
K2-407 b,K2-407,232.555,-23.0067,218.376,1.283,2.19,4.94191,2022,Transit,5563,0.927,G4
KOI-351 b,KOI-351,284.433,49.3051,848.254,1.31,2.27,7.00815,2013,Transit,6080,1.2,
WASP-151 b,WASP-151,349.063,0.30669,453.099,13.305,100.434,4.53348,2017,Transit,5871,1.181,G1
K2-289 b,K2-289,246.643,-15.7925,274.3,9.1,61,13.157,2019,Transit,5529,1.025,
GJ 1002 b,GJ 1002,1.67646,-7.54621,4.849,1.03,1.08,10.3465,2022,Radial Velocity,3024,0.137,M5.5 V
Kepler-1143 c,Kepler-1143,287.303,39.2896,555.189,3.6,12.6,210.631,2016,Transit,5053,0.77,
TOI-261.02,TOI-261,15.2181,-24.424,114.495,3.348,11.2,13.0394,2021,Transit,5890,1.314,
TOI-2587 A b,TOI-2587 A,115.932,-1.07333,373.675,12.072,69.287,5.45664,2023,Transit,5760,1.726,
Kepler-1154 b,Kepler-1154,297.477,39.8772,1460.1,2.34,6.08,5.18561,2016,Transit,6327,1.43,
Kepler-60 b,Kepler-60,288.961,42.2651,1025.1,1.71,4.19,7.1334,2012,Transit,5905,1.257,
Kepler-85 c,Kepler-85,290.973,45.2903,765.025,1.978,2.15,12.51,2012,Transit,5505,0.875,
Kepler-1780 b,Kepler-1780,294.084,42.8095,790.516,3.606,12.7,109.445,2021,Transit,5403,0.868,
Kepler-1818 b,Kepler-1818,284.328,40.5689,1034.59,1.714,3.58,4.64491,2021,Transit,6047,1.129,
TOI-871 b,TOI-871,74.7376,-50.6274,68.047,1.664,3.41,14.3626,2024,Transit,4929,0.719,
GJ 251 c,GJ 251,103.7,33.2665,5.581,1.8,3.88,53.647,2025,Radial Velocity,3342,0.36,M3.0 V
Kepler-1518 c,Kepler-1518,300.332,44.9861,903.51,2.9,8.75,9.63103,2023,Transit,6432,1.345,
Kepler-1718 b,Kepler-1718,292.235,42.9095,375.522,2.569,7.12,135.188,2021,Transit,5731,0.906,
TOI-4914 b,TOI-4914,204.543,-28.1429,299.89,12.87,227,10.6006,2024,Transit,5805,1,
USco1556 b,USco1556 A,239.104,-25.6891,140.635,12.3,4767.45,,2019,Imaging,3410,0.668,M3.0 V
Kepler-109 c,Kepler-109,290.393,40.2849,474.861,2.65,8.2,21.2227,2014,Transit,5950,1.387,
Kepler-101 c,Kepler-101,283.256,48.3552,927.981,1.25,3.78,6.02976,2014,Transit,5667,1.56,G3 IV
Kepler-1200 b,Kepler-1200,296.603,44.1292,588.715,1.06,1.2,1.11855,2016,Transit,4612,0.7,
NY Vir b,NY Vir,204.701,-2.03039,544.024,13.3,730.978,3160,2011,Eclipse Timing Variations,32780,0.151,
TOI-4137 b,TOI-4137,77.6129,70.3911,334.993,13.574,457.673,3.80161,2022,Transit,6202,1.438,
Kepler-1630 b,Kepler-1630,297.508,43.7111,331.213,2.19,5.43,509.997,2016,Transit,4736,0.63,
Kepler-475 b,Kepler-475,287.052,40.2114,280.069,2.49,6.76,3.10551,2016,Transit,5009,0.79,
Kepler-1978 b,Kepler-1978,286.007,38.0095,865.512,2.67,7.61,10.8497,2023,Transit,5251,0.778,
Kepler-1836 b,Kepler-1836,292.315,40.8388,1472.62,2.553,7.05,5.25417,2021,Transit,6123,0.987,
Kepler-887 c,Kepler-887,290.091,39.8169,886.588,1.13,1.51,7.63846,2016,Transit,6194,1.29,
Kepler-350 c,Kepler-350,285.42,39.7061,956.859,3.1,6.1,17.849,2013,Transit,6492,1.25,
Kepler-816 b,Kepler-816,293.363,39.2124,983.697,10.24,74.5,10.5068,2016,Transit,5286,0.85,
HD 51608 b,HD 51608,103.714,-55.26,35.055,3.62,12.77,14.0726,2019,Radial Velocity,5358,0.916,G7 V
HD 125390 b,HD 125390,214.539,38.9669,153.647,11.9,8646.2,1757.39,2019,Radial Velocity,4882,6.47,G7 III
Kepler-1947 b,Kepler-1947,296.104,42.3426,468.771,1.01,1.01,6.96363,2021,Transit,6040,1.686,
Kepler-81 d,Kepler-81,293.637,42.8248,348.291,1.21,1.92,20.8378,2014,Transit,4500,0.595,M0 V
Kepler-1827 b,Kepler-1827,292.253,40.7928,686.461,1.856,4.1,3.70062,2021,Transit,5423,1.404,
TOI-1768.01,TOI-1768,152.103,55.54,157.597,3.453,11.8,7.3377,2024,Transit,5994,1.1,
HIP 10090 c,HIP 10090,32.4351,-30.7471,82.394,13.9,270.154,321.82,2026,Radial Velocity,5661,1.383,K0
Kepler-855 b,Kepler-855,295.095,43.5376,1506.58,8.35,52.7,7.88663,2016,Transit,5835,1.03,
TOI-205 b,TOI-205,7.97546,-56.9651,177.759,2.501,6.81,4.25301,2026,Transit,6303,1.454,
Kepler-1886 b,Kepler-1886,296.265,39.406,1059.51,2.582,7.18,24.2758,2021,Transit,5745,0.837,
Kepler-279 c,Kepler-279,287.391,42.1948,1037.4,4.3,49.4,35.736,2013,Transit,6689,1.07,
K2-401 b,K2-401,154.988,3.95483,200.727,2.262,5.74,6.2931,2022,Transit,4213,0.675,K7
TOI-3807 b,TOI-3807,139.113,69.0741,421.745,18.495,330.542,2.89897,2023,Transit,5772,1.468,
Kepler-931 b,Kepler-931,297.133,42.7683,490,1.33,2.33,8.03756,2016,Transit,5241,0.81,
Kepler-106 e,Kepler-106,300.864,44.3376,444.322,2.56,11.17,43.8445,2014,Transit,5858,1.04,
GSC 06214-00210 b,GSC 06214-00210,245.478,-20.7193,108.5,20.176,5000,,2010,Imaging,4200,0.905,K7
HD 89839 b,HD 89839,155.169,-53.664,57.306,12.8,1748.06,3391.2,2023,Radial Velocity,6314,1.286,F7 V
Kepler-520 b,Kepler-520,293.18,41.6177,623.901,1.66,3.39,19.6742,2016,Transit,6112,1.09,
Kepler-19 b,Kepler-19,290.421,37.8517,218.562,2.209,6.1,9.28699,2011,Transit,5541,0.859,
Kepler-1102 b,Kepler-1102,281.323,48.0665,1246.05,2.66,7.56,51.3286,2016,Transit,5724,0.94,
Kepler-371 c,Kepler-371,292.326,38.6575,813.192,1.78,3.82,67.968,2014,Transit,5666,0.992,
K2-338 b,K2-338,124.361,17.0242,156.951,1.03,1.08,3.85061,2021,Transit,4558,0.63,
KELT-16 b,KELT-16,314.269,31.661,444.586,15.861,874.033,0.969,2017,Transit,6236,1.36,F7 V
Kepler-1681 b,Kepler-1681,296.697,46.3717,758.3,2.553,7.05,69.8956,2020,Transit,5756,0.759,
TOI-544 c,TOI-544,82.2901,-0.3429,41.117,4.92,21.5,50.089,2023,Radial Velocity,4169,0.623,
Kepler-251 d,Kepler-251,296.566,44.1058,924.625,2.77,8.1,30.133,2014,Transit,5526,0.89,
HD 180902 b,HD 180902,289.824,-23.5582,104.577,13.5,535.544,510.9,2009,Radial Velocity,4961,4.16,K0 III/IV
TOI-5624 e,TOI-5624,180.844,49.2512,101.913,3.247,8.9,21.4899,2026,Transit,5327,0.82,
KOINTREAU-1 b,XEST 17-036,68.3593,22.7581,158.618,12.4,3368.98,,2026,Imaging,3551,,M4
K2-414 c,K2-414,351.636,-4.60666,260.036,1.929,4.38,6.669,2022,Transit,4343,0.732,
Kepler-1154 c,Kepler-1154,297.477,39.8772,1460.1,2.36,6.17,8.45808,2016,Transit,6327,1.43,
Kepler-863 b,Kepler-863,297.664,43.249,1499.66,2.9,8.75,15.5946,2016,Transit,5678,0.95,
Kepler-278 c,Kepler-278,290.107,38.7023,443.03,3.268,34.9,51.111,2014,Transit,4965,2.861,K2 III-IV
GJ 180 d,GJ 180,73.4601,-17.7762,11.941,2.66,7.56,106.3,2020,Radial Velocity,3371,0.413,M3
K2-86 b,K2-86,51.5531,18.6356,258.699,1.96,4.5,8.77683,2016,Transit,5482,0.76,
HD 196050 b,HD 196050,309.464,-60.6348,50.674,12.9,1493.79,1392,2002,Radial Velocity,5879,1.42,G3 V
Kepler-564 b,Kepler-564,296.838,46.6264,863.037,4.63,19.4,3.75083,2016,Transit,5626,0.92,
Kepler-878 b,Kepler-878,285.296,46.6035,791.625,1.93,4.38,25.9422,2016,Transit,5044,0.77,
HD 120084 b,HD 120084,205.662,78.0646,103.044,12.7,2034.1,2142,2013,Radial Velocity,4879,10.37,G7 III
Kepler-247 d,Kepler-247,288.643,43.0394,663.711,4.5,50,20.4737,2014,Transit,5094,0.791,K
Kepler-46 c,Kepler-46,289.269,42.6042,777.06,13.5,119.499,57.011,2012,Transit Timing Variations,5155,0.938,K
KOI-142 c,KOI-142,291.148,40.6694,376.863,14,214.1,22.2649,2013,Transit Timing Variations,5466,0.897,G
WASP-126 b,WASP-126,63.3747,-69.2266,216.526,10.514,90.3,3.28883,2016,Transit,5800,1.27,G2
Kepler-411 e,Kepler-411,287.606,49.5234,153.676,3.28,10.8,31.5097,2018,Transit Timing Variations,4974,0.82,K2 V
Kepler-82 f,Kepler-82,292.873,42.9662,904.326,4.84,20.9,75.732,2019,Transit Timing Variations,5401,0.898,G
eps Ind A b,eps Ind A,330.871,-56.7969,3.639,12.7,2065.89,25450,2019,Radial Velocity,4700,0.713,K5 V
Kepler-88 d,KOI-142,291.148,40.6694,376.863,13.1,965.147,1403,2020,Radial Velocity,5466,0.897,G
TOI-1272 b,TOI-1272,199.196,49.8611,137.572,4.26,24.1,3.31598,2022,Transit,4985,0.8,K2 V - K3 V
Kepler-415 c,Kepler-415,293.805,38.639,530.487,2.01,4.7,8.708,2014,Transit,4362,0.643,
TOI-1694 b,TOI-1694,97.7487,66.3606,124.68,5.27,28.24,3.77014,2023,Transit,5005,0.812,K2 V - K3 V
TOI-1883 b,TOI-1883,134.089,-12.9306,115.369,5.65,13.7,4.508,2024,Transit,3554,0.506,M
TOI-2384 b,TOI-2384,36.1561,-65.0002,191.51,11.489,624.851,2.1357,2024,Transit,3943,0.611,
TOI-4409 b,TOI-4409,81.8187,-54.9461,179.419,7.44,14.938,92.4918,2026,Transit,4928,0.72,K
TOI-4562 b,TOI-4562,112.01,-63.5178,339.605,12.53,732,225.106,2023,Transit,6096,1.152,F7 V
Kepler-82 d,Kepler-82,292.873,42.9662,904.326,1.77,885.098,2.38296,2014,Transit,5428,0.945,G
TOI-5292 A b,TOI-5292 A,344.222,-8.11975,337.095,12.644,412.859,2.02191,2026,Transit,3919,0.611,M0&plusmn;0.5
Kepler-82 e,Kepler-82,292.873,42.9662,904.326,2.47,254.02,5.90221,2014,Transit,5428,0.945,G
Kepler-247 b,Kepler-247,288.643,43.0394,663.711,1.64,3.33,3.33616,2014,Transit,5100,0.768,K
TOI-5628 A b,TOI-5628 A,185.728,18.8367,110.03,8.295,28.605,4.34166,2026,Transit,3310,0.35,M3.0&plusmn1.0
Kepler-138 e,Kepler-138,290.381,43.2931,66.862,0.797,0.43,38.23,2022,Transit Timing Variations,3841,0.535,M1 V
TOI-1694 c,TOI-1694,97.7487,66.3606,124.68,13.8,316.557,386.25,2023,Radial Velocity,5005,0.812,K2 V - K3 V
HD 114082 b,HD 114082,197.317,-60.3084,95.391,11.725,508.525,225.55,2022,Transit,6610,1.482,F3 V
Kepler-416 b,Kepler-416,291.557,39.2273,690.819,2.48,58.2,6.319,2014,Transit,5718,1.075,
TIC 46432937 b,TIC 46432937,83.869,-14.5972,90.537,13.316,1017.05,1.44045,2024,Transit,3572,0.53,
TOI-4562 c,TOI-4562,112.01,-63.5178,339.605,12.8,1833.87,3990,2024,Transit Timing Variations,6096,1.152,F7 V
Kepler-338 b,Kepler-338,282.979,40.7844,552.798,2.44,30.6,13.727,2014,Transit,5923,1.735,
Kepler-725 c,Kepler-725,283.977,44.8116,758.469,3.08,9.7,207.541,2025,Transit Timing Variations,5395,0.88,G
KOI-134 c,KOI-134,295.587,45.3649,1159.21,9.86,69.922,33.95,2025,Transit Timing Variations,6160,1.667,F9V
DMPP-7 b,DMPP-7,203.528,0.49881,101.386,9.78,68.958,4.92666,2026,Radial Velocity,6096,1.49,G1 V
HD 125136 b,HD 125136,215.37,-72.3175,121.257,13.3,718.292,849.77,2026,Radial Velocity,4959,5.39,
HD 127195 b,HD 127195,217.871,-47.7293,84.717,14,212.945,534.5,2026,Radial Velocity,4981,4.16,
HD 127195 c,HD 127195,217.871,-47.7293,84.717,14.1,206.588,836.99,2026,Radial Velocity,4981,4.16,
Gaia23braL b,Gaia23braL,155.629,-63.2639,4330,13.5,518.06,,2026,Microlensing,5055,1.362,
KOI-884 e,Kepler-247,288.643,43.0394,663.711,9.54,66.054,31.1017,2014,Transit Timing Variations,5060,0.788,K
KMT-2025-BLG-0975L b,KMT-2025-BLG-0975L,267.574,-30.5875,7923,5.97,29.8,,2026,Microlensing,,,M
KMT-2025-BLG-1160L b,KMT-2025-BLG-1160L,268.86,-30.7249,6580,5.43,25.36,,2026,Microlensing,,,K
Kepler-37 d,Kepler-37,284.059,44.5184,63.921,2.03,2,39.7923,2013,Transit,5357,0.789,
Kepler-411 c,Kepler-411,287.606,49.5234,153.676,4.421,26.4,7.83444,2016,Transit,4974,0.82,K2 V
Kepler-122 b,Kepler-122,291.112,39.949,1027.45,2.34,6.08,5.76619,2014,Transit,6050,1.216,
Kepler-417 c,Kepler-417,293.824,42.7796,973.989,2.69,7.7,15.943,2014,Transit,5177,0.806,
Kepler-37 c,Kepler-37,284.059,44.5184,63.921,0.755,1.3,21.3019,2013,Transit,5357,0.789,
Kepler-37 b,Kepler-37,284.059,44.5184,63.921,0.31,0.79,13.367,2013,Transit,5357,0.789,
Kepler-37 e,Kepler-37,284.059,44.5184,63.921,0.37,8.1,51.196,2014,Transit,5288,0.772,
Kepler-138 b,Kepler-138,290.381,43.2931,66.862,0.64,0.07,10.3134,2014,Transit,3841,0.535,M1 V
Kepler-122 d,Kepler-122,291.112,39.949,1027.45,2.2,5.48,21.5875,2014,Transit,6050,1.216,
KOI-134 b,KOI-134,295.587,45.3649,1159.21,12.038,346.433,67.1277,2025,Transit,6160,1.667,F9V
Kepler-122 e,Kepler-122,291.112,39.949,1027.45,2.6,27.7,37.9933,2014,Transit,6050,1.216,
Kepler-138 c,Kepler-138,290.381,43.2931,66.862,1.51,2.3,13.7815,2014,Transit,3841,0.535,M1 V
Kepler-122 f,Kepler-122,291.112,39.949,1027.45,1.75,36,56.268,2014,Transit,5917,0.949,
Kepler-414 c,Kepler-414,297.962,48.2443,413.46,3.01,29.9,7.171,2014,Transit,5536,0.946,
Kepler-46 d,Kepler-46,289.269,42.6042,777.06,1.64,3.33,6.76659,2014,Transit,5309,0.79,K
Kepler-417 b,Kepler-417,293.824,42.7796,973.989,2.31,11,12.331,2014,Transit,5177,0.806,
Kepler-415 b,Kepler-415,293.805,38.639,530.487,1.21,119.9,4.176,2014,Transit,4362,0.643,
Kepler-414 b,Kepler-414,297.962,48.2443,413.46,1.71,3.5,4.7,2014,Transit,5536,0.946,
Kepler-411 b,Kepler-411,287.606,49.5234,153.676,2.401,25.6,3.00516,2013,Transit,4974,0.82,K2 V
Kepler-416 c,Kepler-416,291.557,39.2273,690.819,2.352,6.13,12.209,2014,Transit,5718,1.075,
Kepler-416 d,Kepler-416,291.557,39.2273,690.819,1.61,3.22,3.07645,2023,Transit,5670,1.022,
Kepler-138 d,Kepler-138,290.381,43.2931,66.862,1.51,2.1,23.0923,2014,Transit,3841,0.535,M1 V
Kepler-338 c,Kepler-338,282.979,40.7844,552.798,2.34,6.08,24.3109,2014,Transit,5923,1.735,
Kepler-338 d,Kepler-338,282.979,40.7844,552.798,3,9.27,44.431,2014,Transit,5923,1.735,
Kepler-338 e,Kepler-338,282.979,40.7844,552.798,1.56,8.5,9.341,2014,Transit,5999,1.735,
Kepler-411 d,Kepler-411,287.606,49.5234,153.676,3.319,15.2,58.0204,2018,Transit,4974,0.82,K2 V
Kepler-46 b,Kepler-46,289.269,42.6042,777.06,9.057,1907,33.6013,2012,Transit,5155,0.938,K
Kepler-82 b,Kepler-82,292.873,42.9662,904.326,4.07,12.15,26.44,2012,Transit,5401,0.898,G
Kepler-247 c,Kepler-247,288.643,43.0394,663.711,4.09,15.7,9.43945,2014,Transit,5100,0.768,K
Kepler-122 c,Kepler-122,291.112,39.949,1027.45,5.87,29,12.466,2014,Transit,6050,1.216,
Kepler-725 b,Kepler-725,283.977,44.8116,758.469,10.8,521.762,39.6437,2016,Transit,5395,0.88,G
KOI-142 b,KOI-142,291.148,40.6694,376.863,3.438,9.5,10.9165,2013,Transit,5466,0.897,G
Kepler-1976 b,Kepler-1976,292.167,48.7275,1314.51,12.21,,4.95932,2023,Transit,5712,1.082,
Kepler-82 c,Kepler-82,292.873,42.9662,904.326,5.34,13.9,51.54,2012,Transit,5401,0.898,G
K2-87 b,K2-87,66.2364,18.8274,491.242,7.6,44.9,9.72662,2016,Transit,5747,1.401,
Kepler-983 b,Kepler-983,285.104,45.0081,714.437,2.36,6.17,60.0855,2016,Transit,6052,1.08,
Kepler-1948 b,Kepler-1948,287.364,47.7853,193.903,1.033,1.09,15.5713,2021,Transit,3872,0.557,
Kepler-444 c,Kepler-444,289.753,41.6319,36.44,0.497,0.079,4.54588,2015,Transit,5046,0.752,K
Kepler-1173 b,Kepler-1173,293.131,45.6634,377.06,0.89,0.64,0.76985,2016,Transit,5252,0.82,
HD 219077 b,HD 219077,348.532,-62.7018,29.186,12.5,3057.51,5478.69,2012,Radial Velocity,5362,1.91,G8 V+
Kepler-458 c,KIC 9663113,297.045,46.3287,1594.74,4.2,16.4,20.7403,2016,Transit,6117,2.216,
Kepler-1608 b,Kepler-1608,295.564,39.4176,832,1.73,3.64,16.4736,2016,Transit,4992,0.72,
TOI-2093 b,TOI-2093,302.738,70.8696,82.798,3.25,10.6,12.836,2025,Radial Velocity,4426,0.729,K5 V
EPIC 212499991 b,EPIC 212499991,202.489,-12.7348,283.29,1.6,3.19,34.885,2019,Transit,4983,0.758,
Kepler-759 b,Kepler-759,290.131,41.3814,1073.48,2.27,5.77,41.806,2016,Transit,5860,1.04,
Kepler-563 b,Kepler-563,292.446,46.2897,565.207,3.09,9.75,22.1843,2016,Transit,5066,0.77,
Kepler-296 f,Kepler-296,286.54,49.4373,167,1.8,3.89,63.3363,2014,Transit,3740,0.48,M2 V
Kepler-534 b,Kepler-534,296.419,49.5401,570.659,2.24,5.65,15.9599,2016,Transit,5884,0.98,
TOI-512 b,TOI-512,96.6467,-38.6072,67.397,1.54,3.57,7.18886,2025,Transit,5277,0.89,
HD 75784 b,HD 75784,133.099,13.2331,85.432,13.8,317.83,341.2,2014,Radial Velocity,4867,3.4,G5
Kepler-172 c,Kepler-172,283.368,41.8218,828.592,2.86,8.55,6.389,2014,Transit,5526,1.085,
Kepler-1340 b,Kepler-1340,296.233,42.4728,981.779,1.55,3.02,0.66503,2016,Transit,6331,1.42,
Kepler-1115 b,Kepler-1115,294.992,40.1444,983.245,1.7,3.53,23.5541,2016,Transit,8480,1.73,
KIC 5437945 b,KIC 5437945,288.475,40.6513,1274.01,6.4,33.6,440.781,2015,Transit,6340,1.24,
Kepler-1859 c,Kepler-1859,293.989,46.718,1331.25,1.66,3.39,3.59645,2023,Transit,5887,1.235,
Kepler-1201 b,Kepler-1201,294.615,40.8331,944.241,2.29,5.86,15.1873,2016,Transit,6177,1.24,
Kepler-232 c,Kepler-232,295.816,51.1217,1349.13,3.83,14,11.3794,2014,Transit,5847,0.968,
tau Cet g,tau Cet,26.0093,-15.9338,3.603,1.18,1.75,20,2017,Radial Velocity,5310,0.83,G8.5V
Kepler-151 b,Kepler-151,292.163,41.0232,649.919,3.06,9.59,15.229,2014,Transit,5460,0.83,
TOI-201 b,TOI-201,87.4018,-54.9104,113.825,11.4,164,52.9786,2021,Transit,6423,1.31,F
Kepler-207 d,Kepler-207,290.031,42.1661,875.519,3.31,11,5.86808,2014,Transit,5920,1.588,
GJ 887 e,GJ 887,346.503,-35.8473,3.287,1.12,1.46,4.4249,2026,Radial Velocity,3688,0.468,M1 V
WASP-108 b,WASP-108,195.828,-49.6398,258.777,15.132,283.503,2.67555,2020,Transit,6783,1.344,F9
Kepler-1521 b,Kepler-1521,292.69,37.8351,206.983,2.5,6.8,47.1484,2016,Transit,5042,0.76,
Kepler-238 c,Kepler-238,287.897,40.6378,1798.75,2.39,152.522,6.15556,2014,Transit,5751,1.43,
GJ 676 A d,GJ 676 A,262.545,-51.6378,16.027,1.78,3.814,3.60076,2012,Radial Velocity,3734,0.69,M0
Kepler-620 b,Kepler-620,291.159,51.3348,1355.28,3.32,11,12.9138,2016,Transit,6155,1.22,
TOI-2989 b,TOI-2989,171.232,-27.0624,195.795,12.554,953.485,3.12283,2025,Transit,4672,0.76,K4 V
Kepler-349 c,Kepler-349,293.676,44.6156,940.724,1.96,4.5,12.2476,2014,Transit,5956,0.927,
Kepler-1231 b,Kepler-1231,288.588,42.6057,987.237,1.42,2.6,10.4172,2016,Transit,5778,1,
Kepler-274 b,Kepler-274,292.923,38.4772,1333.62,1.54,2.99,11.6348,2014,Transit,6023,1.007,
Kepler-832 b,Kepler-832,295.926,45.3839,1688.12,2.06,4.9,7.13969,2016,Transit,5596,0.9,
Kepler-1889 b,Kepler-1889,297.199,41.2264,1395.13,2.944,8.98,37.3037,2021,Transit,5646,0.817,
Kepler-988 b,Kepler-988,290.708,42.2372,304.889,2.07,4.94,17.7608,2016,Transit,4005,0.53,
TOI-880 c,TOI-880,94.1645,-13.9873,60.668,4.95,21.7,6.38727,2025,Transit,5050,0.83,K
HD 12235 b,HD 12235,30.0392,3.09591,31.763,3.23,10.488,4.36305,2022,Radial Velocity,5986,1.802,
Kepler-444 f,Kepler-444,289.753,41.6319,36.44,0.741,0.332,9.74049,2015,Transit,5046,0.752,K
GJ 887 c,GJ 887,346.503,-35.8473,3.287,2.43,6.5,21.784,2020,Radial Velocity,3688,0.468,M1 V
Kepler-524 b,Kepler-524,296.859,49.162,1058.24,1.91,4.31,7.9742,2016,Transit,6014,1.1,
Kepler-1075 b,Kepler-1075,287.501,47.4691,291.275,1.42,2.6,1.52373,2016,Transit,3959,0.54,
Kepler-368 b,Kepler-368,291.88,45.3878,770.978,3.26,10.7,26.8477,2014,Transit,5502,2.019,
Kepler-115 b,Kepler-115,297.712,45.262,623.609,1.09,1.32,2.40368,2014,Transit,5979,1.205,
Kepler-1735 b,Kepler-1735,281.05,47.1882,245.303,1.194,1.84,7.71793,2021,Transit,3975,0.509,
TOI-1898 b,TOI-1898,144.555,23.5467,79.668,9.396,129,45.5223,2024,Transit,6241,1.613,
Kepler-1130 c,Kepler-1130,285.207,45.3843,249.343,0.792,0.422,3.26664,2021,Transit,5450,0.842,
HD 20782 b,HD 20782,50.0166,-28.8544,35.986,13.6,472.83,597.064,2006,Radial Velocity,5782,1.127,G1.5 V
Kepler-1376 b,Kepler-1376,286.958,42.5414,868.056,1.05,1.16,5.30881,2016,Transit,5659,0.97,
Kepler-1190 b,Kepler-1190,285,49.48,342.509,1.33,2.33,10.4584,2016,Transit,4730,0.72,
Kepler-450 b,Kepler-450,295.487,51.0135,455.982,6.14,19.4,28.4549,2015,Transit,6197,1.642,
Kepler-758 d,Kepler-758,293.085,41.1354,1502.32,2.12,5.14,20.4966,2016,Transit,6228,1.42,
HAT-P-47 b,HAT-P-47,38.3081,30.3605,282.096,14.717,65.473,4.73217,2026,Transit,6703,1.515,F
HD 135625 b,HD 135625,229.451,-45.9226,56.518,13.3,731.005,4055,2023,Radial Velocity,6041,1.357,G3 IV/V
TOI-2211.01,TOI-2211,308.539,-29.6726,70.293,1.561,3.06,3.09269,2024,Transit,5253,0.834,
Kepler-124 b,Kepler-124,286.753,49.0649,420.046,0.73,0.315,3.41049,2014,Transit,4984,0.636,
Kepler-1259 b,Kepler-1259,297.841,46.9676,805.562,1.43,2.63,0.66309,2016,Transit,5053,0.77,
TOI-1859 b,TOI-1859,279.832,69.5229,224.385,9.752,68.6,63.4835,2023,Transit,6341,1.36,
Kepler-616 b,Kepler-616,294.989,46.8383,945.775,2.43,6.48,9.99762,2016,Transit,5753,0.97,
HD 141399 e,HD 141399,236.724,46.9863,37.017,14.1,209.768,5000,2014,Radial Velocity,5600,1.387,K0
Kepler-1008 b,Kepler-1008,296.548,44.9418,282.565,1.28,2.18,12.4393,2016,Transit,5066,0.78,
TOI-2133 b,TOI-2133,261.244,32.7984,75.197,2.37,6.21,3.82665,2026,Transit,4250,0.62,
Kepler-1979 b,Kepler-1979,289.843,38.3096,1076.27,29.33,,18.5084,2023,Transit,5942,0.938,
TOI-2406 b,TOI-2406,8.80605,-3.37208,55.419,2.86,15.6,3.07669,2021,Transit,3100,0.204,M4 V
WASP-157 b,WASP-157,201.655,-8.31764,334.037,11.19,182.434,3.95162,2016,Transit,5772,1.1,G2 V
Kepler-1183 b,Kepler-1183,292.232,38.8922,1919.19,2.82,8.35,28.5057,2016,Transit,5765,0.99,
Kepler-331 d,Kepler-331,291.834,39.3073,580.119,1.64,3.33,32.1343,2014,Transit,4347,0.492,
TOI-5322 b,TOI-5322,6.52934,14.3364,476.899,16.612,184.023,5.42332,2025,Transit,5692,1.462,
HD 457 b,HD 457,2.24929,-39.7372,55.038,11.9,8445.34,20324.6,2022,Radial Velocity,6114,1.282,
HD 112640 b,HD 112640,194.242,67.2429,323.335,12.9,1589.15,613.2,2020,Radial Velocity,4155,39,K0 III
Kepler-1647 b,Kepler-1647,298.15,40.6562,1212.45,11.874,483,1107.59,2016,Transit,6210,1.79,
Kepler-1197 b,Kepler-1197,291.669,42.5907,486.94,1.25,2.1,2.03232,2016,Transit,4708,0.72,
HD 153557 b,HD 153557,254.471,47.3679,17.941,4.77,20.341,7.29903,2022,Radial Velocity,4837,0.745,K0
Kepler-1939 b,Kepler-1939,285.69,40.9947,189.833,1.165,1.68,2.79066,2021,Transit,4353,0.603,
TIC 117642575 b,TIC 117642575,9.48007,-37.0663,188.758,2.827,8.38,4.94459,2026,Transit,5720,1.081,
Kepler-621 b,Kepler-621,290.927,39.9141,389,2.3,5.9,2.62811,2016,Transit,4521,0.68,
Kepler-1113 b,Kepler-1113,289.407,39.3388,1073.88,2.81,8.3,42.3005,2016,Transit,5931,1.17,
Kepler-142 b,Kepler-142,295.119,48.4814,548.686,1.99,4.62,2.02415,2014,Transit,5790,1.269,
Kepler-662 b,Kepler-662,290.465,47.9291,815.637,2.18,5.39,21.677,2016,Transit,4897,0.74,
Kepler-1336 c,Kepler-1336,296.278,46.8998,1126.64,1.71,3.57,5.77721,2016,Transit,5512,1.3,
TOI-216.02,TOI-216,73.98,-63.2603,177.945,8,18.752,17.1607,2019,Transit,5026,0.748,
Kepler-236 c,Kepler-236,283.866,39.8982,288.763,2,4.66,23.9681,2014,Transit,3750,0.51,M1 V
HD 196067 b,HD 196067,310.436,-75.3515,39.935,12.4,3623.24,3413.7,2012,Radial Velocity,6072,1.71,G0 V
Kepler-1210 b,Kepler-1210,292.832,48.2193,1176.53,1.7,3.53,8.07124,2016,Transit,5568,0.92,
Kepler-91 b,Kepler-91,285.673,44.1168,1294.69,15.323,257.442,6.24658,2013,Transit,4550,6.3,K3
K2-290 b,K2-290,234.858,-20.1989,272.909,3.06,10.9,9.21165,2019,Transit,6302,1.511,
Kepler-1766 b,Kepler-1766,294.277,46.6752,501.229,2.279,5.81,105.015,2021,Transit,5868,1.042,
HD 176986 c,HD 176986,285.774,-11.0449,27.784,,2097.99,16.8124,2017,Radial Velocity,4931,0.782,K2.5 V
K2-170 c,K2-170,335.451,-14.5934,392.872,1.802,3.9,12.4001,2018,Transit,5748,0.982,
HD 72490 b,HD 72490,128.403,13.5507,126.339,13.5,561.923,858,2018,Radial Velocity,4934,4.96,G5
HD 12661 c,HD 12661,31.1424,25.4136,37.848,13.2,899.454,1708,2002,Radial Velocity,5748,1.11,K0
Kepler-1061 b,Kepler-1061,296.23,50.2752,543.375,1.98,4.58,2.75798,2016,Transit,6067,1.07,
Kepler-1904 b,Kepler-1904,288.874,51.1542,270.854,1.39,2.51,4.57702,2021,Transit,3805,0.497,
Kepler-473 b,Kepler-473,286.63,38.9456,905.937,4.08,15.6,14.5573,2016,Transit,5816,1.34,
HD 14787 b,HD 14787,35.8085,10.8368,119.137,13.7,356.287,676.6,2018,Radial Velocity,4946,5.01,G5
WASP-106 b,WASP-106,166.43,-5.07949,352.181,12.106,613.409,9.28969,2014,Transit,6002,1.47,F9 D
TOI-6158 b,TOI-6158,333.894,16.2854,180.96,10.4,135,3.04469,2026,Transit,3467,0.476,M2
Kepler-1840 b,Kepler-1840,298.595,41.436,513.107,2.778,8.13,131.19,2021,Transit,4898,0.803,
kap And b,kap And,355.103,44.3338,50.018,15.917,5498.43,,2012,Imaging,11327,2.109,B9 IVn
Kepler-1751 b,Kepler-1751,284.847,49.6923,1291.47,1.824,3.98,7.01731,2021,Transit,6052,0.967,
Kepler-1067 b,Kepler-1067,285.387,45.049,667.693,0.8,0.437,0.76213,2016,Transit,5592,0.93,
TOI-2578 b,TOI-2578,68.0521,52.2527,285.53,19.661,167.178,3.45797,2026,Transit,6333,1.64,
Kepler-624 b,Kepler-624,295.193,39.5397,748.188,2.31,5.95,14.5865,2016,Transit,6117,1.18,
TOI-5349 b,TOI-5349,52.7126,20.8796,188.336,10.2,127.4,3.31792,2026,Transit,3751,0.58,M1+/-0.5
TOI-1294 c,TOI-1294,223.093,70.4766,332.648,14.3,147,159.9,2024,Radial Velocity,5718,1.557,
Kepler-1039 b,Kepler-1039,298.327,45.3154,306.91,1.46,2.73,0.93488,2016,Transit,4870,0.74,
HAT-P-60 b,HAT-P-60,28.2826,52.0539,233.22,18.282,182.434,4.79478,2021,Transit,6212,2.197,
HD 88986 b,HD 88986,154.117,28.6821,33.267,2.49,17.2,146.05,2023,Radial Velocity,5861,1.543,G2 V
HD 215152 e,HD 215152,340.838,-6.40207,21.597,,975.415,25.1967,2018,Radial Velocity,4935,0.73,K3 V
Kepler-704 b,Kepler-704,283.316,41.8371,1228.83,2.61,7.32,3.76182,2016,Transit,5616,0.96,
K2-385 b,K2-385,12.6141,5.87126,420.819,1.539,2.98,2.38087,2022,Transit,4844,0.761,
Kepler-1432 b,Kepler-1432,295.524,49.8295,2171.87,2.22,5.56,23.9109,2016,Transit,6031,1.13,
Kepler-135 c,Kepler-135,290.495,38.7955,621.855,1.16,1.65,11.4487,2014,Transit,6090,1.275,
Kepler-950 b,Kepler-950,287.957,41.1303,2161.6,8.98,59.6,98.718,2016,Transit,5857,1.02,
HD 73526 b,HD 73526,129.318,-41.3184,97.24,13.1,978.916,188.3,2002,Radial Velocity,5601,1.53,G6 V
HD 207897 b,HD 207897,325.202,84.3338,28.294,2.343,14.8,16.2017,2021,Transit,5106,0.783,K0 V
Kepler-1459 b,Kepler-1459,282.423,46.014,455.479,1.36,2.42,62.8692,2016,Transit,4828,0.74,
Kepler-1358 b,Kepler-1358,286.171,43.0089,546.998,1.12,1.46,7.06317,2016,Transit,5181,0.79,
HD 360 b,HD 360,2.0729,-8.82426,111.542,14,238.371,273.1,2021,Radial Velocity,4770,10.86,G8 III
TOI-4030 b,TOI-4030,277.623,56.7704,571.615,5.846,28.8,2.509,2026,Transit,5640,0.992,
Kepler-741 b,Kepler-741,289.432,46.6175,1661.87,2.97,9.11,7.03902,2016,Transit,6129,1.24,
Kepler-1299 b,Kepler-1299,286.15,37.4113,1404.94,2.98,9.17,19.9401,2016,Transit,5609,0.91,
Kepler-1806 b,Kepler-1806,287.535,49.8016,978.066,2.356,6.15,9.03332,2021,Transit,5311,0.788,
TOI-375 c,TOI-375,47.1499,-77.3833,396.213,13.4,669.347,115.5,2026,Radial Velocity,5260,2.9,
Kepler-1048 b,Kepler-1048,281.898,42.1657,556.006,1.61,3.22,6.92101,2016,Transit,4651,0.7,
Kepler-749 b,Kepler-749,299.897,43.9041,721.027,3.1,9.8,17.3172,2016,Transit,5009,0.75,
HD 102329 b,HD 102329,176.694,3.47421,217.107,12.6,2593.49,778.1,2011,Radial Velocity,4745,9.82,K0 III
TOI-1194 b,TOI-1194,167.821,69.9648,149.667,8.717,120,2.31064,2023,Transit,5394,0.961,
Barnard d,Barnard's star,269.449,4.73798,1.827,0.694,0.263,2.3402,2025,Radial Velocity,3195,0.185,M3.5-4 V
Kepler-1951 b,Kepler-1951,290.5,40.2877,1277.32,2.321,6,20.6578,2021,Transit,5468,1.306,
HIP 114933 b,HIP 114933,349.207,-21.2033,101.766,13.4,616.587,1481.6,2021,Radial Velocity,4823,5.27,K0 III
Kepler-1305 b,Kepler-1305,297.339,46.3472,1575.23,1.88,4.19,13.5631,2016,Transit,5701,0.96,
Kepler-598 b,Kepler-598,293.123,40.9348,681.086,1.5,2.86,3.70175,2016,Transit,5307,0.86,
HD 185283 b,HD 185283,295.323,-56.3221,31.395,13.6,413.177,4060,2023,Radial Velocity,4848,0.743,K3 V
Kepler-1920 b,Kepler-1920,291.062,38.8633,885.913,2.954,9.03,30.2541,2021,Transit,6277,1.161,
HD 65216 b,HD 65216,118.421,-63.6467,35.12,13.6,411.59,577.6,2003,Radial Velocity,5612,0.88,G5 V
Kepler-954 b,Kepler-954,295.859,47.9396,215.814,2.32,5.99,16.7818,2016,Transit,4990,0.76,
EPIC 206042996 c,EPIC 206042996,337.514,-13.6102,451.769,1.2,1.87,0.35488,2021,Transit,4114,0.5,
HATS-38 b,HATS-38,154.271,-25.2763,343.525,6.882,23.519,4.37502,2020,Transit,5732,1.105,
Kepler-1388 c,Kepler-1388,283.336,47.1745,453.795,2.26,5.73,5.53608,2016,Transit,4098,0.61,
TIC 178172313 b,TIC 178172313,43.4063,-32.077,178.137,2.804,8.27,4.37318,2026,Transit,5406,0.843,
Gliese 12 b,Gliese 12,3.95791,13.5576,12.21,0.93,0.95,12.7614,2024,Transit,3328,0.265,M4 V
Kepler-266 c,Kepler-266,294.484,44.1669,1370.79,3.89,14.4,107.724,2014,Transit,5885,1.028,
NGTS-30 b,NGTS-30,173.715,-24.6055,238.377,10.402,305.115,98.2984,2024,Transit,5455,0.913,
Kepler-1388 e,Kepler-1388,283.336,47.1745,453.795,2.46,6.62,37.6327,2016,Transit,4098,0.61,
Kepler-1311 b,Kepler-1311,289.651,43.8244,866.331,1.24,2.07,11.1727,2016,Transit,5748,1.4,
Kepler-1991 c,Kepler-1991,285.036,45.071,855.82,2.57,7.13,22.7902,2023,Transit,5478,1.053,
Kepler-126 d,Kepler-126,289.347,44.2084,237.401,2.5,54.59,100.283,2014,Transit,6239,1.358,
TOI-4029 b,TOI-4029,239.234,16.9803,274.436,6.738,36.6,5.88498,2026,Transit,5663,1.178,
Kepler-2001 b,Kepler-2001,291.659,50.5839,776.55,1.04,1.12,1.09001,2023,Transit,5081,0.77,
Kepler-1247 b,Kepler-1247,294.534,46.6182,1045.92,2.33,6.04,13.7122,2016,Transit,5303,0.82,
Kepler-68 e,Kepler-68,291.032,49.0402,144.166,11.2,86.449,3455,2023,Radial Velocity,5847,1.256,
Kepler-1406 b,Kepler-1406,292.082,38.9149,572.403,1.1,1.37,11.6291,2016,Transit,5892,1.12,
Kepler-1682 b,Kepler-1682,293.984,39.5729,1159.85,2.889,8.7,14.8334,2020,Transit,5619,0.842,
Kepler-174 d,Kepler-174,287.439,43.832,384.757,2.19,5.43,247.354,2014,Transit,4880,0.622,
Kepler-326 b,Kepler-326,294.326,46.0023,487.675,1.52,44.6,2.24833,2014,Transit,5105,0.801,
GJ 3998 d,GJ 3998,259.002,11.0562,18.146,2.34,6.07,41.78,2025,Radial Velocity,3726,0.5,M1
HD 205158 b,HD 205158,323.919,-59.6933,86.616,13.9,124.589,25.338,2022,Radial Velocity,6134,1.877,
HD 219134 h,HD 219134,348.337,57.1696,6.531,12.7,108.062,2247,2015,Radial Velocity,4913,0.77,K3 V
K2-183 c,K2-183,125.007,14.0195,329.041,2.3,5.9,10.788,2018,Transit,5482,0.87,
NGTS-21 b,NGTS-21,311.258,-35.4278,592.891,14.908,750.075,1.54339,2022,Transit,4660,0.86,K3 V
Kepler-1519 b,Kepler-1519,296.668,49.4618,1441.63,7.06,39.6,240.799,2016,Transit,5644,0.91,
TCP J05074264+2447555 b,TCP J05074264+2447555,76.928,24.799,505,4.72,20,,2018,Microlensing,5805,1.425,
TOI-2459 b,TOI-2459,82.1433,-39.373,36.611,2.953,9.03,19.1047,2023,Transit,4195,0.675,
Kepler-784 b,Kepler-784,295.921,47.4486,1303.72,1.58,3.12,31.5923,2016,Transit,5674,1.32,
TOI-2641 b,TOI-2641,171.13,-42.7321,344.045,18.103,122.682,4.88097,2023,Transit,6100,1.336,F9 V
Kepler-255 c,Kepler-255,296.064,45.9768,1052.53,2.99,9.22,9.94605,2014,Transit,5573,0.933,
HD 51608 c,HD 51608,103.714,-55.26,35.055,3.87,14.31,95.9446,2019,Radial Velocity,5358,0.916,G7 V
TIC 434398831 c,TIC 434398831,93.9593,16.0238,217.011,5.63,27,6.21029,2025,Transit,5638,0.909,G4 V
TOI-3082 b,TOI-3082,195.908,-19.219,113.048,3.662,13,1.92691,2023,Transit,4263,0.685,
Kepler-1037 b,Kepler-1037,296.341,47.1709,446.914,1.28,2.18,1.06379,2016,Transit,5105,0.78,
TOI-2141 d,TOI-2141,258.762,18.3403,77.682,3.97,14.9,60.45,2025,Radial Velocity,5635,0.95,
HD 88133 b,HD 88133,152.532,18.1857,73.612,13.8,324.187,3.41488,2004,Radial Velocity,5392,2.2,G5
TOI-1448 b,TOI-1448,316.324,57.7711,73.335,2.749,19.5,8.11224,2024,Transit,3412,0.38,
TIC 294329732 b,TIC 294329732,109.118,-58.2371,189.333,2.077,4.97,9.75659,2026,Transit,5202,0.92,
WISPIT 2 c,WISPIT 2,290.821,-7.68208,134.907,17.934,3178.28,,2026,Imaging,4530,1.3,
K2-272 b,K2-272,132.621,17.5424,423.065,3.13,9.96,14.4537,2018,Transit,5397,0.83,
TOI-3474 b,TOI-3474,233.503,-47.9637,420.123,14.673,193.875,3.87951,2025,Transit,6020,1.256,
Kepler-825 c,Kepler-825,294.77,39.3984,807.85,1.84,4.04,8.18182,2016,Transit,5976,1.08,
Kepler-382 b,Kepler-382,299.136,45.87,935.446,1.32,2.3,5.26215,2014,Transit,5600,0.945,
Kepler-266 b,Kepler-266,294.484,44.1669,1370.79,2.48,6.71,6.61833,2014,Transit,5885,1.028,
Kepler-1962 b,Kepler-1962,289.548,40.1641,866.826,1.215,1.95,7.99146,2021,Transit,5700,1.006,
TOI-1266 d,TOI-1266,197.997,65.8337,36.012,1.74,3.68,32.509,2025,Transit Timing Variations,3563,0.423,M2
Kepler-691 b,Kepler-691,288.812,40.0332,279.115,2.09,5.02,8.11438,2016,Transit,3715,0.5,
HD 142415 b,HD 142415,239.419,-60.2007,35.532,13.5,530.776,386.3,2003,Radial Velocity,5940,1.04,G1 V
WASP-167 b,WASP-167,196.044,-35.5495,423.552,17.71,2542.64,2.02196,2017,Transit,7000,1.79,F1 V
K2-412 b,K2-412,76.2621,21.5802,654.085,2.116,5.13,5.9382,2022,Transit,5590,0.977,
Kepler-1441 b,Kepler-1441,293.719,43.1246,1110.48,1.31,2.27,39.442,2016,Transit,5802,1,
CoRoT-28 b,CoRoT-28,278.688,5.57369,766.183,10.705,153.83,5.20851,2015,Transit,5150,1.78,G8/9 IV
Kepler-1755 b,Kepler-1755,296.846,40.1386,982.383,5.917,29.4,24.8121,2021,Transit,6086,0.921,
Teegarden's Star c,Teegarden's Star,43.2691,16.8649,3.831,1.02,1.05,11.416,2019,Radial Velocity,3034,0.12,M7.0 V
HD 219828 b,HD 219828,349.695,18.6457,73.114,4.59,19.07,3.83483,2007,Radial Velocity,5891,1.56,G0 IV
Kepler-835 b,Kepler-835,283.574,45.7348,2406.33,2.79,8.2,11.4191,2016,Transit,5954,1.11,
Kepler-1666 c,Kepler-1666,297.952,46.2647,1379.37,3.236,10.5,40.7157,2020,Transit,6293,1.146,
Kepler-1143 b,Kepler-1143,287.303,39.2896,555.189,1.67,3.43,2.8889,2016,Transit,5053,0.77,
KOI-4777.01,KOI-4777,287.262,42.0322,172.245,0.51,99.2,0.412,2022,Transit,3515,0.4,
Kepler-79 d,Kepler-79,300.517,44.3815,1020.72,7.15,5.3,52.0897,2014,Transit,6389,1.316,
Kepler-190 b,Kepler-190,288.584,44.7338,433.387,1.56,3.05,2.02,2014,Transit,5106,0.795,
NGTS-17 b,NGTS-17,72.9006,-34.2262,1040.28,13.899,242.821,3.24253,2021,Transit,5650,1.337,G4 V
Kepler-354 c,Kepler-354,285.752,41.3357,554.064,1.31,2.27,16.9344,2014,Transit,4648,0.674,
TIC 198190129 b,TIC 198190129,246.332,60.3771,130.035,2.923,8.87,7.94805,2026,Transit,4378,0.641,
Kepler-1933 b,Kepler-1933,283.995,39.917,328.007,1.18,1.76,4.94329,2021,Transit,5661,1.008,
TOI-5811 B b,TOI-5811 B,310.91,19.7292,170.135,21.97,257.441,6.25663,2026,Transit,4840,3.73,K2 IV+
Kepler-1041 b,Kepler-1041,293.882,49.6831,1485.82,2.94,8.96,24.7576,2016,Transit,5957,1.08,
KIC 10525077 b,KIC 10525077,287.378,47.7711,1461.15,5.5,25.9,854.083,2015,Transit,6091,1.01,
K2-70 b,K2-70,338.476,-10.085,232.964,2.89,8.7,13.979,2016,Transit,5622,0.93,
TOI-5704 b,TOI-5704,169.825,44.9891,89.637,3.227,10.5,3.77112,2023,Transit,4590,0.757,
HATS-4 b,HATS-4,94.1121,-22.5469,416.459,11.433,420.471,2.51673,2014,Transit,5403,0.925,G
Kepler-121 b,Kepler-121,286.162,39.678,510.523,2.34,6.08,3.17742,2014,Transit,5311,0.701,
HD 163607 b,HD 163607,268.418,56.3925,67.785,13.9,249.052,75.2203,2012,Radial Velocity,5522,1.76,G5
TOI-1453 b,TOI-1453,258.223,57.1978,78.742,1.173,2.32,4.31352,2025,Transit,4975,0.72,
Kepler-395 c,Kepler-395,293.511,45.1366,421.382,1.32,2.3,34.9893,2014,Transit,4262,0.556,
TOI-7393 b,TOI-7393,227.36,55.9811,189.038,11.3,194.78,3.33708,2026,Transit,3927,0.582,M0 V
HIP 81991 b,HIP 81991,251.249,6.08705,43.902,12.5,3019.37,5860,2026,Radial Velocity,5100,2.821,G8 V
Kepler-1965 b,Kepler-1965,292.515,38.022,521.791,1.354,2.4,41.8687,2021,Transit,5852,0.837,
DMPP-8 b,DMPP-8,305.308,-81.6167,76.133,10.8,81.09,62.915,2026,Radial Velocity,6009,1.24,
Kepler-501 b,Kepler-501,297.201,41.7302,1125.24,4.3,17.1,5.64068,2016,Transit,5904,1.04,
TOI-892 b,TOI-892,86.7382,-11.2353,340.543,11.994,301.938,10.6266,2020,Transit,6261,1.39,F
Kepler-1898 b,Kepler-1898,287.206,38.4982,360.921,0.934,0.76,4.76562,2021,Transit,5702,1.125,
Kepler-1274 b,Kepler-1274,284.594,46.4497,614.648,1.42,2.6,6.98153,2016,Transit,6179,2.17,
G 9-40 b,G 9-40,134.719,21.0748,27.928,1.9,4,5.746,2019,Transit,3395,0.303,M2.5 V
K2-46 b,K2-46,174.266,-0.90721,449.237,2.05,4.86,19.1541,2016,Transit,6256,1.29,
K2-199 c,K2-199,208.901,-6.13608,107.518,2.85,12.4,7.37449,2018,Transit,4491,0.682,
TOI-2005 b,TOI-2005,164.032,-43.3767,328.475,11.994,2034.1,17.3059,2025,Transit,7130,2.02,
Kepler-1065 b,Kepler-1065,294.511,38.7905,1122.48,3.73,13.4,3.60931,2016,Transit,5635,0.93,
TOI-7394 B b,TOI-7394 B,236.055,58.5528,189.986,11.5,668.74,1.253,2026,Transit,3717,0.609,M1 V
HD 112300 b,HD 112300,193.899,3.39724,62.073,12.2,5031.22,466.63,2023,Radial Velocity,3657,65.8,M1 III
TOI-5614 b,TOI-5614,189.432,69.4584,223.016,3.218,10.4,4.17221,2026,Transit,4553,0.735,
Kepler-793 b,Kepler-793,295.217,38.7744,985.699,1.37,2.45,4.24154,2016,Transit,5745,0.97,
Kepler-307 c,Kepler-307,297.795,40.4176,575.581,2.2,3.64,13.0729,2013,Transit,5367,0.814,
Kepler-613 b,Kepler-613,282.787,46.245,861.494,2.29,5.86,15.7798,2016,Transit,5723,0.96,
K2-138 g,K2-138,348.949,-10.8497,202.585,3.013,4.32,41.968,2021,Transit,5356,0.863,G8 V
HD 128311 b,HD 128311,219.003,9.74544,16.329,13.5,562.241,453.019,2002,Radial Velocity,4965,0.76,K0
Kepler-20 b,Kepler-20,287.698,42.3386,282.563,1.773,9.7,3.6961,2011,Transit,5495,0.916,
Kepler-1634 b,Kepler-1634,294.043,45.1398,617.339,3.19,10.3,374.876,2016,Transit,5474,0.89,
MOA-2020-BLG-108L b,MOA-2020-BLG-108L,269.716,-26.9165,5130,12.4,3391.23,,2026,Microlensing,,,
Kepler-445 d,Kepler-445,298.736,46.4991,127.201,1.25,2.1,8.15275,2015,Transit,3157,0.21,M4
Kepler-1701 b,Kepler-1701,286.609,41.8893,584.142,2.222,5.57,169.134,2020,Transit,5146,0.84,
Kepler-1835 b,Kepler-1835,280.315,43.9857,1404.38,3.534,12.2,11.9641,2021,Transit,5903,0.961,
Kepler-1024 b,Kepler-1024,291.951,38.2516,1087.4,3.91,14.5,66.4162,2016,Transit,5143,0.78,
Kepler-1545 b,Kepler-1545,298.899,47.4631,729.964,2.7,7.75,163.692,2016,Transit,5201,0.8,
Kepler-1774 b,Kepler-1774,288.574,40.9886,816.592,3.182,10.2,59.7708,2021,Transit,6214,1.122,
KOBE-1 b,KOBE-1,19.166,25.331,23.972,2.91,8.8,8.5399,2025,Radial Velocity,4135,0.619,K7 V
Kepler-1852 b,Kepler-1852,288.03,40.3442,772.481,1.886,4.22,7.97094,2021,Transit,5237,0.826,
Kepler-1196 b,Kepler-1196,292.37,43.9109,922.333,2.23,5.6,66.1849,2016,Transit,5756,0.97,
TOI-1221 b,TOI-1221,107.921,-65.5089,138.411,2.91,1112.4,91.6828,2023,Transit,5592,1.031,
Kepler-324 c,Kepler-324,286.471,49.6491,501.574,3.15,6.2,51.8056,2014,Transit,5194,0.84,
Kepler-1122 b,Kepler-1122,288.281,46.3409,1230.42,2.04,4.82,42.1917,2016,Transit,5544,0.89,
Kepler-1826 b,Kepler-1826,292.77,48.8999,336.952,1.475,2.78,1.61536,2021,Transit,3821,0.486,
HD 134606 c,HD 134606,228.81,-70.5203,26.791,3.37,11.31,58.883,2024,Radial Velocity,5576,1.158,G5IV
TIC 150070085 b,TIC 150070085,110.143,53.547,204.368,3.62,12.8,10.4742,2026,Transit,5999,1.086,
HIP 75092 b,HIP 75092,230.172,-25.9911,81.67,13.5,568.913,926.4,2021,Radial Velocity,4891,4.53,K0 III
Kepler-828 b,Kepler-828,286.887,42.4712,575.322,1.51,2.89,0.56786,2016,Transit,5039,0.77,
HD 5278 b,HD 5278,12.5468,-83.7438,57.585,2.45,7.8,14.3392,2021,Transit,6203,1.194,F V
Kepler-1157 b,Kepler-1157,283.121,43.5256,342.144,1.09,1.32,4.45743,2016,Transit,4679,0.71,
Kepler-1610 b,Kepler-1610,295.905,45.4054,864.331,1.61,3.22,8.70182,2016,Transit,5383,0.87,
Kepler-1245 c,Kepler-1245,290.744,43.2608,805.936,1.44,2.67,2.93658,2016,Transit,5306,0.83,
Kepler-297 d,Kepler-297,283.209,48.7776,692.14,32.6,,150.019,2023,Transit,5618,0.897,
Kepler-431 b,Kepler-431,281.112,43.2278,486.546,0.764,0.37,6.803,2015,Transit,6004,1.092,
DMPP-4 b,DMPP-4,293.583,51.2358,25.328,3.53,12.2,3.4982,2023,Radial Velocity,6400,1.38,F5-F8 V
Kepler-184 d,Kepler-184,291.952,43.0746,610.326,2.49,6.76,29.0224,2014,Transit,5788,0.873,
Kepler-1140 b,Kepler-1140,281.694,46.9465,656.48,2.77,8.1,24.0863,2016,Transit,4850,0.73,
TOI-1799 b,TOI-1799,167.233,34.303,62.127,1.642,4,7.09457,2024,Transit,5690,0.957,
Kepler-1696 b,Kepler-1696,295.576,42.0234,1506.36,2.81,8.29,65.9409,2020,Transit,5712,1.198,
Kepler-928 b,Kepler-928,289.921,41.5428,508.809,1.59,3.15,3.93246,2016,Transit,4700,0.7,
Kepler-153 c,Kepler-153,282.461,48.257,459.368,2.53,6.94,46.9023,2014,Transit,5404,0.892,
HD 73256 c,HD 73256,129.095,-30.0373,36.708,12.2,5085.26,2690,2023,Radial Velocity,5570,0.945,G8 IV
HD 175541 b,HD 175541,283.92,4.26493,129.603,14.1,190.062,298.43,2007,Radial Velocity,5013,4.19,G8 IV
HD 219134 g,HD 219134,348.337,57.1696,6.531,3.28,10.806,94.2,2015,Radial Velocity,4913,0.77,K3 V
Kepler-708 b,Kepler-708,293.816,42.2125,1394.22,2.93,8.91,3.16789,2016,Transit,5692,0.96,
WASP-54 b,WASP-54,205.454,-0.12817,251.303,17.71,187.52,3.69364,2012,Transit,6100,1.76,F9
K2-250 b,K2-250,185.032,-8.97574,414.708,2.713,7.81,4.01392,2018,Transit,5003,0.797,
Kepler-1325 b,Kepler-1325,285.017,42.0853,973.368,2.86,8.55,33.8787,2016,Transit,5550,0.91,
Kepler-703 b,Kepler-703,299.187,41.7427,1156.83,8.2,51.1,4.58352,2016,Transit,6185,1.27,
TOI-1533 c,TOI-1533,355.247,57.4852,100.051,7.5,36.6,8.06379,2026,Transit,5146,0.849,
Kepler-957 b,Kepler-957,290.156,48.819,824.688,5.5,25.9,5.90741,2016,Transit,4963,0.75,
TOI-3856 b,TOI-3856,145.223,27.9502,314.443,13.596,171.627,2.0436,2025,Transit,5622,1.055,
Kepler-1740 b,Kepler-1740,293.874,38.9224,1061.77,3.323,11,8.1724,2021,Transit,5705,0.905,
Kepler-176 d,Kepler-176,294.668,43.8532,527.321,2.51,1.72,25.752,2014,Transit,5232,0.891,
K2-150 b,K2-150,18.3444,8.98743,102.483,2,4.66,10.5936,2018,Transit,3499,0.436,M2.5 V
Kepler-307 b,Kepler-307,297.795,40.4176,575.581,2.43,7.44,10.4208,2013,Transit,5367,0.814,
Kepler-755 c,Kepler-755,296.861,41.0973,399.034,1.26,2.13,2.85313,2016,Transit,5043,0.77,
Kepler-607 c,Kepler-607,291.057,44.6323,519.122,2.76,8.05,39.6768,2021,Transit,5244,0.888,
TOI-540 b,TOI-540,76.3097,-47.9375,14.002,0.903,0.674,1.23915,2020,Transit,3216,0.19,M V
K2-320 b,K2-320,163.252,5.30648,108.74,2.62,7.37,1.995,2020,Transit,3157,0.3,
Kepler-1523 b,Kepler-1523,296.054,45.827,865.596,1.58,3.12,0.93875,2016,Transit,5708,0.96,
GJ 463 b,GJ 463,185.744,64.0324,18.355,13.1,1080.62,3459,2022,Radial Velocity,3563,0.483,M3.0 V
Kepler-62 c,Kepler-62,283.213,45.3497,300.874,0.54,4,12.4417,2013,Transit,4925,0.64,K2 V
HD 222582 b,HD 222582,355.464,-5.98624,42.159,12.6,2660.24,572.38,1999,Radial Velocity,5790,1.13,G5 V
Kepler-210 c,Kepler-210,292.503,43.0832,232.75,3.62,12.8,7.97251,2014,Transit,4559,0.65,M0 V
Kepler-1551 b,Kepler-1551,295.786,39.9079,1463.72,2.66,7.56,24.4974,2016,Transit,6136,1.22,
TIC 188624430 b,TIC 188624430,258.557,53.706,300.743,3.648,12.9,6.2186,2026,Transit,5369,0.787,
Kepler-1174 b,Kepler-1174,281.831,42.2989,1408.75,1.59,3.15,6.89225,2016,Transit,5936,1.04,
Kepler-269 c,Kepler-269,290.215,41.776,2257.32,1.69,3.5,8.1279,2014,Transit,5847,0.959,
Kepler-607 b,Kepler-607,291.057,44.6323,519.122,0.87,0.59,0.63816,2016,Transit,5196,0.8,
Kepler-1981 b,Kepler-1981,287.975,38.7403,659.395,9.23,62.5,453.542,2023,Transit,5874,3.006,
TOI-6041 c,TOI-6041,46.061,43.5577,72.473,10.5,77.9,88,2025,Radial Velocity,5445,0.879,G7
HD 109833 c,HD 109833,189.776,-74.574,79.556,2.59,7.22,13.9002,2022,Transit,5881,1,
Kepler-1082 b,Kepler-1082,289.359,50.5984,739.557,1.12,1.46,1.54321,2016,Transit,5923,1.14,
Kepler-431 d,Kepler-431,281.112,43.2278,486.546,1.11,1.41,11.922,2015,Transit,6004,1.092,
WASP-170 b,WASP-170,135.416,-20.7204,305.603,12.285,508.528,2.34478,2018,Transit,5600,0.938,
K2-74 b,K2-74,339.919,-8.71457,377.822,2.31,5.95,19.5666,2016,Transit,6060,0.98,
TOI-1246 d,TOI-1246,251.116,70.43,169.422,3.431,5.4,18.6549,2022,Transit,5213,0.865,K V
Kepler-372 d,Kepler-372,291.256,49.2589,1493.95,1.69,3.5,30.0926,2014,Transit,6509,1.137,
HD 25723 b,HD 25723,61.0947,-12.7922,114.816,13.3,794.571,457.01,2020,Radial Velocity,4766,13.76,K1 III
TOI-7155 b,TOI-7155,12.4454,79.2879,144.751,2.408,6.38,3.8949,2026,Transit,4673,0.671,
Kepler-84 b,Kepler-84,298.252,40.4961,1023.9,2.23,40,8.726,2012,Transit,6039,1.43,
TOI-3353.01,TOI-3353,106.53,-75.8196,78.758,2.667,7.59,4.6658,2024,Transit,6365,1.021,
Kepler-1555 b,Kepler-1555,287.635,45.716,2013.27,1.61,3.22,8.10502,2016,Transit,5866,1.06,
Kepler-1725 b,Kepler-1725,294.374,40.1946,558.652,2.813,8.31,16.7199,2021,Transit,6020,1.085,
TOI-2104 b,TOI-2104,151.612,83.0878,76.742,1.529,2.95,5.90437,2026,Transit,4856,0.724,
Kepler-120 b,Kepler-120,287.892,39.3391,388.63,2.15,8.5,6.3125,2014,Transit,4096,0.534,M0 V
Kepler-627 b,Kepler-627,292.104,39.7679,984.307,3.73,13.4,40.6994,2016,Transit,6424,1.49,
Kepler-1326 b,Kepler-1326,296.222,39.2689,698.326,4.18,16.3,42.3514,2016,Transit,6725,1.74,
TOI-1184 b,TOI-1184,272.205,60.6788,58.595,2.39,6.8,5.74843,2024,Transit,4534,0.69,
G 192-15 b,G 192-15,90.6221,49.8619,9.531,1.02,1.03,2.27476,2025,Radial Velocity,2999,0.171,M5.0 V
HATS-61 b,HATS-61,61.6578,-25.3497,679.761,13.395,1080.62,7.81795,2018,Transit,5542,1.664,
Kepler-684 b,Kepler-684,290.87,38.2736,1731.27,3.36,11.2,6.7703,2016,Transit,5493,0.86,
WASP-159 b,WASP-159,68.1365,-38.9683,715.383,15.468,174.806,3.8404,2018,Transit,6120,2.11,F9
K2-26 b,K2-26,94.2064,24.5958,99.05,2.67,7.61,14.5665,2016,Transit,3785,0.52,M1.0 V
TIC 9344899 b,TIC 9344899,72.7939,-8.44732,532.228,9.16,6170,8.58216,2026,Transit,5800,1.06,G3 V
WASP-194 b,WASP-194,295.388,56.2178,476.831,15.48,373.131,3.18339,2025,Transit,6405,1.409,
Kepler-1956 b,Kepler-1956,294.621,49.8942,360.468,1.089,1.32,5.94372,2021,Transit,4391,0.682,
K2-335 b,K2-335,129.39,16.5221,557.993,2.21,5.52,12.2832,2021,Transit,6222,1.33,
Kepler-352 c,Kepler-352,299.897,46.0519,252.733,1.24,2.07,16.333,2014,Transit,5212,0.781,
Kepler-1175 b,Kepler-1175,289.143,46.813,1121.89,2.99,9.22,37.9456,2016,Transit,5453,0.86,
TOI-2453 b,TOI-2453,74.8375,12.9363,81.904,3.244,10.6,4.44143,2026,Transit,3720,0.502,
TOI-3523 A b,TOI-3523 A,304.283,42.9065,645.294,15.973,435.425,2.30459,2025,Transit,6450,1.448,
Kepler-1586 b,Kepler-1586,298.203,44.9259,552.55,1.52,2.92,15.6049,2016,Transit,6681,1.75,
TOI-1062 c,TOI-1062,38.121,-78.0237,82.173,3.1,9.78,7.972,2021,Radial Velocity,5328,0.84,G9 V
Kepler-30 b,Kepler-30,285.284,38.9473,914.221,3.9,11.3,29.3343,2012,Transit,5498,0.95,
Kepler-1285 b,Kepler-1285,281.835,44.1559,422.269,0.97,0.871,14.7967,2016,Transit,6170,1.28,
TOI-1230.01,TOI-1230,118.13,-83.8251,143.138,2.386,6.29,25.0573,2021,Transit,5696,1.153,
Kepler-103 c,Kepler-103,288.985,40.0645,494.832,5.454,58.47,179.61,2014,Transit,6047,1.492,G2
Kepler-433 b,Kepler-433,297.594,40.9772,1878.31,16.25,896.24,5.33408,2015,Transit,6360,2.26,
CoRoT-8 b,CoRoT-8,291.589,1.4263,322.037,6.39,69.92,6.21229,2010,Transit,5080,0.77,K1 V
Kepler-361 c,Kepler-361,296.803,46.7411,930.32,2.52,6.9,55.188,2014,Transit,6169,1.343,
TOI-5728 b,TOI-5728,260.351,67.5504,54.705,1.31,2.27,11.4976,2025,Transit,3419,0.37,
Kepler-568 b,Kepler-568,298.106,48.4016,130.645,2.26,5.73,11.0235,2016,Transit,3768,0.53,
Kepler-1923 b,Kepler-1923,298.083,40.3463,990.838,1.96,4.5,52.6097,2021,Transit,5881,1.294,
Kepler-1208 b,Kepler-1208,291.881,44.5558,825.176,2.32,5.99,11.0851,2016,Transit,5001,0.76,
Kepler-406 c,Kepler-406,291.848,44.9683,364.03,0.85,2.71,4.62332,2014,Transit,5538,1.07,
Kepler-1655 b,Kepler-1655,286.69,39.2121,213.26,2.213,5.4,11.8729,2018,Transit,6148,1.03,G0 V
HD 191939 g,HD 191939,302.026,66.8503,53.609,3.74,13.5,284,2022,Radial Velocity,5348,0.94,G9 V
HD 87816 c,HD 87816,151.53,-52.1879,133.233,12.4,3877.51,7596,2025,Radial Velocity,4989,9,K0 III
Kepler-185 c,Kepler-185,282.468,43.8899,466.735,2.02,4.74,20.729,2014,Transit,5208,0.806,
TOI-707 b,TOI-707,98.7296,-67.5373,130.959,2.416,6.42,52.7992,2026,Transit,5424,0.978,
Kepler-738 b,Kepler-738,287.57,46.5679,1113.65,2.5,6.8,24.5872,2016,Transit,5327,0.82,
Kepler-658 b,Kepler-658,282.984,47.5784,388.384,1.63,3.29,1.28708,2016,Transit,4103,0.6,
HD 235088 b,HD 235088,300.615,53.3774,41.171,1.982,4.15,7.43413,2023,Transit,5075,0.772,K V
Kepler-93 b,Kepler-93,291.418,38.6723,95.912,1.478,4.66,4.72674,2014,Transit,5669,0.919,
Kepler-596 b,Kepler-596,289.501,51.6857,1023.85,3.46,11.8,21.3002,2016,Transit,6267,1.32,
K2-174 b,K2-174,60.793,16.3472,99.929,2.6,7.27,19.5623,2018,Transit,4455,0.676,
Kepler-1357 b,Kepler-1357,291.548,50.3533,1015.69,1.28,2.18,3.00913,2016,Transit,5597,0.9,
Kepler-1807 b,Kepler-1807,291.549,44.5273,1299.32,2.704,7.77,10.8606,2021,Transit,6455,1.496,
GJ 3378 b,GJ 3378,90.2951,59.5932,7.723,1.32,2.3,21.45,2026,Radial Velocity,3340,0.275,M4 V
Kepler-256 b,Kepler-256,292.58,46.0974,1026.43,1.59,3.15,1.62049,2014,Transit,5551,1.301,
NGTS-31 b,NGTS-31,80.4213,-38.6568,497.376,18.046,355.968,4.16273,2025,Transit,5710,1.7,
TOI-2525 c,TOI-2525,86.851,-60.5213,395.398,10.133,208.813,49.2519,2023,Transit,5096,0.785,K8 V
Kepler-574 b,Kepler-574,290.247,52.1491,682.896,2.39,6.3,7.6588,2016,Transit,5612,0.91,
Kepler-1062 b,Kepler-1062,283.899,41.2216,397.455,1.76,3.75,9.30412,2016,Transit,4597,0.7,
HD 28185 c,HD 28185,66.6101,-10.5511,39.381,12.8,1906.97,9090,2022,Radial Velocity,5602,1.048,G5
K2-317 b,K2-317,228.619,-21.0227,176.291,2.93,8.91,6.22,2020,Transit,3387,0.379,
Kepler-1375 b,Kepler-1375,296.294,43.4032,1430.84,1.74,3.68,3.30042,2016,Transit,6704,1.78,
TOI-6478 b,TOI-6478,149.992,-16.1598,38.606,4.6,19.2,34.005,2025,Transit,3230,0.234,M4.0+/-0.5
Kepler-1338 b,Kepler-1338,284.042,41.699,753.26,0.92,0.721,0.93512,2016,Transit,5909,1.05,
WASP-59 b,WASP-59,349.623,24.8893,115.936,8.687,274.276,7.91958,2012,Transit,4650,0.613,K5 V
K2-63 c,K2-63,333.427,-12.0663,517.534,3.9,14.5,25.4556,2016,Transit,6771,1.63,
KOI-4978 b,KOI-4978,286.591,38.5583,936.341,0.7,0.271,0.94197,2024,Transit,5050,0.966,G
Kepler-1539 b,Kepler-1539,284.219,44.2685,748.326,2.7,7.75,133.304,2016,Transit,5176,0.8,
Kepler-614 b,Kepler-614,298.385,46.276,527.995,2.39,6.3,14.0349,2016,Transit,5268,0.81,
Kepler-257 c,Kepler-257,297.316,46.0233,780.256,5.41,25.2,6.58148,2014,Transit,5180,1.037,
TOI-5398 b,TOI-5398,161.88,36.3294,130.855,10.3,58.7,10.5906,2022,Transit,6000,1.051,G V
TOI-1820 b,TOI-1820,187.687,27.452,248.504,12.778,731.005,4.86067,2022,Transit,5734,1.51,
Kepler-1220 b,Kepler-1220,297.07,42.9777,961.907,1.52,2.92,7.42694,2016,Transit,5842,0.99,
TOI-938 b,TOI-938,63.0323,-12.1188,215.034,4.824,20.8,8.80734,2026,Transit,5829,0.985,
Kepler-192 d,Kepler-192,287.918,45.5929,651.674,1.02,1.04,6.47028,2016,Transit,5487,0.94,
Kepler-825 b,Kepler-825,294.77,39.3984,807.85,1.53,2.96,3.7736,2016,Transit,5976,1.08,
Kepler-1414 b,Kepler-1414,284.929,42.4223,570.835,1.23,2.04,3.51576,2016,Transit,4951,0.75,
HD 86950 b,HD 86950,150.407,-17.3331,209.839,13,1144.19,1270,2016,Radial Velocity,4805,8.8,K1 III
Kepler-1150 b,Kepler-1150,296.724,49.5327,358.518,1.02,1.04,2.78787,2016,Transit,4754,0.72,
Kepler-1765 b,Kepler-1765,298.014,42.9574,764.456,2.495,6.78,10.4189,2021,Transit,5692,1.064,
Kepler-831 b,Kepler-831,294.986,42.7277,593.54,1.27,2.15,5.62154,2016,Transit,5732,0.97,
K2-257 b,K2-257,188.278,-1.95329,64.007,0.83,0.498,1.60588,2018,Transit,3725,0.5,
Kepler-27 d,Kepler-27,292.237,41.0859,1044.36,2.706,7.78,6.54629,2021,Transit,5251,0.817,
HIP 29442 d,TOI-469,93.0578,-14.6493,68.192,1.538,5.14,6.42957,2023,Radial Velocity,5289,0.98,
Kepler-196 b,Kepler-196,284.969,42.0791,451.312,1.9,4.27,20.7399,2014,Transit,5128,0.782,
Kepler-806 b,Kepler-806,296.007,44.8536,361.896,1.14,1.55,8.0922,2016,Transit,5770,1.16,
Kepler-1854 b,Kepler-1854,286.286,37.387,423.348,2.587,7.21,39.8311,2021,Transit,5026,0.759,
TOI-5624 b,TOI-5624,180.844,49.2512,101.913,2.314,9.4,3.39035,2026,Transit,5327,0.82,
Kepler-739 b,Kepler-739,290.068,46.5791,1370.65,3.32,11,12.5325,2016,Transit,5601,0.9,
HD 204313 b,HD 204313,322.051,-21.7274,47.794,12.9,1466.78,2041.12,2010,Radial Velocity,5767,1.1,G5 V
Kepler-129 d,Kepler-129,285.311,47.8485,408.845,12.6,2637.98,2646,2021,Radial Velocity,5770,1.653,G4 V
Kepler-389 c,Kepler-389,291.96,44.9001,816.559,1.46,2.73,14.5114,2014,Transit,5376,0.792,
K2-158 c,K2-158,179.94,-5.72169,197.299,1.28,2.18,5.90279,2018,Transit,5503,0.95,
Kepler-864 c,Kepler-864,285.057,46.3206,2022.9,1.62,3.26,2.4215,2023,Transit,6213,1.195,
TOI-5800 b,TOI-5800,305.066,-7.41192,42.905,2.46,9.5,2.62788,2025,Transit,4850,0.773,K3 V
TOI-2803 A b,TOI-2803 A,93.1147,-23.4925,494.818,18.114,309.883,1.96229,2023,Transit,6280,1.245,
Kepler-1462 b,Kepler-1462,296.398,42.3969,1017.82,3.82,14,65.6488,2016,Transit,5756,1,
HD 191939 b,HD 191939,302.026,66.8503,53.609,3.41,10,8.88033,2020,Transit,5348,0.94,G9 V
HD 212771 b,HD 212771,336.762,-17.2641,111.155,13.3,759.614,380.7,2009,Radial Velocity,5003,5.27,G8 IV
Kepler-1695 b,Kepler-1695,293.619,46.4134,791.175,1.119,1.46,4.7329,2020,Transit,5473,0.987,
TOI-1782.02,TOI-1782,213.079,74.4118,95.265,1.839,4.04,1.82902,2024,Transit,4336,0.669,
WASP-119 b,WASP-119,55.9336,-65.1938,302.448,15.693,390.931,2.49979,2016,Transit,5650,1.2,G5
Kepler-893 b,Kepler-893,284.963,43.913,1285.59,3.03,9.43,6.33856,2016,Transit,5820,0.99,
Kepler-1487 c,Kepler-1487,295.498,38.6444,1014.62,7.97,48.7,35.8007,2023,Transit,5745,3.955,
KOI-7913 b,KOI-7913 A,286.749,45.1587,271.277,2.34,6.08,24.2785,2022,Transit,4324,0.788,K6 V
TOI-1472 c,TOI-1472,14.1143,48.6375,121.84,3.334,21.13,15.5382,2025,Radial Velocity,5100,0.84,
Kepler-1239 b,Kepler-1239,293.127,42.3201,2140.6,2.9,8.75,5.19104,2016,Transit,6564,1.57,
Kepler-1902 b,Kepler-1902,292.738,42.0148,344.337,1.176,1.74,3.82222,2021,Transit,3729,0.514,
Kepler-297 b,Kepler-297,283.209,48.7776,692.14,2.87,48.5,38.8718,2014,Transit,5619,0.915,
Kepler-351 d,Kepler-351,286.453,42.6578,1083.91,2.72,7.85,142.544,2016,Transit,5225,0.78,
K2-136 d,K2-136,67.4129,22.8826,59.247,1.565,3,25.575,2017,Transit,4500,0.677,K5.5
Kepler-789 b,Kepler-789,295.975,38.9466,1480.16,2.12,5.14,8.63848,2016,Transit,5870,1.02,
K2-279 b,K2-279,204.779,-6.04176,182.983,1.21,1.92,7.12261,2018,Transit,5558,0.86,
nu Oph c,nu Oph,269.757,-9.77413,46.211,12,7838.32,3180.6,2012,Radial Velocity,4887,12.24,K0 III
KOI-1599.02,KOI-1599,298.374,40.6185,1131.64,1.9,9,13.6088,2019,Transit,5833,0.972,
HD 109833 b,HD 109833,189.776,-74.574,79.556,2.888,8.69,9.18853,2022,Transit,5881,1,
HIP 71135 b,HIP 71135,218.216,-52.6465,32.331,4.55,18.8,87.19,2019,Radial Velocity,4146,0.681,M1
K2-147 b,K2-147,293.833,-28.4985,90.549,1.473,2.77,0.96194,2018,Transit,3690,0.578,
Kepler-11 d,Kepler-11,297.115,41.9091,646.346,3.12,7.3,22.6845,2010,Transit,5663,1.065,
K2-131 b,K2-131,182.751,-9.76524,152.509,1.69,7.9,0.3693,2017,Transit,5120,0.759,
Kepler-218 d,Kepler-218,295.413,46.2666,656.38,2.66,7.56,124.524,2016,Transit,5542,1.02,
TOI-6054.01,TOI-6054,56.337,60.3509,79.407,2.64,12.5,7.50143,2024,Transit,6047,1.662,
Kepler-1937 b,Kepler-1937,290.658,40.7785,905.069,3.023,9.39,9.6886,2021,Transit,6457,1.196,
HAT-P-56 b,HAT-P-56,100.848,27.2522,320.639,16.926,734.187,2.79083,2015,Transit,6566,1.47,F8
HD 8574 b,HD 8574,21.3034,28.566,44.826,13.4,645.195,227,2002,Radial Velocity,6064,1.38,F8
HATS-71 b,HATS-71,15.5519,-61.7561,140.225,11.478,117.597,3.79552,2020,Transit,3405,0.478,M3 V
K2-341 b,K2-341,130.497,19.9166,421.408,3.21,10.4,36.5525,2021,Transit,5817,1.16,
GJ 1061 b,GJ 1061,54.0033,-44.5143,3.673,1.04,1.11,3.2073,2020,Radial Velocity,2953,0.156,M5.5 V
Kepler-102 b,Kepler-102,281.482,47.2078,107.796,0.46,1.1,5.28697,2014,Transit,4909,0.724,
Kepler-731 b,Kepler-731,296.393,45.5685,1257.16,13.88,,3.8556,2016,Transit,5849,1.06,
K2-194 b,K2-194,204.609,-8.92716,629.51,3.642,12.9,39.7214,2018,Transit,5979,1.281,
Kepler-915 b,Kepler-915,290.592,45.7372,849.036,1.5,2.86,4.5949,2016,Transit,6173,1.38,
TIC 241249530 b,TIC 241249530,95.3089,53.295,324.448,13.294,1582.79,165.772,2024,Transit,6166,1.397,
TOI-5795 b,TOI-5795,304.869,-7.54766,156.53,5.62,23.66,6.14063,2025,Transit,5715,1.082,G3 V
K2-196 b,K2-196,200.456,-8.47171,584.877,3.6,12.6,48.3242,2018,Transit,6045,1.539,
Kepler-1315 b,Kepler-1315,295.822,46.0531,480.869,1.38,2.48,0.84338,2016,Transit,4861,0.75,
Kepler-93 c,Kepler-93,291.418,38.6723,95.912,,954,1460,2014,Radial Velocity,5669,0.92,
TOI-5599 b,TOI-5599,199.326,55.6815,547.948,7.189,40.9,5.43692,2026,Transit,6137,1.913,
Kepler-1912 b,Kepler-1912,282.118,46.224,297.017,1.357,2.41,6.05922,2021,Transit,5734,0.962,
TOI-1260 c,TOI-1260,157.144,65.8542,73.598,2.76,13.2,7.49313,2021,Transit,4227,0.672,K6 V
Kepler-306 e,Kepler-306,288.539,40.6161,775.679,2.27,5.77,44.841,2014,Transit,4954,0.719,
K2-396 b,K2-396,74.6929,17.2691,274.864,1.579,3.12,0.67386,2022,Transit,5236,0.92,G9
HD 10442 b,HD 10442,25.4715,2.70442,135.374,13.6,472.613,1032.3,2014,Radial Velocity,4912,1.97,K0 IV
Kepler-198 c,Kepler-198,290.673,38.691,495.358,2.47,6.66,49.5674,2014,Transit,5574,0.94,
Kepler-129 b,Kepler-129,285.311,47.8485,408.845,2.4,20,15.79,2014,Transit,5770,1.653,G4 V
Kepler-1549 b,Kepler-1549,286.052,39.096,803.052,2.57,7.13,214.887,2016,Transit,5324,0.84,
HD 8326 b,HD 8326,20.5314,-26.8941,30.686,9.58,66.6,158.991,2019,Radial Velocity,4914,0.783,K2 V
Kepler-1800 b,Kepler-1800,297.651,40.3524,350.455,0.997,0.961,4.56203,2021,Transit,5343,2.506,
TOI-1742 b,TOI-1742,257.329,71.8767,72.887,2.365,9.7,21.2691,2024,Transit,5815,1.131,
BD+45 564 b,BD+45 564,32.947,45.9242,53.622,13.6,432.247,307.88,2021,Radial Velocity,5004,0.813,K1
HD 11343 c,HIP 8541,27.5272,-54.4652,155.121,13.9,255.534,228.537,2022,Radial Velocity,4672,6.84,K2 III/IV
TOI-2295 b,TOI-2295,281.576,50.4925,126.279,16.477,278.1,30.0333,2024,Transit,5730,1.459,
Kepler-656 c,Kepler-656,288.328,47.3815,890.352,1.41,2.57,5.25449,2023,Transit,5550,0.954,
Kepler-1941 b,Kepler-1941,296.627,49.3539,1494.39,2.65,7.51,31.3351,2021,Transit,6404,1.142,
Kepler-1311 d,Kepler-1311,289.651,43.8244,866.331,9.658,67.5,197.511,2021,Transit,5616,1.674,
Kepler-1316 b,Kepler-1316,298.836,40.2931,800.871,3.54,12.3,87.9732,2016,Transit,5884,1.12,
TOI-6954 b,TOI-6954,168.324,-2.78776,190.042,3.635,12.8,4.02074,2026,Transit,5171,0.947,
Kepler-256 d,Kepler-256,292.58,46.0974,1026.43,2.48,6.71,5.83917,2014,Transit,5551,1.301,
K2-90 c,K2-90,59.1527,22.4724,134.188,1.3,2.24,2.90071,2016,Transit,4422,0.635,
HD 11506 d,HD 11506,28.2107,-19.5074,51.261,12.3,4068.2,26500,2022,Radial Velocity,6123,1.24,G0 V
Kepler-1118 b,Kepler-1118,299.966,44.1609,888.325,2.74,7.95,38.6715,2016,Transit,5688,0.97,
K2-247 c,K2-247,188.894,-10.0693,258.113,2.19,5.43,6.49424,2018,Transit,4667,0.69,
K2-322 b,K2-322,156.623,4.76402,123.415,1.92,4.35,8.205,2020,Transit,4141,0.602,
HD 141004 b,HD 141004,236.61,7.35277,11.815,3.77,13.635,15.5083,2021,Radial Velocity,5885,1.389,G0Vvar
Kepler-168 c,Kepler-168,294.71,39.825,1343.6,2.69,7.7,13.1932,2014,Transit,6282,1.107,
TOI-4155 b,TOI-4155,325.636,77.7344,240.737,3.21,10.4,3.32073,2025,Transit,5724,0.95,
GJ 9689 b,GJ 9689,303.468,13.3889,30.62,3.07,9.65,18.27,2020,Radial Velocity,3836,0.57,M0.5
Kepler-169 d,Kepler-169,286,40.9194,406.529,1.25,2.1,8.34812,2014,Transit,4997,0.763,
Kepler-191 d,Kepler-191,291.183,45.3231,594.464,2.28,5.82,5.94504,2016,Transit,5215,0.8,
K2-8 b,K2-8,169.794,-0.28444,403.513,3.58,12.5,10.3524,2015,Transit,4870,0.74,K3 V
HATS-33 b,HATS-33,294.634,-55.3303,248.46,13.787,378.853,2.54956,2016,Transit,5659,1.022,
Kepler-1464 b,Kepler-1464,287.236,38.7541,1151.73,1.66,3.39,31.7786,2016,Transit,5828,1.01,
Kepler-805 b,Kepler-805,293.23,45.0534,638.49,2.89,8.7,30.8639,2016,Transit,6112,1.65,
17 Sco b,17 Sco,243.462,-11.8378,124.953,12.9,1373.02,578.38,2020,Radial Velocity,4157,25.92,K3 III
Kepler-264 c,Kepler-264,292.045,37.3762,942.173,2.83,8.4,140.101,2014,Transit,6158,1.55,
HR 858 b,HR 858,42.985,-30.8141,31.964,2.004,3.55,3.58529,2019,Transit,6354,1.258,F6 V
Kepler-941 b,Kepler-941,294.326,47.2176,1088.36,3.08,9.69,17.424,2016,Transit,5539,0.86,
Kepler-1832 b,Kepler-1832,299.852,43.7321,486.174,1.227,2.02,3.13879,2021,Transit,5242,0.722,
TOI-833 b,TOI-833,145.645,-62.4759,41.715,1.27,2.15,1.04188,2022,Transit,3920,0.6,
HD 38283 b,HD 38283,84.2605,-73.6998,38.062,14,127.132,363.2,2010,Radial Velocity,5981,1.49,F9.5 V
Kepler-341 b,Kepler-341,289.862,43.4727,1047.03,1.18,1.76,5.19553,2014,Transit,6012,1.024,
TIC 153919886 b,TIC 153919886,171.844,68.181,132.33,2.706,7.78,2.1051,2026,Transit,4137,0.592,
Kepler-1669 b,Kepler-1669,297.43,39.8479,543.444,2.78,8.15,9.51216,2020,Transit,4303,0.714,
Kepler-295 c,Kepler-295,285.346,45.3678,1699.19,1.17,1.71,21.5263,2014,Transit,5603,0.898,
NN Ser c,NN Ser,238.234,12.9121,515.818,12.6,2329.6,6987,2010,Eclipse Timing Variations,57000,,WD
Kepler-1802 b,Kepler-1802,300.242,44.1413,636.694,1.671,3.43,15.4502,2021,Transit,4245,0.637,
TOI-6008 b,TOI-6008,310.449,49.6469,23.101,1.03,4,0.85743,2024,Transit,3075,0.242,M5.0
Kepler-1437 b,Kepler-1437,291.865,49.3259,2101.69,1.37,2.45,10.9296,2016,Transit,5557,0.9,
Kepler-330 b,Kepler-330,288.447,44.8018,717.527,1.35,2.39,8.25978,2014,Transit,5117,0.722,
Kepler-100 c,Kepler-100,291.386,41.9901,304.645,2.2,7.05,12.8159,2014,Transit,5825,1.49,
K2-377 b,K2-377,202.898,-12.0951,195.149,1.693,3.51,12.8322,2022,Transit,4200,0.691,
Kepler-554 b,Kepler-554,296.407,51.3582,690.525,4.29,17,1.90221,2016,Transit,5447,0.92,
Kepler-208 e,Kepler-208,293.89,42.5279,775.328,1.48,2.79,16.2595,2014,Transit,6092,1.314,
Kepler-1287 b,Kepler-1287,289.135,47.063,1003.26,1.54,2.99,11.4769,2016,Transit,5715,0.94,
Kepler-646 b,Kepler-646,290.471,44.387,451.794,1.99,4.62,15.8736,2016,Transit,5634,0.91,
Kepler-1880 b,Kepler-1880,287.826,40.6966,611.041,2.117,5.13,6.30922,2021,Transit,4380,0.53,
Kepler-587 b,Kepler-587,288.671,47.3991,787.894,2.23,5.6,10.9403,2016,Transit,5549,0.89,
EPIC 201238110 b,EPIC 201238110,179.706,-3.38946,159.259,1.87,4.16,28.1656,2019,Transit,3587,0.374,
K2-240 c,K2-240,227.849,-17.8755,72.91,1.8,3.89,20.523,2018,Transit,3810,0.54,M0.5 V
Kepler-1495 b,Kepler-1495,286.131,38.7796,1355.54,2.94,8.96,85.2733,2016,Transit,5831,1.04,
Kepler-508 b,Kepler-508,295.404,42.9813,324.618,1.64,3.33,25.3089,2016,Transit,6025,1.25,
HD 191939 f,HD 191939,302.026,66.8503,53.609,13.2,915.346,2898,2022,Radial Velocity,5348,0.94,G9 V
HN Peg b,HN Peg,326.132,14.7714,18.119,11.777,6991.57,,2006,Imaging,6186,1.007,G0 V
K2-413 b,K2-413,353.418,-7.61203,285.162,0.76,0.363,0.8094,2022,Transit,4116,0.7,
KOI-351 h,KOI-351,284.433,49.3051,848.254,11.252,203,331.603,2013,Transit,6031,1.185,
HD 60779 c,HD 60779,114.005,-3.15129,35.444,5.79,28.3,104.79,2026,Radial Velocity,6081,1.129,G1 V
K2-19 c,K2-19,174.96,0.6036,289.827,4.1,11,11.906,2015,Transit,5322,0.82,G9
TOI-3160 A b,TOI-3160 A,224.566,-27.6825,567.678,13.765,378.216,3.97128,2025,Transit,6190,1.346,
Kepler-1333 b,Kepler-1333,293.528,41.1114,932.446,2.81,8.3,109.647,2016,Transit,5628,0.92,
Kepler-1715 b,Kepler-1715,293.93,41.6029,522.605,4.14,16,35.5973,2021,Transit,6212,1.209,
Kepler-1885 b,Kepler-1885,288.751,47.4909,818.482,1.511,2.89,2.52256,2021,Transit,5591,0.86,
TOI-1803 c,TOI-1803,178.046,35.1718,119.24,4.29,8,12.8858,2025,Transit,4687,0.715,
Kepler-1116 b,Kepler-1116,291.934,44.1155,1008.57,2.54,6.99,41.6978,2016,Transit,5641,0.93,
Kepler-232 b,Kepler-232,295.816,51.1217,1349.13,3.08,9.69,4.43122,2014,Transit,5847,0.968,
HD 141399 d,HD 141399,236.724,46.9863,37.017,13.7,375.039,1069.8,2014,Radial Velocity,5600,1.387,K0
HIP 57274 b,HIP 57274,176.171,30.9577,25.862,,3359.45,8.1352,2011,Radial Velocity,4510,0.78,K4 V
Kepler-398 d,Kepler-398,291.469,40.3437,177.355,0.88,0.615,6.83437,2016,Transit,4557,0.67,
HD 158259 b,HD 158259,261.35,52.7905,27.05,1.282,2.22,2.178,2020,Radial Velocity,5802,1.21,G0
Kepler-577 b,Kepler-577,294.712,39.0737,524.247,2.55,7.04,25.6958,2016,Transit,4984,0.73,
Kepler-953 b,Kepler-953,288.972,44.6247,258.893,4.21,16.5,88.4065,2016,Transit,5416,0.99,
HD 124330 b,HD 124330,212.821,54.409,60.198,14,238.371,270.66,2021,Radial Velocity,5873,1.304,G4 IV
Kepler-1966 b,Kepler-1966,292.464,41.299,484.601,1.105,1.39,8.61743,2021,Transit,5009,0.84,
Kepler-212 c,Kepler-212,287.621,43.1416,687.194,2.74,7.95,31.8052,2014,Transit,5852,1.455,
HD 238914 b,HD 238914,279.584,59.2539,519.452,12.8,1906.98,4100,2018,Radial Velocity,4769,12.73,K7
Kepler-44 b,Kepler-44,300.102,45.7622,1188,12.22,317.82,3.24673,2011,Transit,5800,1.35,G2 IV
Kepler-158 b,Kepler-158,284.032,39.7815,315.177,2.12,5.14,16.7092,2014,Transit,4623,0.624,K
Kepler-1080 b,Kepler-1080,296.464,49.1829,1382.82,3.28,10.8,77.2548,2016,Transit,5956,1.16,
Kepler-1228 b,Kepler-1228,296.553,46.9662,515.453,1.54,2.99,0.57737,2016,Transit,5063,0.74,
TOI-5786 b,TOI-5786,293.322,30.7042,192.475,8.54,73,12.7791,2025,Transit,6235,1.36,
Kepler-1850 b,Kepler-1850,287.143,43.6161,250.199,0.729,0.313,1.3858,2021,Transit,4239,0.6,
75 Cet c,75 Cet,38.0392,-1.03503,82.961,13.9,289.86,2051.62,2023,Radial Velocity,4809,10.38,G3 III
TOI-2345 b,TOI-2345,43.8848,-34.978,81.654,1.504,3.49,1.05286,2025,Transit,4687,0.729,K
DMPP-1 e,DMPP-1,86.7761,-10.6303,62.539,1.86,4.13,5.516,2019,Radial Velocity,6196,1.26,F8 V
Kepler-548 b,Kepler-548,299.906,45.4396,751.776,11.99,,4.45419,2016,Transit,5535,0.9,
Kepler-260 c,Kepler-260,291.926,38.014,627.365,1.74,3.68,76.0502,2014,Transit,5250,0.862,
Kepler-1460 b,Kepler-1460,285.558,44.0108,553.218,1.96,4.5,29.9633,2016,Transit,4422,0.67,
HD 133131 B b,HD 133131 B,225.9,-27.8416,51.299,13.3,794.575,5769,2016,Radial Velocity,5805,0.99,G2 V
HD 158259 d,HD 158259,261.35,52.7905,27.05,2.18,5.41,5.19808,2020,Radial Velocity,5802,1.21,G0
WASP-138 b,WASP-138,41.6392,-0.46413,414.234,12.218,387.753,3.63443,2016,Transit,6272,1.36,
TOI-5181 A b,TOI-5181 A,280.677,21.6998,480.155,13.35,330.542,3.89223,2025,Transit,6060,1.53,
Kepler-599 b,Kepler-599,285.912,41.0695,558.517,2.84,8.45,15.6556,2016,Transit,5127,0.79,
Kepler-158 d,Kepler-158,284.032,39.7815,315.177,0.43,0.047,0.64509,2024,Transit,4896,0.668,K
Kepler-575 b,Kepler-575,286.964,37.8296,853.977,2.39,6.3,9.37892,2016,Transit,5710,0.95,
EPIC 246851721 b,EPIC 246851721,78.9198,16.2787,372.632,11.781,953.49,6.18023,2018,Transit,6202,1.586,F5 V
HD 1461 b,HD 1461,4.67626,-8.05362,23.453,2.42,6.44,5.77152,2010,Radial Velocity,5765,1.152,G0 V
Gl 725 A b,Gl 725 A,280.683,59.6381,3.521,1.48,2.78,11.2201,2025,Radial Velocity,3433,0.351,M3
Kepler-1218 b,Kepler-1218,291.579,44.5317,840.503,1.44,2.67,22.9221,2016,Transit,5986,1.1,
Kepler-1891 b,Kepler-1891,290.044,44.3705,596.24,1.521,2.93,4.02229,2021,Transit,5516,0.827,
Kepler-782 b,Kepler-782,288.868,47.7595,446.844,3.21,10.4,158.685,2016,Transit,5867,1.01,
Kepler-330 c,Kepler-330,288.447,44.8018,717.527,1.95,4.46,15.9554,2014,Transit,5117,0.722,
Kepler-987 b,Kepler-987,289.411,46.1308,914.126,3.26,10.7,105.303,2016,Transit,5637,0.91,
Kepler-385 d,Kepler-385,294.339,50.3365,1432.61,2.619,7.36,56.4159,2020,Transit,5829,1.157,
Kepler-115 c,Kepler-115,297.712,45.262,623.609,2.6,7.27,8.99089,2014,Transit,5979,1.205,
TOI-2120 b,TOI-2120,23.5073,65.514,32.175,2.122,6.8,5.79982,2024,Transit,3131,0.245,
K2-395 b,K2-395,70.4439,16.6743,286.727,2.597,7.26,4.80335,2022,Transit,5007,0.783,K0
KOI-1833 d,Kepler-968,285.603,50.112,290.324,2.58,11.02,7.685,2021,Transit,4413,0.667,
Kepler-734 b,Kepler-734,297.046,46.0274,1157.21,3.56,12.4,6.10485,2016,Transit,5326,0.78,
HD 104067 c,HD 104067,179.792,-20.3556,20.363,3.69,13.2,13.8992,2024,Radial Velocity,4952,0.78,K2V
Kepler-514 b,Kepler-514,286.247,50.2424,455.336,1.72,3.61,5.6518,2016,Transit,6106,1.44,
Kepler-1456 b,Kepler-1456,286.945,43.8228,370.312,1.14,1.55,18.1374,2016,Transit,4231,0.62,
TOI-1411 b,TOI-1411,232.946,47.0555,32.478,1.199,2,1.45205,2022,Transit,4115,0.614,
Kepler-1614 b,Kepler-1614,284.871,49.7759,1191.19,1.49,2.83,3.94661,2016,Transit,5121,0.76,
CoRoT-20 b,CoRoT-20,97.7204,0.22689,844.061,9.416,1366.67,9.24285,2011,Transit,5880,1.02,G2 V
K2-187 d,K2-187,132.524,23.1925,330.916,2.4,6.35,7.14958,2018,Transit,5438,0.83,
HD 44219 b,HD 44219,95.06,-10.7251,52.905,14.1,184.34,472,2010,Radial Velocity,5752,1.32,G3 V
Kepler-142 c,Kepler-142,295.119,48.4814,548.686,2.86,8.55,4.7617,2014,Transit,5790,1.269,
HD 72659 b,HD 72659,128.513,-1.56863,51.895,13.2,949.671,3549,2002,Radial Velocity,5929,1.36,G2 V
Kepler-652 b,Kepler-652,288.008,46.4736,394.55,2.49,6.76,4.182,2016,Transit,5490,0.88,
TOI-332 b,TOI-332,348.059,-44.8765,222.852,3.2,57.2,0.77704,2023,Transit,5251,0.87,K0 V
K2-62 b,K2-62,334.365,-12.1875,112.467,2.02,4.74,6.67199,2016,Transit,4455,0.696,
K2-380 b,K2-380,283.435,-26.5387,249.303,2.729,7.89,9.40131,2022,Transit,5911,1.32,
Kepler-785 b,Kepler-785,292.068,38.8422,642.051,13.02,,1.97376,2016,Transit,4739,0.71,
K2-224 b,K2-224,189.704,-10.0606,275.255,1.56,3.05,4.47904,2018,Transit,5620,0.84,
Kepler-1066 b,Kepler-1066,298.867,46.5022,344.251,2.36,6.17,1.93156,2016,Transit,5762,0.98,
Kepler-1315 c,Kepler-1315,295.822,46.0531,480.869,1.844,4.06,6.56606,2021,Transit,4818,0.856,
TOI-375 d,TOI-375,47.1499,-77.3833,396.213,13.6,445.595,297.9,2026,Radial Velocity,5260,2.9,
KIC 9663113 b,KIC 9663113,297.045,46.3287,1594.74,4.6,19.2,572.385,2015,Transit,6065,1.03,
NGTS-12 b,NGTS-12,176.25,-35.6406,446.442,11.747,66.109,7.53281,2020,Transit,5690,1.589,G
Kepler-1240 b,Kepler-1240,283,40.5574,862.186,1.15,1.6,4.86638,2016,Transit,5682,0.96,
KIC 7917485 b,KIC 7917485,299.435,43.6326,1382.89,12.4,3750.39,840,2016,Pulsation Timing Variations,7067,2.01,A
HD 26161 b,HD 26161,62.4122,31.6524,40.913,11.9,9045.4,10942.3,2021,Radial Velocity,6058,1.456,
Kepler-1323 b,Kepler-1323,292.872,46.0987,465.417,1.52,2.92,0.92991,2016,Transit,6169,1.4,
TOI-2379 b,TOI-2379,358.092,-53.0432,211.247,11.725,1830.69,5.46938,2024,Transit,3707,0.622,
Kepler-657 b,Kepler-657,291.197,47.3077,1691.88,3.52,12.2,24.5435,2016,Transit,5808,1.01,
K2-198 c,K2-198,198.844,-6.46499,110.567,1.423,2.61,3.35961,2019,Transit,5213,0.757,
HD 170469 b,HD 170469,277.296,11.6954,60.178,14.1,209.768,1145,2007,Radial Velocity,5842,1.24,G5 IV
Kepler-139 d,Kepler-139,282.392,43.8894,391.038,1.695,2,7.3057,2023,Transit,5622,1.045,
Kepler-1639 b,Kepler-1639,283.069,48.8021,1031.31,2.58,7.18,9.87848,2016,Transit,6150,1.18,
TOI-2580 b,TOI-2580,62.1992,67.1165,379.253,17.374,200.232,3.39775,2024,Transit,6120,1.81,F
Kepler-1000 b,Kepler-1000,286.685,47.0982,1115.62,4.76,20.3,120.018,2016,Transit,6453,1.51,
TOI-2088 b,TOI-2088,261.375,75.8823,126.46,3.683,37,124.73,2024,Transit,5081,0.848,
HIP 98599 b,HIP 98599,300.409,-22.1111,75.943,12.7,2177.12,2656,2026,Radial Velocity,5978,1.395,F7 V
K2-154 b,K2-154,189.002,-2.66962,129.356,1.99,4.62,3.67626,2018,Transit,4097,0.63,M0.0 V
Kepler-240 b,Kepler-240,291.159,40.7502,746.927,1.37,2.45,4.1445,2014,Transit,4985,0.739,
HIP 38594 c,HIP 38594,118.544,-25.3023,17.789,7.94,48.4,3477.77,2020,Radial Velocity,4086,0.627,M0
Kepler-145 c,Kepler-145,291.388,44.529,566.85,4.32,79.4,42.882,2013,Transit,6022,1.85,
Kepler-144 b,Kepler-144,281.916,42.7756,384.917,1.33,2.33,5.88527,2014,Transit,6075,1.235,
TOI-1846 b,TOI-1846,257.955,54.5279,47.25,1.792,3.87,3.93067,2025,Transit,3568,0.397,
Kepler-1957 b,Kepler-1957,293.711,47.8875,460.899,0.944,0.79,2.18662,2021,Transit,4904,0.772,
Kepler-219 b,Kepler-219,288.739,46.7626,787.07,2.95,9.01,4.58551,2014,Transit,5786,1.491,
TIC 365102760 b,TIC 365102760,305.84,54.3943,555.546,6.21,19.2,4.21285,2024,Transit,4900,3.13,
Kepler-1153 b,Kepler-1153,289.147,45.8661,1119.49,1.73,3.64,1.75584,2016,Transit,5470,0.88,
Kepler-327 b,Kepler-327,292.642,44.0876,241.987,1.11,1.41,2.54957,2014,Transit,3799,0.492,
K2-72 b,K2-72,334.623,-9.61201,66.432,1.08,1.28,5.57721,2016,Transit,3360,0.331,
TOI-5126 c,TOI-5126,151.66,18.6341,160.414,3.86,14.2,17.8999,2023,Transit,6150,1.241,F V
Kepler-405 b,Kepler-405,291.409,38.34,1065.08,2.08,4.98,10.6138,2014,Transit,5818,0.893,
Kepler-451 d,2MASS J19383260+4603591,294.636,46.0664,396.332,13.5,559.378,43,2022,Eclipse Timing Variations,29564,0.203,
Kepler-1421 b,Kepler-1421,286.581,48.5442,783.401,0.93,0.749,6.91311,2016,Transit,6335,1.42,
K2-332 b,K2-332,135.883,14.2505,123.202,2.2,5.48,17.7063,2021,Transit,3315,0.28,
Kepler-1288 b,Kepler-1288,285.714,41.6059,814.078,1.12,1.46,2.76122,2016,Transit,6132,1.29,
GJ 1151 c,GJ 1151,177.73,48.3732,8.036,3.25,10.62,389.7,2023,Radial Velocity,3280,0.178,M 4.5V
Kepler-80 c,Kepler-80,296.113,39.9787,369.451,2.74,6.74,9.52355,2012,Transit,4540,0.678,K5
Kepler-925 b,Kepler-925,290.107,40.4906,611.115,2.34,6.08,33.8678,2016,Transit,4673,0.72,
Kepler-194 d,Kepler-194,291.971,47.864,1097.97,2.4,6.35,52.815,2014,Transit,6089,1.025,
Kepler-945 b,Kepler-945,291.27,42.096,1651.25,2.63,7.41,31.0034,2016,Transit,5718,0.97,
HD 156846 b,HD 156846,260.142,-19.3344,47.733,12.4,3391.25,359.51,2007,Radial Velocity,6090,1.9,G0 V
TOI-2025 b,TOI-2025,282.795,82.2454,335.985,11.893,1144.18,8.8721,2022,Transit,5977,1.459,
Kepler-1878 b,Kepler-1878,300.732,44.107,1494.3,2.92,8.86,4.44588,2021,Transit,5918,0.865,
Kepler-1447 b,Kepler-1447,289.643,50.727,890.296,2.9,8.75,56.6747,2016,Transit,5722,0.95,
Kepler-1805 b,Kepler-1805,285.087,40.8991,221.639,1.545,3,8.84794,2021,Transit,3867,0.552,
HD 158259 f,HD 158259,261.35,52.7905,27.05,2.35,6.14,12.028,2020,Radial Velocity,5802,1.21,G0
TOI-261.01,TOI-261,15.2181,-24.424,114.495,3.045,9.51,3.36393,2021,Transit,5890,1.28,
Kepler-370 b,Kepler-370,292.171,40.9162,1167.94,1.59,3.15,4.57953,2014,Transit,5852,0.9,
Kepler-956 b,Kepler-956,292.531,49.0617,544.939,3,9.27,5.24867,2016,Transit,6040,1.15,
HD 63433 b,HD 63433,117.479,27.3631,22.404,2.14,21.755,7.10795,2020,Transit,5553,0.934,G5 V
Kepler-1142 b,Kepler-1142,292.714,44.0823,1273.51,1.47,2.76,18.3027,2016,Transit,5685,0.96,
Kepler-853 b,Kepler-853,283.937,49.1103,568.676,1.69,3.5,7.16892,2016,Transit,6350,1.55,
Kepler-451 c,2MASS J19383260+4603591,294.636,46.0664,396.332,13.5,511.704,1460,2022,Eclipse Timing Variations,29564,0.203,
WISPIT 1 b,WISPIT 1,117.799,-50.1377,230.007,12.4,3305.41,,2025,Imaging,4670,1.116,K4 V
TOI-2529 b,TOI-2529,118.995,-52.3548,296.271,11.545,743.718,64.5949,2024,Transit,5802,1.7,
KOI-1599.01,KOI-1599,298.374,40.6185,1131.64,1.9,4.6,20.4415,2019,Transit,5833,0.972,
Kepler-1759 b,Kepler-1759,298.466,48.5593,385.348,0.904,0.676,3.72023,2021,Transit,5017,0.797,
Kepler-1215 b,Kepler-1215,297.464,48.1814,661.022,1.22,1.98,4.76704,2016,Transit,5616,0.93,
Kepler-1733 b,Kepler-1733,291.138,37.8592,2080.51,3.636,12.8,9.22958,2021,Transit,6320,1.252,
Kepler-357 c,Kepler-357,291.243,44.0086,688.573,2.67,7.61,16.8584,2014,Transit,5036,0.834,
Kepler-194 c,Kepler-194,291.971,47.864,1097.97,2.59,7.22,17.308,2014,Transit,6089,1.025,
Kepler-1056 b,Kepler-1056,299.526,46.8993,982.51,3.01,9.32,27.4956,2016,Transit,6127,1.2,
Kepler-1424 b,Kepler-1424,290.992,40.2293,661.421,1.16,1.65,29.6092,2016,Transit,5838,1.07,
Kepler-1642 c,Kepler-1642,297.212,43.6438,413.873,2.66,7.56,6.65138,2016,Transit,5355,0.84,
HD 164595 b,HD 164595,270.161,29.5727,28.254,4.16,16.14,40,2015,Radial Velocity,5790,1.024,G2 V
K2-24 c,K2-24,242.573,-24.9906,170.562,7.93,16.4,42.3473,2016,Transit,5726,1.185,G9 V
Kepler-235 d,Kepler-235,286.079,39.2782,428.018,2.05,4.86,20.0605,2014,Transit,4255,0.554,M0 V
HD 97037 b,HD 97037,167.555,-7.39015,32.413,12.1,6707.77,6449.08,2022,Radial Velocity,5874,1.264,
Kepler-776 b,Kepler-776,287.273,41.6356,727.904,1.28,2.18,4.89719,2016,Transit,5071,0.78,
K2-352 b,K2-352,140.445,18.4696,176.051,1.37,2.45,3.66591,2021,Transit,5791,0.95,
TOI-3288 b,TOI-3288,297.11,-43.018,200.5,12.24,536.177,1.43386,2025,Transit,4072,0.672,M0&plusmn;0.5
Kepler-1420 b,Kepler-1420,296.204,42.7778,1054.37,1.28,2.18,6.6996,2016,Transit,5187,0.79,
K2-333 b,K2-333,136.789,15.2057,343.99,6.18,31.6,14.7593,2021,Transit,5880,1.22,
Kepler-79 e,Kepler-79,300.517,44.3815,1020.72,3.53,3.8,81.0665,2014,Transit,6389,1.316,
Kepler-20 d,Kepler-20,287.698,42.3386,282.563,2.606,13.4,77.6115,2011,Transit,5495,0.916,
DMPP-1 c,DMPP-1,86.7761,-10.6303,62.539,3.31,10.94,10.03,2019,Radial Velocity,6196,1.26,F8 V
Kepler-947 b,Kepler-947,294.367,42.2526,1730.78,2.28,5.82,26.9644,2016,Transit,5508,0.87,
Kepler-689 b,Kepler-689,294.711,39.5217,1131.73,2.89,8.7,22.3666,2016,Transit,5518,0.88,
NGC 2682 YBP 1194 b,NGC 2682 YBP 1194,132.753,11.8147,872.92,12.3,101.706,6.959,2014,Radial Velocity,5780,0.99,G5 V
HD 211970 b,HD 211970,335.566,-54.5596,13.128,3.66,13,25.201,2019,Radial Velocity,4127,0.574,K7 V
Kepler-336 c,Kepler-336,290.238,41.3314,768.86,2.1,5.06,9.6,2014,Transit,5867,1.304,
Kepler-423 b,Kepler-423,292.856,46.3912,758.753,13.361,189.101,2.68433,2014,Transit,5560,0.95,G4 V
2M0437 b,2MASS J04372171+2651014,69.3405,26.8503,128.484,13,1271.31,,2021,Imaging,3100,0.84,M V
Kepler-561 b,Kepler-561,293.747,45.1072,621.378,6.96,38.7,58.3621,2016,Transit,5646,0.94,
24 Boo b,24 Boo,217.156,49.8447,95.986,13.9,280.642,30.33,2018,Radial Velocity,4816,12.19,G3 IV
HD 74156 c,HD 74156,130.605,4.57723,57.603,12.5,2753.98,2448.49,2003,Radial Velocity,6068,1.511,G0
Kepler-1365 c,Kepler-1365,292.2,42.046,840.128,0.8,0.437,4.77468,2016,Transit,5770,1.05,
HD 20003 c,HD 20003,46.909,-72.3219,41.832,3.89,14.44,33.9239,2019,Radial Velocity,5494,0.922,G8 V
Kepler-716 b,Kepler-716,290.393,43.3639,635.009,2.9,8.75,10.3717,2016,Transit,5099,0.78,
HD 134606 b,HD 134606,228.81,-70.5203,26.791,2.97,9.09,12.089,2024,Radial Velocity,5576,1.158,G5IV
K2-66 b,K2-66,331.527,-10.7115,513.877,2.49,21.3,5.06963,2016,Transit,5887,1.67,
TIC 437041147 b,TIC 437041147,132.948,6.76484,246.6,2.215,5.54,3.82301,2026,Transit,5224,0.961,
Kepler-583 b,Kepler-583,282.111,42.3546,867.271,2.28,5.82,6.51003,2016,Transit,5523,0.91,
Kepler-1649 c,Kepler-1649,292.503,41.83,92.191,1.06,1.2,19.5353,2020,Transit,3240,0.232,
WASP-57 b,WASP-57,223.82,-2.05769,398.276,11.769,204.683,2.83892,2012,Transit,5600,0.927,G6
Kepler-381 d,Kepler-381,285.183,43.831,267.323,1.067,1.23,8.2563,2021,Transit,6197,2.188,
TOI-1199 b,TOI-1199,166.881,61.3526,248.427,10.514,75.961,3.67146,2024,Transit,5710,1.45,
TOI-4961 b,TOI-4961,192.502,-59.8919,213.073,12.341,572.091,7.47918,2025,Transit,5380,0.912,
Kepler-118 c,Kepler-118,299.213,41.4248,574.228,7.68,45.7,20.172,2014,Transit,5274,1.094,
Kepler-278 b,Kepler-278,290.107,38.7023,443.03,3.955,56,30.1556,2014,Transit,4965,2.861,K2 III-IV
K2-268 e,K2-268,133.709,11.8483,327.783,1.33,2.33,6.13124,2021,Transit,5106,0.78,
Kepler-1254 d,Kepler-1254,285.173,48.77,622.818,1.31,2.27,5.72717,2016,Transit,4985,0.75,
HD 167768 b,HD 167768,274.221,-3.00858,107.214,13.9,270.154,20.6532,2022,Radial Velocity,4851,9.7,G8 III
TOI-1036 b,TOI-1036,157.867,-42.2405,184.015,6.285,32.5,3.77952,2026,Transit,5665,1.176,
EPIC 212424622 b,EPIC 212424622,202.331,-14.3594,611.804,2.17,5.35,18.0983,2019,Transit,5782,1.225,
Kepler-1915 b,Kepler-1915,301.279,44.2505,1514.66,3.218,10.4,13.8354,2021,Transit,6020,1.057,
Kepler-1734 b,Kepler-1734,294.163,41.4517,1482.83,3.089,9.74,6.79685,2021,Transit,6061,0.97,
Kepler-960 b,Kepler-960,281.457,46.7465,284.916,2.29,5.86,3.12686,2016,Transit,4755,0.72,
HD 208897 b,HD 208897,329.749,19.0202,67.487,13.7,379.487,358.27,2017,Radial Velocity,4860,4.98,K0
Kepler-1386 b,Kepler-1386,280.823,42.636,835.882,1.24,2.07,6.73972,2016,Transit,5733,1.03,
Kepler-1921 c,Kepler-1921,300.316,45.4953,928.989,1.41,2.57,3.15722,2023,Transit,6120,2,
Kepler-1225 b,Kepler-1225,290.633,40.137,1347.52,1.82,3.97,7.01075,2016,Transit,6140,1.19,
Kepler-1708 b,Kepler-1708,296.824,43.6248,1666.69,9.96,1462.01,737.113,2021,Transit,6157,1.117,
HD 96700 b,HD 96700,166.974,-30.1751,25.411,2.93,8.9,8.1245,2021,Radial Velocity,5845,1.16,G0 V
Kepler-208 b,Kepler-208,293.89,42.5279,775.328,1.63,3.29,4.22864,2014,Transit,6092,1.314,
Kepler-1146 b,Kepler-1146,286.717,47.4257,703.038,1.23,2.04,2.35227,2016,Transit,4692,0.7,
WASP-100 b,WASP-100,68.9598,-64.027,364.411,14.908,400.466,2.84938,2014,Transit,6900,1.57,F2
Kepler-1643 b,Kepler-1643,300.431,44.751,341.774,2.32,5.99,5.34266,2016,Transit,4916,0.855,
Kepler-215 d,Kepler-215,294.974,45.2137,485.997,2.39,23.6,30.8644,2014,Transit,5739,1.027,
EPIC 212737443 b,EPIC 212737443,204.222,-7.31806,336.25,2.586,7.2,13.603,2019,Transit,4684,0.673,K3
TOI-2169 A b,TOI-2169 A,279.17,23.2586,351.487,12.509,329.588,8.21483,2025,Transit,6270,1.82,
K2-259 b,K2-259,186.803,1.56686,416.457,2.32,5.99,15.4804,2018,Transit,6059,1.13,
Kepler-401 c,Kepler-401,290.083,50.8634,965.56,2.15,5.27,47.3182,2014,Transit,6117,1.333,
Kepler-888 b,Kepler-888,295.521,49.7387,420.817,1.76,3.75,70.6979,2016,Transit,5875,0.9,
Kepler-740 b,Kepler-740,286.482,46.6925,1442.02,4.57,18.9,3.5841,2016,Transit,5438,0.87,
Kepler-1673 b,Kepler-1673,285.667,48.7196,727.187,2.936,8.93,33.7888,2020,Transit,6015,1.132,
Kepler-1322 c,Kepler-1322,293.204,45.4354,1350.32,2.155,5.29,6.45998,2021,Transit,5704,0.804,
Kepler-1211 b,Kepler-1211,285.721,40.8569,1826.53,2.55,7.04,11.0182,2016,Transit,5705,0.94,
HIP 78530 b,HIP 78530,240.481,-21.9805,136.759,12,7300,,2010,Imaging,10500,2.109,B9 V
Kepler-48 f,Kepler-48,299.139,40.9489,306.738,13.8,298.581,5219.68,2023,Radial Velocity,5190,0.836,
Kepler-1750 b,Kepler-1750,292.351,48.5111,1497.33,6.004,30.1,205.912,2021,Transit,5644,0.969,
TOI-4308 b,TOI-4308,327.753,-43.5624,108.932,2.419,6.43,9.1512,2023,Transit,5243,0.793,
HD 18015 b,HD 18015,43.3636,-8.84804,123.801,13.1,1048.83,2278,2018,Radial Velocity,5603,3.13,G6 IV
TOI-1798.02,TOI-1798,211.094,46.5193,113.181,1.464,5.6,0.43781,2024,Transit,5165,0.78,
Kepler-24 b,Kepler-24,290.413,38.3437,1156.81,2.348,11.14,8.14,2011,Transit,6028,1.099,
Kepler-1875 b,Kepler-1875,296.773,50.1884,1660.45,3.227,10.5,34.4586,2021,Transit,6161,0.862,
Kepler-1642 b,Kepler-1642,297.212,43.6438,413.873,3.2,10.3,12.2058,2016,Transit,5355,0.84,
HD 33142 c,HD 33142,76.8981,-13.9863,121.375,13.9,282.867,810.2,2016,Radial Velocity,5025,4.17,K0 III
Kepler-864 b,Kepler-864,285.057,46.3206,2022.9,2.4,6.35,5.83376,2016,Transit,5754,1,
HD 181720 b,HD 181720,290.721,-32.9208,60.205,14,127.132,956,2009,Radial Velocity,5736,1.5,G1 V
TOI-6677 b,TOI-6677,290.472,-46.875,340.52,5.835,28.7,5.45061,2026,Transit,6572,1.572,
Kepler-1394 b,Kepler-1394,283.453,45.0841,640.409,1.39,2.51,3.93766,2016,Transit,6481,2.55,
Kepler-1672 b,Kepler-1672,297.94,40.2786,391.181,2.97,9.11,150.878,2020,Transit,6132,1.088,
HD 331093 b,HD 331093,295.62,31.7396,50.193,13.6,476.743,621.62,2021,Radial Velocity,5544,1.111,K0
Kepler-58 d,Kepler-58,296.359,39.1152,969.252,2.94,245.343,40.1014,2014,Transit,6099,1.127,
Kepler-404 c,Kepler-404,286.399,45.3435,812.524,1.72,3.61,14.7512,2014,Transit,5654,0.884,
Kepler-1254 b,Kepler-1254,285.173,48.77,622.818,1.55,3.02,9.99113,2016,Transit,4985,0.75,
HD 37124 d,HD 37124,84.26,20.729,31.663,14,221.21,1862,2005,Radial Velocity,5699,0.949,G4 V
WASP-3 b,WASP-3,278.632,35.6614,231.161,15.917,772.327,1.84683,2007,Transit,6400,1.44,
Kepler-1936 b,Kepler-1936,290.73,44.8361,871.096,3.166,10.2,126.557,2021,Transit,6501,1.854,
Kepler-1615 b,Kepler-1615,286.359,42.2274,1393.83,2.06,4.9,47.3126,2016,Transit,5865,1.05,
Kepler-327 d,Kepler-327,292.642,44.0876,241.987,1.73,3.64,13.9695,2014,Transit,3799,0.492,
Kepler-1301 b,Kepler-1301,286.604,42.4403,854.28,1.4,2.54,9.08237,2016,Transit,5188,0.81,
Kepler-784 c,Kepler-784,295.921,47.4486,1303.72,1.55,3.02,17.1572,2023,Transit,5676,1.487,
Kepler-1553 b,Kepler-1553,291.919,39.0222,692.594,1.15,1.6,4.24262,2016,Transit,5288,0.81,
TOI-2227 b,TOI-2227,337.518,-67.8501,165.441,3.099,9.79,4.22176,2026,Transit,5890,1.208,
Kepler-1862 b,Kepler-1862,296.753,49.3781,1232.19,2.203,5.49,16.0573,2021,Transit,5644,0.806,
Kepler-990 b,Kepler-990,297.938,46.8813,802.163,2.6,7.27,9.91723,2016,Transit,5948,1.08,
Kepler-1537 b,Kepler-1537,294.385,43.8254,517.292,1.18,1.76,1.44445,2016,Transit,5079,0.77,
HATS-28 b,HATS-28,284.4,-49.1385,535.383,13.384,213.582,3.18108,2016,Transit,5498,0.922,G
HR 858 d,HR 858,42.985,-30.8141,31.964,2.001,7.1,11.2305,2019,Transit,6354,1.258,F6 V
TOI-2193 A b,TOI-2193 A,313.691,-72.8046,337.064,19.84,298.759,2.12257,2022,Transit,5966,1.248,
GJ 9773 b,GJ 9773,333.15,8.55034,15.921,14.2,172.581,2965,2025,Radial Velocity,3528,0.362,M3.0 V
Kepler-1785 b,Kepler-1785,295.792,47.6001,745.74,2.704,7.77,19.5855,2021,Transit,5618,0.996,
Kepler-130 d,Kepler-130,288.451,40.2452,316.663,1.64,3.33,87.5179,2014,Transit,5884,1.127,
HD 13808 c,HD 13808,33.1781,-53.7438,28.23,3.13,9.96,53.753,2021,Radial Velocity,5035,0.781,K2 V
Kepler-340 b,Kepler-340,295.933,40.3006,808.762,2.53,6.94,14.8444,2014,Transit,6620,1.85,
HD 125271 b,HD 125271,216.647,-81.4543,39.347,12.4,3465.6,14902,2022,Radial Velocity,4704,0.751,
Kepler-1085 b,Kepler-1085,287.478,46.1412,1364.53,7.22,41.2,219.322,2016,Transit,6000,1.14,
Kepler-1404 b,Kepler-1404,296.009,50.4984,962.183,2.01,4.7,15.9315,2016,Transit,5261,0.8,
K2-99 c,K2-99,208.774,-5.44249,519.229,12.6,2669.76,522.2,2022,Radial Velocity,6069,2.55,G0 IV
TOI-1728 b,TOI-1728,120.612,64.7972,60.798,5.05,26.78,3.49151,2020,Transit,3980,0.624,M0
HATS-74 A b,HATS-74 A,171.015,-19.557,299.389,11.568,464.029,1.73186,2021,Transit,3777,0.576,
Kepler-1207 b,Kepler-1207,295.064,49.359,1754.19,1.62,3.26,13.6824,2016,Transit,5909,1.06,
Kepler-1636 b,Kepler-1636,294.058,46.441,1947.54,3.23,10.5,425.478,2016,Transit,5797,1.02,
Kepler-1267 b,Kepler-1267,299.17,43.441,1379.43,3.01,9.32,13.0314,2016,Transit,6096,1.2,
K2-73 c,K2-73,335.026,-9.05609,269.183,13,1142,1000,2025,Radial Velocity,5867,1.058,
K2-285 b,K2-285,349.384,1.30015,154.961,2.59,9.68,3.47174,2018,Transit,4975,0.787,K2 V
WISPIT 1 c,WISPIT 1,117.799,-50.1377,230.007,12.8,1684.49,,2025,Imaging,4670,1.116,K4 V
TIC 349520724 b,TIC 349520724,111.231,-64.6398,241.105,2.826,8.38,7.94045,2026,Transit,5099,0.819,
LP 714-47 b,LP 714-47,64.1902,-12.0849,52.616,4.25,28.38,4.05203,2020,Transit,4123,0.536,M1 V
Kepler-963 b,Kepler-963,296.753,45.0411,771.494,2.66,7.56,9.97684,2016,Transit,5461,0.87,G
XO-2 S b,XO-2 S,117.031,50.2169,151.398,10.9,82.635,18.22,2014,Radial Velocity,5325,1.02,G8 V
Kepler-1748 b,Kepler-1748,285.968,45.7391,1083.28,2.713,7.81,5.82352,2021,Transit,5774,0.864,
Kepler-336 d,Kepler-336,290.238,41.3314,768.86,2.37,6.21,20.6788,2014,Transit,5867,1.304,
Kepler-712 b,Kepler-712,294.91,42.9352,872.493,3.41,11.5,21.0225,2016,Transit,5148,0.78,
TOI-4364 b,TOI-4364,80.0669,-4.23925,43.966,2.01,4.7,5.42402,2025,Transit,3528,0.468,M4 V
EPIC 201427007 b,EPIC 201427007,184.602,-0.55129,706.391,1.5,2.86,0.72091,2021,Transit,5633,0.94,
TOI-2992 b,TOI-2992,164.317,-32.3224,542.026,13.753,1058.37,3.00781,2025,Transit,6000,1.545,
K2-268 b,K2-268,133.709,11.8483,327.783,1.5,2.86,2.15168,2018,Transit,5106,0.78,
Kepler-1096 b,Kepler-1096,294.709,45.9695,377.976,1.24,2.07,2.89222,2016,Transit,4306,0.63,
TOI-615 b,TOI-615,133.409,-40.5437,360.408,18.977,138.255,4.6616,2023,Transit,6850,1.732,F2 V
HAT-P-28 b,HAT-P-28,13.0009,34.7284,401.319,13.585,198.953,3.25721,2011,Transit,5680,1.103,G3
Kepler-667 b,Kepler-667,295.555,49.0173,2302.45,4.73,20.1,41.4396,2016,Transit,5327,0.87,
Kepler-557 b,Kepler-557,293.708,41.6151,2097.12,2.67,7.61,3.70599,2016,Transit,6068,1.16,
EPIC 206024342 d,EPIC 206024342,331.277,-14.1218,369.888,2.6,7.27,14.6475,2021,Transit,5724,1.1,
rho CrB c,rho CrB,240.26,33.3002,17.467,5.68,27.442,102.036,2016,Radial Velocity,5817,1.362,G0
Kepler-483 b,Kepler-483,291.647,41.8847,860.355,3.21,10.4,30.2291,2016,Transit,6346,1.47,
HD 73534 b,HD 73534,129.815,12.96,83.332,13.7,353.427,1750,2008,Radial Velocity,4917,2.58,G5
HD 35843 b,HD 35843,81.3489,-44.4313,69.603,2.29,5.84,9.8991,2025,Radial Velocity,5666,0.897,
Kepler-116 b,Kepler-116,294.742,43.5368,955.168,3.42,11.6,5.96873,2014,Transit,6142,1.454,
HAT-P-62 b,HAT-P-62,74.5044,48.3009,348.815,12.027,241.867,2.64532,2021,Transit,5629,1.17,
TOI-3896 b,TOI-3896,187.93,63.9085,181.653,3.149,10.1,4.3773,2026,Transit,5111,0.748,
Kepler-443 b,Kepler-443,288.61,49.9686,802.271,2.33,6.04,177.669,2015,Transit,4723,0.706,
TOI-4504 d,TOI-4504,114.467,-62.0783,342.605,11.26,643,41.2872,2024,Transit Timing Variations,5315,0.93,K1 V
HD 150010 b,HD 150010,247.867,72.6126,144.49,13.3,762.788,562,2022,Radial Velocity,4153,16.2,K2 III
Kepler-552 b,Kepler-552,290.748,48.242,843.689,3.95,14.8,5.26342,2016,Transit,5863,1.04,
TOI-2719 b,TOI-2719,71.5549,-0.80487,588.368,5.98,29.9,3.37594,2025,Transit,5762,1.69,
HD 23596 b,HD 23596,57.0019,40.5307,52.002,12.4,3786.61,1535.12,2003,Radial Velocity,6040,1.53,F8
K2-347 b,K2-347,126.373,23.2974,320.336,2.41,6.39,7.18726,2021,Transit,4599,0.63,
Kepler-812 b,Kepler-812,288.855,48.2085,1482.74,3.55,12.3,10.1172,2016,Transit,6761,1.71,
TOI-2266 b,TOI-2266,245.28,31.577,51.6,1.54,2.99,2.32632,2024,Transit,3200,0.24,M5.0+0.5-0.5
Kepler-1187 b,Kepler-1187,286.892,38.3185,1020.53,2.61,7.32,18.8706,2016,Transit,5975,1.09,
Kepler-1547 b,Kepler-1547,283.764,42.2221,674.695,0.9,0.666,0.69298,2016,Transit,6078,1.18,
Kepler-170 b,Kepler-170,284.521,41.6297,738.657,3.2,82.6,7.93059,2014,Transit,5679,1.035,
GJ 15 A b,GJ 15 A,4.61267,44.0247,3.562,1.55,3.03,11.4407,2014,Radial Velocity,3607,0.38,M1
Kepler-100 b,Kepler-100,291.386,41.9901,304.645,1.34,4.01,6.88734,2014,Transit,5837,1.51,
Kepler-1258 b,Kepler-1258,285.405,49.9948,717.555,0.86,0.566,0.98494,2016,Transit,5839,0.99,
NSVS 14256825 b,NSVS 14256825,305.002,4.63237,820.877,12.3,4497.29,3225,2019,Eclipse Timing Variations,40000,0.188,
TOI-1266 b,TOI-1266,197.997,65.8337,36.012,2.52,4.46,10.8945,2020,Transit,3563,0.423,M2
Kepler-659 b,Kepler-659,287.608,47.5097,722.64,2.5,6.8,17.6718,2016,Transit,4870,0.74,
GJ 27.1 b,GJ 27.1,9.998,-44.2542,23.606,3.66,13,15.819,2014,Radial Velocity,3542,0.519,M0.5 V
TOI-4495 c,TOI-4495,286.363,37.026,132.214,4.03,23.2,5.18553,2024,Transit,6210,1.309,
Kepler-798 b,Kepler-798,292.478,42.1423,972.274,2.39,6.3,13.7193,2016,Transit,6224,1.29,
TOI-5082.01,TOI-5082,106.57,22.6832,43.141,2.548,7.03,4.24012,2024,Transit,5670,0.93,
Kepler-364 c,Kepler-364,281.57,47.3986,891.462,2.15,5.27,59.9806,2014,Transit,6108,1.284,
TOI-1260 d,TOI-1260,157.144,65.8542,73.598,3.12,11.84,16.6082,2022,Transit,4227,0.672,K6 V
HD 50499 b,HD 50499,103.008,-33.9153,46.285,13.5,519.97,2447.1,2005,Radial Velocity,6102,1.351,G1 V
HD 20794 f,HD 20794,49.9998,-43.0667,6.003,2.28,5.82,647.6,2025,Radial Velocity,5368,0.93,G6 V
Kepler-1595 b,Kepler-1595,285.723,43.0095,845.022,1.23,2.04,4.5638,2016,Transit,5203,0.8,
HD 99109 b,HD 99109,171.072,-1.52976,54.79,14.3,139.845,439.3,2005,Radial Velocity,5282,0.98,G8/K0 IV
KOI-3503 b,KOI-3503,293.151,41.7291,887.064,1.19,9.2,21.185,2021,Transit,6001,1.255,
Kepler-526 b,Kepler-526,297.651,47.3962,666.146,1.99,4.62,5.4585,2016,Transit,5894,1.14,
HD 28109 c,HD 28109,65.2383,-68.1027,139.611,4.13,9.2,55.9971,2022,Transit,6189,1.425,F8
K2-11 b,K2-11,169.042,1.98668,329.309,7.55,44.4,39.9377,2015,Transit,5433,5.15,G8
NGTS-26 b,NGTS-26,217.683,-31.7325,1093.69,14.886,92.806,4.51993,2024,Transit,5550,1.16,
KOI-319 b,KOI-319,290.118,44.873,660.138,10.67,3178.28,46.1483,2014,Transit,5880,2.064,
TOI-1743 b,TOI-1743,257.747,71.8722,41.276,1.83,4.01,4.26605,2025,Transit,3277,0.338,M4 V
Kepler-1837 b,Kepler-1837,288.208,45.6835,1229.18,2.067,4.92,5.90609,2021,Transit,5966,0.961,
Kepler-1986 b,Kepler-1986,292.958,42.8549,912.085,1.89,4.23,19.549,2023,Transit,5549,0.732,
Kepler-696 b,Kepler-696,293.497,41.1376,1416.44,6.14,31.3,4.19043,2016,Transit,5903,1.08,
Kepler-189 c,Kepler-189,287.565,44.3051,591.534,2.38,22.7,20.1349,2014,Transit,5235,0.75,
HD 105618 b,HD 105618,182.402,11.2116,70.084,5.44,25.426,10.0224,2022,Radial Velocity,5671,1.274,
TOI-1301.01,TOI-1301,275.863,71.5817,90.869,2.477,6.7,6.09641,2024,Transit,4820,0.732,
Kepler-1497 b,Kepler-1497,296.196,45.6343,1122,1.66,3.39,8.742,2016,Transit,5675,0.95,
EPIC 212624936 b,EPIC 212624936,210.638,-10.0237,561.929,1.2,1.87,0.57866,2021,Transit,5765,0.93,
Kepler-194 b,Kepler-194,291.971,47.864,1097.97,1.51,2.89,2.09228,2014,Transit,6089,1.025,
Kepler-661 b,Kepler-661,283.711,47.8632,534.788,3.07,9.64,6.0293,2016,Transit,4483,0.67,
Kepler-529 c,Kepler-529,285.888,47.8804,799.008,2,4.66,12.8345,2016,Transit,6087,1.14,
HAT-P-61 b,HAT-P-61,75.4802,50.1312,338.84,10.077,335.945,1.90231,2021,Transit,5587,0.938,
TOI-2589 b,TOI-2589,107.488,-37.2309,200.273,12.106,1112.4,61.6277,2023,Transit,5579,1.07,
HD 95872 b,HD 95872,165.866,-22.0943,72.219,13,1188.68,4375,2015,Radial Velocity,5312,0.84,K0 V
Kepler-1412 b,Kepler-1412,292.18,49.2025,755.678,0.83,0.498,3.61461,2016,Transit,5880,1.27,
Kepler-760 c,Kepler-760,287.593,44.1794,792.336,1.48,2.79,2.46697,2016,Transit,5322,0.85,
2MASS J0249-0557 c,2MASS J0249-0557 A,42.4852,-5.95999,66.061,17.374,3616.89,,2018,Imaging,2859,0.316,M6 V
TOI-4504 c,TOI-4504,114.467,-62.0783,342.605,11.17,821,82.8191,2024,Transit,5315,0.93,K1 V
Kepler-1540 b,Kepler-1540,283.345,41.2017,244.96,2.49,6.76,125.413,2016,Transit,4540,0.69,
TIC 445839811 b,TIC 445839811,200.119,48.4073,235.655,2.478,6.7,11.1086,2026,Transit,5408,0.85,
Kepler-225 c,Kepler-225,292.194,47.4571,561.101,1.84,4.04,18.7942,2014,Transit,3682,0.48,M1 V
Kepler-180 b,Kepler-180,295.571,49.7745,695.65,1.5,2.86,13.8171,2014,Transit,5731,1.063,
HD 18438 b,HD 18438,46.5318,79.4186,224.146,12.1,6674.4,803,2023,Radial Velocity,3860,88.475,M2.5 III
HD 154088 b,HD 154088,256.116,-28.5838,18.269,2.46,6.6,18.56,2021,Radial Velocity,5374,0.95,K0 IV-V
HD 24064 b,HD 24064,59.151,74.0801,300.247,12.3,4096.83,535.6,2015,Radial Velocity,4052,40,K0
Kepler-1349 b,Kepler-1349,286.339,48.7443,276.323,0.7,0.271,2.12824,2016,Transit,6086,1.28,
HD 29399 b,HD 29399,68.3903,-62.8238,44.152,13.5,498.991,892.7,2022,Radial Velocity,4845,4.5,K1 III
TOI-4511 b,TOI-4511,49.3053,15.5017,121.832,2.753,8.01,10.9809,2026,Transit,5419,1.001,
Kepler-1306 b,Kepler-1306,294.478,46.9459,1107.5,1.91,4.31,16.296,2016,Transit,5727,0.97,
TOI-2200 b,TOI-2200,98.7835,-72.4568,251.245,6.963,38.7,2.93603,2026,Transit,5036,0.826,
K2-285 c,K2-285,349.384,1.30015,154.961,3.53,15.68,7.13805,2018,Transit,4975,0.787,K2 V
Kepler-345 b,Kepler-345,295.229,45.971,260,0.74,0.48,7.41556,2014,Transit,4504,0.623,
Kepler-539 c,Kepler-539,299.122,41.8668,307.318,13.3,762.792,1000,2016,Transit Timing Variations,5820,0.952,G2 V
HD 33844 b,HD 33844,78.1506,-14.951,105.779,13.4,638.838,551.4,2015,Radial Velocity,4861,5.39,K0 III
GJ 317 c,GJ 317,130.245,-23.4528,15.197,13.6,454.495,6500,2016,Radial Velocity,3496,0.403,M3.5 V
Kepler-467 b,Kepler-467,287.363,38.6497,466.265,2.25,5.69,24.9932,2016,Transit,5809,1.37,
Kepler-964 b,Kepler-964,295.3,40.5566,454.626,2.12,5.14,13.5225,2016,Transit,5427,0.84,
TOI-1386 c,TOI-1386,334.504,54.319,146.858,10.3,75.2,232,2024,Radial Velocity,5735,1.024,G5V
HD 99706 c,HD 99706,172.126,43.9662,146.6,12.8,1808.45,1278,2016,Radial Velocity,4891,5.4,K0
Kepler-1262 b,Kepler-1262,288.772,42.2132,1054.87,1.82,3.97,8.679,2016,Transit,5771,0.98,
BEBOP-3 b,BEBOP-3,110.903,79.1324,119.052,14.2,177.348,547,2025,Radial Velocity,6033,1.414,
Kepler-1071 b,Kepler-1071,293.058,45.2488,1042.27,2.38,6.26,6.17998,2016,Transit,5215,0.81,
Kepler-1809 b,Kepler-1809,290.265,40.5485,409.602,1.513,2.9,3.7573,2021,Transit,4901,0.716,
K2-242 b,K2-242,179.836,-6.51785,109.237,2.54,6.99,6.51389,2018,Transit,3459,0.37,
TIC 77319217 b,TIC 77319217,71.0407,-39.8976,267.62,3.109,9.85,7.54831,2026,Transit,5962,1.184,
Kepler-649 b,Kepler-649,285.656,45.0795,513.748,2.26,5.73,29.9072,2016,Transit,5871,0.94,
HAT-P-55 b,HAT-P-55,264.274,25.7311,511.388,14.841,189.426,3.58523,2015,Transit,5804,1.105,
Kepler-344 c,Kepler-344,292.5,46.3243,1002.94,2.95,9.01,125.597,2014,Transit,5774,0.976,
HIP 65891 b,HIP 65891,202.605,-58.6644,150.292,12.7,1938.75,1089.6,2015,Radial Velocity,5000,8.93,K0 III
GJ 4274 c,GJ 4274,335.781,-17.6104,7.236,2.83,8.39,69.57,2026,Radial Velocity,3228,0.19,M4.5 V
Kepler-1111 b,Kepler-1111,295.463,45.8128,841.536,2,4.66,8.79618,2016,Transit,6077,1.15,
Kepler-172 b,Kepler-172,283.368,41.8218,828.592,2.35,6.12,2.94031,2014,Transit,5526,1.085,
K2-139 b,K2-139,289.067,-17.9107,153.856,9.11,123,28.3806,2017,Transit,5370,0.88,K0 V
HD 64121 b,HD 64121,117.365,-54.8126,129.966,13.2,813.641,623,2022,Radial Velocity,5078,5.44,G8/K0 III
Kepler-902 b,Kepler-902,289.732,46.9539,1165.34,2.54,6.99,40.1099,2016,Transit,5647,0.93,
Kepler-894 b,Kepler-894,288.734,46.9394,1162.91,2.78,8.15,9.80322,2016,Transit,5603,0.85,
Kepler-1794 b,Kepler-1794,300.62,45.7888,561.229,1.794,3.87,9.76298,2021,Transit,5052,0.816,
TOI-1064 b,TOI-1064,296.004,-47.562,68.073,2.587,13.5,6.44387,2022,Transit,4734,0.726,
Kepler-884 b,Kepler-884,292.584,49.9232,476.733,1.23,2.04,5.6992,2016,Transit,5715,0.94,
Kepler-1019 b,Kepler-1019,283.718,47.2044,194.182,1.46,2.73,1.41123,2016,Transit,4433,0.67,
WASP-28 b,WASP-28,353.616,-1.57998,348.494,13.664,282.549,3.40883,2014,Transit,6084,1.083,F8
GJ 3341 b,GJ 3341,78.9471,-31.2949,23.619,2.46,6.6,14.207,2015,Radial Velocity,3526,0.439,M2.5
TOI-4552 b,TOI-4552,264.714,-47.6371,27.268,1.11,1.83,0.3011,2026,Transit,3258,0.287,M4.5 V
GJ 1289 b,GJ 1289,355.781,36.5363,8.351,2.38,6.27,111.74,2024,Radial Velocity,3296,0.245,M4.5 Ve
Kepler-555 b,Kepler-555,285.517,38.9325,973.121,2.83,8.4,16.2177,2016,Transit,5894,1.04,
Kepler-683 b,Kepler-683,291.44,37.9056,1023.07,1.97,4.54,2.53918,2016,Transit,5703,0.95,
HATS-10 b,HATS-10,294.307,-22.2045,534.889,10.862,167.179,3.31285,2015,Transit,5880,1.105,
Kepler-1977 b,Kepler-1977,290.618,37.2891,592.711,1.66,3.39,4.53702,2023,Transit,4805,0.688,
Kepler-715 b,Kepler-715,283.631,43.3794,1327.44,3.75,13.5,10.0065,2016,Transit,5871,1.04,
Kepler-164 d,Kepler-164,287.781,47.6298,890.758,2.45,6.57,28.9868,2014,Transit,5888,1.148,
Kepler-786 b,Kepler-786,293.744,38.9392,485.318,2.43,6.48,53.5294,2016,Transit,4838,0.74,
TOI-3785 b,TOI-3785,130.9,63.0781,79.763,5.14,14.95,4.67474,2023,Transit,3576,0.5,M2 V
WASP-145 A b,WASP-145 A,322.254,-58.8362,91.299,10.088,282.869,1.76904,2018,Transit,4900,0.68,K2 V
WASP-136 b,WASP-136,0.32576,-8.92625,275.587,16.813,479.921,5.21536,2016,Transit,6250,2.39,F
HATS-12 b,HATS-12,289.202,-19.3559,746.138,7.76,759.614,3.1427,2016,Transit,6357,1.17,F
TOI-1296 b,TOI-1296,256.771,70.2385,323.265,14.116,95.3,3.94437,2021,Transit,5567,1.703,
HD 98736 b,HD 98736,170.455,18.1896,32.446,13.3,740.544,968.8,2018,Radial Velocity,5271,0.93,G5
Kepler-1136 b,Kepler-1136,284.108,44.2458,491.406,1.64,3.33,2.36172,2016,Transit,4512,0.68,
GJ 667 C f,GJ 667 C,259.751,-34.9978,7.244,1.45,2.7,39.026,2013,Radial Velocity,3350,,M1.5 V
Kepler-635 b,Kepler-635,289.773,40.8007,1141.08,2.64,7.46,23.4497,2016,Transit,6174,1.51,
TOI-1279 b,TOI-1279,185.063,56.2014,107.055,2.661,10.6,9.61419,2024,Transit,5457,0.843,
Kepler-468 b,Kepler-468,288.902,49.3704,442.871,13.34,,38.4788,2016,Transit,5498,0.87,
DE CVn b,DE CVn,201.721,45.5455,30.523,12.4,3823.27,4098.1,2018,Eclipse Timing Variations,3579,0.425,
TOI-682.01,TOI-682,167.885,-22.0728,83.155,3.742,13.5,6.83924,2021,Transit,5085,1.08,
USco CTIO 108 b,USco CTIO 108,241.475,-18.3124,144.019,12.3,4449.62,,2008,Imaging,2700,0.345,M7
Kepler-1496 b,Kepler-1496,293.974,45.3507,1307.66,2.22,5.56,64.6588,2016,Transit,6182,1.27,
HD 102272 b,HD 102272,176.598,14.124,347.097,12.9,1570.08,127.58,2008,Radial Velocity,4790,10.3,K0
Kepler-366 c,Kepler-366,296.852,49.0844,1856.28,1.79,3.86,12.5162,2014,Transit,6209,1.048,
KOI-2513.01,KOI-2513,293.669,46.3792,1369.87,2.802,7310.05,19.0055,2023,Transit,5900,1.2,
Kepler-537 b,Kepler-537,289.881,51.277,439.4,1.41,2.57,3.24756,2016,Transit,5763,0.99,
GJ 3323 b,GJ 3323,75.4869,-6.94851,5.375,1.23,2.02,5.3636,2017,Radial Velocity,3159,0.119,M4
TOI-4495 b,TOI-4495,286.363,37.026,132.214,2.483,7.7,2.56699,2026,Transit,6210,1.309,
Kepler-1761 b,Kepler-1761,284.133,49.1426,221.186,1.391,2.51,4.04354,2021,Transit,3871,0.532,
NGTS-6 b,NGTS-6,75.7954,-30.3995,308.262,14.863,425.574,0.88206,2019,Transit,4730,0.754,
Kepler-920 c,Kepler-920,284.297,49.1586,1001.68,3.8,13.8,100.827,2016,Transit,5403,0.85,
Kepler-818 b,Kepler-818,296.235,39.3703,925.037,5.11,22.9,10.0354,2016,Transit,5638,0.92,
Kepler-139 c,Kepler-139,282.392,43.8894,391.038,3.38,13,157.073,2014,Transit,5594,1.3,
Kepler-959 b,Kepler-959,292.171,40.8114,807.729,4.38,17.6,14.8008,2016,Transit,7005,2.01,
BD-210397 c,BD-210397,33.3024,-21.1962,23.732,12.9,1525.58,6240,2023,Radial Velocity,4051,0.747,K7 V
Kepler-1436 b,Kepler-1436,297.712,46.768,2530.62,1.31,2.27,9.70572,2016,Transit,5972,1.09,
HU Aqr AB c,HU Aqr,316.992,-5.29487,192.198,12.9,1430.23,4368,2011,Eclipse Timing Variations,5952,,
Kepler-1597 b,Kepler-1597,288.164,42.481,1221.05,1.06,1.2,2.94654,2016,Transit,6377,1.39,
WASP-83 b,WASP-83,190.152,-19.2843,271.103,11.657,95.349,4.97125,2015,Transit,5510,1.05,G8
HD 116029 c,HD 116029,200.165,24.6485,123.245,13.7,403.644,907,2016,Radial Velocity,4951,4.6,K0
Kepler-282 e,Kepler-282,284.677,44.7976,1337.61,3.1,56.2,44.347,2013,Transit,5656,0.89,
XO-2 S c,XO-2 S,117.031,50.2169,151.398,13.6,438.603,120.059,2014,Radial Velocity,5325,1.02,G8 V
Kepler-850 b,Kepler-850,293.084,48.5754,1661.28,1.78,3.82,7.19304,2016,Transit,5932,1.09,
Kepler-65 d,Kepler-65,288.689,41.1511,303.728,1.52,4.14,8.13123,2012,Transit,6211,1.41,
Kepler-1090 b,Kepler-1090,295.663,44.5258,858.77,2.25,5.69,198.68,2016,Transit,5321,0.82,
TOI-715 b,TOI-715,113.852,-73.5774,42.405,1.55,3.02,19.288,2023,Transit,3075,0.24,M4
GJ 393 b,GJ 393,157.229,0.83785,7.031,1.17,1.71,7.02679,2021,Radial Velocity,3579,0.426,M2.0 V
Kepler-1680 b,Kepler-1680,297.075,39.9339,310.315,1.36,2.42,8.77424,2020,Transit,5021,0.723,
Gaia-2 b,Gaia-2,110.735,67.2527,209.229,14.818,259.666,3.69152,2022,Transit,5720,1.064,
WASP-124 b,WASP-124,332.714,-30.7497,448.637,13.899,190.698,3.37265,2016,Transit,6050,1.02,F9
TOI-1439 b,TOI-1439,241.764,67.8776,230.306,4.243,38.5,27.644,2024,Transit,5841,1.618,
GJ 1061 c,GJ 1061,54.0033,-44.5143,3.673,1.19,1.81,6.6821,2020,Radial Velocity,2953,0.156,M5.5 V
K2-50 b,K2-50,169.484,5.98829,257.443,1.59,3.15,8.7529,2016,Transit,4326,0.546,
Kepler-23 b,Kepler-23,294.219,49.4793,835.756,1.638,2.56,7.1,2011,Transit,5828,1.548,
Kepler-257 b,Kepler-257,297.316,46.0233,780.256,2.61,7.32,2.38267,2014,Transit,5180,1.037,
TOI-1736 c,TOI-1736,43.4345,69.1013,88.948,12.5,2800,571.25,2023,Radial Velocity,5636,1.429,
Kepler-310 d,Kepler-310,288.839,46.9868,602.268,2.47,7,92.8761,2014,Transit,5797,0.876,
WASP-192 b,WASP-192,223.659,-38.7445,508.885,13.787,731.009,2.87868,2019,Transit,5910,1.32,G0 V
Kepler-184 b,Kepler-184,291.952,43.0746,610.326,2.36,6.17,10.6876,2014,Transit,5788,0.873,
Kepler-1744 b,Kepler-1744,291.021,42.4625,1091.63,3.768,13.6,37.1011,2021,Transit,5986,0.85,
Kepler-1107 b,Kepler-1107,291.05,39.1417,428.798,1.34,2.36,0.57104,2016,Transit,5268,0.82,
Kepler-40 b,Kepler-40,296.814,47.5265,2305.01,13.11,699.2,6.87349,2010,Transit,6510,2.13,F5 IV
TOI-908 b,TOI-908,53.1594,-81.2507,175.748,3.186,16.137,3.18379,2023,Transit,5626,1.028,G V
Kepler-851 b,Kepler-851,294.68,49.1401,839.255,1.68,3.46,8.507,2016,Transit,5455,0.85,
HD 99492 c,HD 99492,171.69,3.00713,18.204,4.42,17.9,95.233,2023,Radial Velocity,4929,0.823,K2 V
G 264-012 c,G 264-012,326.672,66.8038,16.009,1.76,3.75,8.0518,2021,Radial Velocity,3326,0.305,M4.0 V
Kepler-827 b,Kepler-827,294.966,42.7086,2046.68,5.63,27,51.9293,2016,Transit,5602,0.91,
Kepler-228 c,Kepler-228,296.286,48.2246,1644.61,2.7,7.75,4.13444,2014,Transit,6043,1.014,
K2-346 b,K2-346,125.986,22.6632,105.58,2.26,5.73,26.2015,2021,Transit,4801,0.7,
Kepler-77 b,Kepler-77,289.608,44.3454,639.411,10.761,136.661,3.57878,2013,Transit,5520,0.99,G5 V
Kepler-1509 b,Kepler-1509,283.798,46.931,2002.96,1.85,4.08,25.4338,2016,Transit,5780,0.99,
GJ 581 b,GJ 581,229.856,-7.72269,6.298,4.79,20.5,5.3686,2005,Radial Velocity,3500,0.302,M3.0 V
K2-403 b,K2-403,164.189,9.67395,246.599,5.333,24.6,33.59,2022,Transit,5511,0.886,G4
HD 43691 b,HD 43691,94.8946,41.0921,85.601,13.2,810.466,36.9987,2007,Radial Velocity,6093,1.6,G0
Kepler-1574 b,Kepler-1574,292.159,49.6378,1384.16,1.29,2.21,6.94243,2016,Transit,5892,1.08,
Kepler-238 f,Kepler-238,287.897,40.6378,1798.75,2,13.5,50.447,2013,Transit,5800,0.96,
K2-253 b,K2-253,186.085,-6.37895,876.565,12.67,,4.00167,2018,Transit,6027,1.1,
Kepler-1290 b,Kepler-1290,290.685,43.8596,1593.7,1.42,2.6,4.695,2016,Transit,5660,0.93,
Kepler-68 d,Kepler-68,291.032,49.0402,144.166,13.9,267,632.62,2013,Radial Velocity,5847,1.256,
Kepler-218 b,Kepler-218,295.413,46.2666,656.38,1.48,2.79,3.61934,2014,Transit,5502,1.063,
Kepler-645 b,Kepler-645,290.323,44.0359,1173.57,2.1,5.06,3.27582,2016,Transit,6170,1.21,
TOI-1450 A b,TOI-1450 A,286.854,59.0866,22.447,1.13,1.258,2.04393,2024,Transit,3437,0.483,M3.0 V
HD 206610 b,HD 206610,325.854,-7.40825,147.192,13.4,647.102,673.2,2009,Radial Velocity,4842,6.12,K0 III
Kepler-99 b,Kepler-99,297.354,41.3,208.369,1.48,6.15,4.60358,2014,Transit,4782,0.73,
Kepler-1010 b,Kepler-1010,289.193,44.1493,579.273,2.32,5.99,34.2686,2016,Transit,5253,0.82,
Kepler-687 b,Kepler-687,289.315,39.1533,633.66,3.52,12.2,20.5059,2016,Transit,4841,0.73,
UCAC4 328-061594 b,UCAC4 328-061594,152.699,-24.4533,39.909,12.1,6674.4,,2024,Imaging,,,DC
Kepler-1363 b,Kepler-1363,296.996,49.2563,541.714,1.25,2.1,2.94194,2016,Transit,4839,0.72,
Kepler-296 b,Kepler-296,286.54,49.4373,167,1.61,3.22,10.8644,2014,Transit,3740,0.48,M2 V
BD+48 738 b,BD+48 738,40.7103,49.5869,871.493,13.9,289.225,392.6,2011,Radial Velocity,4414,11,K0 III
HR 8799 c,HR 8799,346.87,21.134,41.244,13,3000,69000,2008,Imaging,7205,1.493,A5 V
Kepler-1773 b,Kepler-1773,286.223,38.2582,681.255,3.505,12.1,40.8097,2021,Transit,6183,1.3,
Kepler-989 b,Kepler-989,281.583,47.2335,491.978,2.21,5.52,7.96432,2016,Transit,5074,0.78,
Kepler-1508 b,Kepler-1508,298.119,40.375,1260.28,1.33,2.33,20.7056,2016,Transit,6158,1.22,
TOI-7041 b,TOI-7041,357.802,-50.8699,439.52,11.433,114.418,9.691,2025,Transit,4700,4.1,
K2-37 c,K2-37,243.451,-24.7871,179.943,2.41,6.39,6.42966,2016,Transit,5352,0.809,G3 V
2MASS J19383260+4603591 b,2MASS J19383260+4603591,294.636,46.0664,396.332,13.4,603.877,406,2015,Eclipse Timing Variations,29564,0.203,
TOI-1260 b,TOI-1260,157.144,65.8542,73.598,2.41,8.56,3.12746,2021,Transit,4227,0.672,K6 V
HIP 39330 b,HIP 39330,120.612,-46.3353,36.396,13.5,530.773,4650,2026,Radial Velocity,5748,1.028,G5 V
Kepler-52 c,Kepler-52,286.738,49.9757,321.542,1.84,45.4,16.385,2012,Transit,4075,0.52,M0 V
Kepler-1637 b,Kepler-1637,282.237,48.1542,567.187,0.89,0.64,6.1096,2016,Transit,5789,1.02,
Kepler-1990 b,Kepler-1990,299.705,44.4357,392.739,3.27,10.7,1.73514,2023,Transit,5751,1.071,
TOI-1749 c,TOI-1749,282.737,64.4195,99.556,2.12,14,4.4929,2021,Transit,3985,0.55,M0 V
GJ 9714 b,GJ 9714,315.414,-32.525,20.512,12.5,2988.54,19240.8,2022,Radial Velocity,4263,0.663,K5V
Kepler-312 b,Kepler-312,298.396,42.4598,797.72,1.29,2.21,1.77242,2014,Transit,6115,1.467,
Kepler-1671 b,Kepler-1671,291.748,39.4468,357.059,1.326,2.32,4.16787,2020,Transit,5136,0.93,
Kepler-466 b,Kepler-466,295.649,48.4955,530.122,2.85,8.5,51.0793,2016,Transit,5927,1.05,
UZ For c,UZ For,53.8695,-25.7394,239.604,,2447.2,1916.25,2011,Eclipse Timing Variations,5287,,
HD 63765 b,HD 63765,116.958,-54.2653,32.538,14.2,168.45,358,2011,Radial Velocity,5449,0.83,G9 V
TOI-7008 b,TOI-7008,216.988,79.4504,410.467,4.947,21.7,0.84069,2026,Transit,5116,0.953,
Kepler-1038 c,Kepler-1038,298.972,44.1324,584.136,1.416,2.59,7.12766,2021,Transit,5159,0.821,
TOI-3877 b,TOI-3877,170.454,33.9914,493.77,11.68,99.798,4.1236,2025,Transit,5731,1.445,
Kepler-1699 b,Kepler-1699,292.137,48.9172,818.759,1.567,3.08,3.49082,2020,Transit,5576,0.725,
HD 143105 b,HD 143105,238.402,68.72,46.779,13.7,384.574,2.1974,2016,Radial Velocity,6380,1.647,F5
HD 191939 e,HD 191939,302.026,66.8503,53.609,13,112.2,101.12,2022,Radial Velocity,5348,0.94,G9 V
Kepler-1569 b,Kepler-1569,292.205,37.2212,945.454,1.68,3.46,5.7918,2016,Transit,6319,1.4,
Kepler-859 b,Kepler-859,286.742,43.1901,839.903,3.09,9.75,20.3818,2016,Transit,5020,0.77,
HD 83443 b,HD 83443,144.299,-43.2727,40.899,14.1,127.767,2.98563,2002,Radial Velocity,5442,0.94,K0 V
Kepler-106 b,Kepler-106,300.864,44.3376,444.322,0.82,5.3,6.16486,2014,Transit,5858,1.04,
Kepler-834 b,Kepler-834,287.054,45.1803,633.937,2.02,4.74,13.3239,2016,Transit,4554,0.66,
K2-249 b,K2-249,183.367,-8.99523,521.716,2.79,8.2,12.409,2018,Transit,6504,1.57,
Kepler-454 c,Kepler-454,287.479,38.2291,230.869,12.9,1433.41,524.19,2015,Radial Velocity,5687,1.066,
HD 33283 b,HD 33283,77.0045,-26.7977,89.862,12.5,104.566,18.1991,2006,Radial Velocity,5935,1.97,G3/G5 V
Kepler-169 e,Kepler-169,286,40.9194,406.529,2.2,5.48,13.7671,2014,Transit,4997,0.763,
GJ 536 b,GJ 536,210.26,-2.65229,10.409,2.41,6.37,8.70874,2016,Radial Velocity,3641,0.529,M1 V
TOI-2236 b,TOI-2236,20.166,-86.98,355.59,14.37,502.169,3.53159,2022,Transit,6248,1.573,
HD 159868 c,HD 159868,264.747,-43.1462,55.85,14,244.093,351,2012,Radial Velocity,5534,2.13,G5 V
Kepler-1665 b,Kepler-1665,290.396,41.0399,335.515,2.839,8.44,11.9548,2020,Transit,5050,0.778,
HIP 111909 b,HIP 111909,340.03,-49.5985,88.077,13.7,384.572,487.08,2025,Radial Velocity,4891,4.53,K1 III
Kepler-1125 b,Kepler-1125,295.481,40.7319,2011.41,1.84,4.04,17.6701,2016,Transit,5683,0.94,
Kepler-384 b,Kepler-384,286.026,44.7829,895.678,1.12,1.46,22.597,2014,Transit,5577,0.882,
HD 37605 b,HD 37605,85.0074,6.05951,46.786,13.2,854.963,55.0129,2004,Radial Velocity,5329,0.91,K0
Kepler-1618 b,Kepler-1618,295.175,45.9309,1229.25,1.26,2.13,6.10826,2016,Transit,6620,1.65,
Kepler-352 d,Kepler-352,299.897,46.0519,252.733,0.806,0.449,6.88728,2021,Transit,5208,0.772,
K2-148 c,K2-148,14.5176,-0.19326,124.458,1.73,3.64,6.9226,2018,Transit,4079,0.632,
NGTS-9 b,NGTS-9,141.921,-19.3477,609.128,11.994,921.707,4.43527,2019,Transit,6330,1.38,F8 V
Kepler-584 b,Kepler-584,288.231,42.4136,1848.84,4.21,16.5,35.181,2016,Transit,6195,1.24,
Kepler-92 b,Kepler-92,289.086,41.563,477.992,3.51,64.3,13.749,2013,Transit,5883,1.7,
TOI-277 b,TOI-277,19.0767,-20.9533,64.669,2.65,7.51,3.994,2022,Transit,4031,0.362,
EPIC 212297394 b,EPIC 212297394,207.206,-17.6099,418.395,1.48,2.79,2.28936,2019,Transit,5171,0.8,
TIC 67686059 b,TIC 67686059,19.8843,-35.293,249.203,2.591,7.23,3.52164,2026,Transit,5090,0.82,
K2-270 b,K2-270,131.267,13.5497,280.518,1.38,2.48,1.54307,2018,Transit,4877,0.77,
TIC 160113658 b,TIC 160113658,59.4556,-41.632,200.156,3.49,12,6.72952,2026,Transit,4817,0.79,
Kepler-533 b,Kepler-533,293.686,48.825,302.955,3.38,11.4,28.5112,2016,Transit,4758,0.72,
VHS J125601.92-125723.9 b,VHS J125601.92-125723.9,194.009,-12.956,12.7,13.675,5085.26,5.8e+06,2015,Imaging,2620,,M7.5
HD 23079 c,HD 23079,54.9282,-52.9162,33.459,2.8,8.26,5.74891,2025,Radial Velocity,5994,1.08,F9.5 V
Kepler-55 e,Kepler-55,285.168,44.0265,578.796,1.55,3.02,4.61753,2014,Transit,4503,0.619,
GJ 887 b,GJ 887,346.503,-35.8473,3.287,1.8,3.9,9.2619,2020,Radial Velocity,3688,0.468,M1 V
Kepler-1467 b,Kepler-1467,295.049,45.3427,852.888,3.3,10.9,47.0569,2016,Transit,5332,0.82,
Kepler-199 c,Kepler-199,295.559,40.2362,521.054,3.25,10.6,67.0934,2014,Transit,5644,0.967,
HD 222076 b,HD 222076,354.532,-70.9032,91.154,13.5,495.815,871,2016,Radial Velocity,4806,4.1,K0 III
Kepler-282 b,Kepler-282,284.677,44.7976,1337.61,1.01,1.01,9.22052,2014,Transit,5602,0.904,
K2-388 b,K2-388,352.714,-11.0774,290.495,3.9,14.5,6.33932,2022,Transit,5310,0.91,G8
TOI-1224 b,TOI-1224,37.1978,-80.8991,37.331,2.104,5.08,4.17827,2024,Transit,3326,0.404,
Kepler-623 b,Kepler-623,296.987,47.4774,737.702,3.01,9.32,9.07098,2016,Transit,5443,0.86,
WASP-176 b,WASP-176,313.687,9.17907,568.42,16.87,271.745,3.89905,2020,Transit,5941,1.925,F9
Kepler-363 d,Kepler-363,283.192,41.3054,762.596,2.05,4.86,11.9321,2014,Transit,5593,1.485,
HD 4917 b,HD 4917,12.7763,-12.9277,204.277,13.5,513.295,400.5,2018,Radial Velocity,4802,5.01,K0 III/IV
KOBE-1 c,KOBE-1,19.166,25.331,23.972,3.56,12.4,29.671,2025,Radial Velocity,4135,0.619,K7 V
Kepler-970 b,Kepler-970,289.625,40.7087,331.545,2.609,7.31,16.7365,2016,Transit,4290,0.71,
HAT-P-70 b,HAT-P-70,74.5523,9.99798,330.739,20.961,2154.89,2.74432,2019,Transit,8450,1.858,
Kepler-943 b,Kepler-943,284.274,41.535,2300.53,5.93,29.5,49.7701,2016,Transit,5612,0.91,
Kepler-10 b,Kepler-10,285.679,50.2415,185.506,1.47,3.24,0.83749,2011,Transit,5708,1.065,
Kepler-271 d,Kepler-271,283.003,44.2841,404.542,0.66,0.219,5.24973,2016,Transit,5555,0.87,
TOI-1233.01,HD 108236,186.574,-51.3631,64.598,2.539,6.98,14.1757,2021,Transit,5660,0.877,G3 V
HD 221585 b,HD 221585,353.229,63.1556,55.853,13.5,511.706,1173,2016,Radial Velocity,5620,1.851,G8 IV
TIC 18942729 b,TIC 18942729,119.215,16.6772,115.169,2,4.66,0.99818,2026,Transit,4360,0.825,
HD 22496 b,HD 22496,53.7565,-48.4178,13.596,2.22,5.57,5.09071,2021,Radial Velocity,4385,0.674,K5/M0V
Kepler-1640 b,Kepler-1640,294.558,40.8505,1859.78,4.82,20.7,7.58441,2016,Transit,6324,1.43,
Kepler-589 c,Kepler-589,280.641,47.7521,612.803,1.117,1.45,3.52466,2021,Transit,5372,0.916,
Kepler-647 b,Kepler-647,284.788,44.5916,1087.87,1.17,1.71,16.2255,2016,Transit,6020,1.07,
Gaia-1 b,Gaia-1,90.6437,-0.57711,363.66,13.776,533.952,3.05252,2022,Transit,5470,0.952,
Kepler-1527 b,Kepler-1527,297.414,46.0608,1842.13,4.77,20.4,160.13,2016,Transit,6224,1.32,
Kepler-1980 b,Kepler-1980,295.167,38.637,1709.4,2.21,5.52,33.0257,2023,Transit,5819,0.99,
TOI-122 b,TOI-122,332.948,-58.9461,62.118,2.72,7.85,5.07803,2020,Transit,3403,0.334,M3 V
HATS-52 b,HATS-52,140.088,-31.2692,555.134,15.491,711.939,1.36665,2017,Transit,6010,1.046,
Kepler-250 d,Kepler-250,289.595,44.1418,760.585,2.18,5.39,17.6483,2014,Transit,5160,0.805,
Kepler-1298 b,Kepler-1298,284.423,49.1062,544.163,1.31,2.27,7.12812,2016,Transit,6339,2,
Kepler-1361 b,Kepler-1361,283.565,46.9042,389.143,0.86,0.566,3.57555,2016,Transit,5131,0.79,
Kepler-619 b,Kepler-619,290.849,48.416,900.678,3.16,10.1,5.40427,2016,Transit,5980,1.11,
K2-99 b,K2-99,208.774,-5.44249,519.229,11.882,276.511,18.2478,2016,Transit,6069,2.55,G0 IV
TOI-532 b,TOI-532,85.08,11.5626,135.047,5.82,61.5,2.32665,2021,Transit,3927,0.612,
HD 210277 b,HD 210277,332.375,-7.5506,21.299,13.6,410.001,442.19,1998,Radial Velocity,5538,1.07,G0 V
Kepler-178 b,Kepler-178,287.101,46.8964,716.025,2.9,8.75,9.57669,2014,Transit,5676,1.066,
Kepler-1604 b,Kepler-1604,285.411,44.4122,541.189,1.41,2.57,0.68368,2016,Transit,4976,0.76,
Kepler-984 b,Kepler-984,296.959,46.3941,460.188,2.12,5.14,43.0342,2016,Transit,5610,0.93,
HD 13724 c,HD 13724,33.086,-46.8167,43.465,8.18,50.853,142.229,2022,Radial Velocity,5835,1.042,
Kepler-1286 b,Kepler-1286,280.258,43.8357,1354.46,2.15,5.27,11.254,2016,Transit,5753,0.98,
Kepler-318 b,Kepler-318,298.483,46.7936,489.141,4.71,19.9,4.66272,2014,Transit,5746,1.189,
Kepler-732 b,Kepler-732,283.732,45.9585,174.826,2.18,5.39,9.46781,2016,Transit,3631,0.46,
HIP 109600 b,HIP 109600,333.027,29.0662,66.336,13.2,851.784,232.08,2016,Radial Velocity,5530,0.972,G5
Kepler-407 b,Kepler-407,286.036,49.6145,338.368,1.19,1.93,0.66931,2014,Transit,5487,1.04,G
GJ 1148 c,GJ 1148,175.433,42.7516,11.014,9.71,68.06,532.58,2017,Radial Velocity,3287,0.359,M5
Kepler-897 b,Kepler-897,290.587,51.6958,1519.25,2.39,6.3,8.04726,2016,Transit,5839,1.04,
Kepler-435 b,Kepler-435,292.287,43.1972,1418.77,22.31,266.97,8.60015,2015,Transit,6161,3.21,
HD 184010 d,HD 184010,292.84,26.6173,60.799,14.3,143.023,836.4,2022,Radial Velocity,4971,4.86,K0 III-IV
WASP-70 A b,WASP-70 A,315.477,-13.4334,222.355,13.047,187.512,3.71302,2014,Transit,5763,1.215,G4
TOI-1798.01,TOI-1798,211.094,46.5193,113.181,2.448,6.5,8.02152,2024,Transit,5165,0.78,
TOI-444 b,TOI-444,64.184,-26.7664,57.397,2.77,8.1,17.9636,2023,Transit,5225,0.779,K1/2 V
TOI-2202 b,TOI-2202,51.2284,-73.9575,235.933,10.951,287.317,11.9126,2021,Transit,5169,0.808,K8 V
TrES-1 b,TrES-1,286.041,36.6325,159.658,12.666,266.977,3.03007,2004,Transit,5230,0.85,K0 V
Kepler-1052 c,Kepler-1052,295.343,46.6022,943.444,2.3,5.9,180.922,2023,Transit,5818,0.848,
Kepler-206 b,Kepler-206,291.635,41.8338,594.447,1.2,1.87,7.78199,2014,Transit,5764,1.185,
Kepler-763 b,Kepler-763,292.145,47.1574,962.459,1.22,1.98,1.19655,2016,Transit,5166,0.8,
Kepler-155 b,Kepler-155,288.496,51.0819,293.499,2.09,5.02,5.93119,2014,Transit,4508,0.62,M0 V
ups And c,ups And,24.1984,41.4038,13.405,12.3,4443.24,241.258,1999,Radial Velocity,6157,1.56,F8 V
NGTS-34 b,NGTS-34,162.5,-44.5479,120.475,3.65,19.1,43.1266,2025,Transit,6134,1.367,F8 V
K2-274 b,K2-274,129.282,20.3992,228.327,2.08,4.98,14.133,2018,Transit,5044,0.7,
DH Tau b,DH Tau,67.4232,26.5494,134.846,30.264,3496,,2004,Imaging,4371,0.27,M0.5
HD 200964 c,HD 200964,316.666,3.80334,72.592,13.7,385.846,852.5,2010,Radial Velocity,4982,4.92,G8 IV
TOI-1011 b,TOI-1011,113.985,-32.842,52.62,1.45,4.04,2.4705,2025,Transit,5475,0.92,
Kepler-1583 b,Kepler-1583,286.387,47.0165,403.933,0.6,0.156,9.32807,2016,Transit,5645,0.91,
HATS-32 b,HATS-32,346.075,-21.272,745.116,14,292.404,2.81265,2016,Transit,5700,1.097,
ZTF J1828+2308 b,ZTF J1828+2308,277.203,23.1439,201.827,11.131,6356.57,0.11201,2025,Transit,15900,0.013,
Kepler-1876 b,Kepler-1876,299.16,41.1438,259.935,0.853,2.4,6.99205,2021,Transit,6104,1.477,
TOI-6564 b,TOI-6564,205.818,-56.1564,191.372,16.399,222.162,3.98541,2026,Transit,5943,1.7,
K2-219 c,K2-219,12.8453,8.86755,325.4,1.438,2.66,6.66767,2018,Transit,5753,1.189,
HD 37124 b,HD 37124,84.26,20.729,31.663,14,214.535,154.378,2002,Radial Velocity,5699,0.949,G4 V
Kepler-881 b,Kepler-881,288.993,46.6707,1375.18,1.78,3.82,4.44448,2016,Transit,5961,1.09,
TOI-333 b,TOI-333,353.358,-41.1715,352.269,4.26,20.1,3.78525,2025,Transit,6241,1.1,
Kepler-60 c,Kepler-60,288.961,42.2651,1025.1,1.9,3.85,8.9187,2012,Transit,5905,1.257,
Kepler-665 b,Kepler-665,297.026,48.4786,612.838,2.6,7.27,16.0131,2016,Transit,4913,0.74,
Kepler-1848 b,Kepler-1848,299.381,45.5921,309.696,1.409,2.57,5.60402,2021,Transit,4847,0.737,
TOI-2096 c,TOI-2096,151.619,74.8272,48.481,1.914,4.32,6.38784,2023,Transit,3300,0.235,M4
Kepler-1698 b,Kepler-1698,293.345,39.2578,222.345,1.073,1.25,1.2107,2020,Transit,4975,0.742,
HIP 14810 c,HIP 14810,47.8093,21.0971,50.48,13.6,416.357,147.747,2006,Radial Velocity,5544,1.07,G5
HD 25463 c,HD 25463,60.7483,9.20777,45.618,1.364,4.3,3.04405,2023,Transit,6353,1.418,
Kepler-1869 c,Kepler-1869,292.615,42.7643,113.025,0.74,0.33,1.71683,2023,Transit,5808,0.902,
Kepler-292 b,Kepler-292,295.766,42.4243,1056.48,1.32,2.3,2.58083,2014,Transit,5299,0.826,
Kepler-33 b,Kepler-33,289.078,46.0052,1209.16,1.74,3.68,5.66793,2011,Transit,5904,1.82,
Kepler-601 b,Kepler-601,282.005,42.1765,414.825,1.9,4.27,5.37887,2016,Transit,5160,0.79,
TOI-1347 b,TOI-1347,280.327,70.29,147.476,1.8,11.1,0.84742,2024,Transit,5464,0.83,
K2-417 b,K2-417,350.142,-10.0366,94.042,3.31,699.222,6.535,2023,Transit,3861,0.578,M V
Kepler-1020 b,Kepler-1020,292.672,46.3773,415.358,2.28,5.82,96.9151,2016,Transit,5227,0.8,
Kepler-1346 b,Kepler-1346,291.841,45.1792,843.701,1.58,3.12,3.40166,2016,Transit,6133,1.21,
TOI-1750 b,TOI-1750,240.302,68.9373,162.46,2.789,8.19,11.3373,2026,Transit,4684,0.769,
HD 180314 b,HD 180314,288.709,31.8604,122.362,12,7216.93,394.73,2010,Radial Velocity,4917,9.2,K0
Kepler-181 c,Kepler-181,296.151,50.0958,609.283,1.99,4.62,4.30215,2014,Transit,5333,0.749,
Kepler-953 c,Kepler-953,288.972,44.6247,258.893,1.19,1.81,9.10967,2016,Transit,5416,0.99,
TOI-1696 b,TOI-1696,65.2806,48.8198,64.917,3.09,48.8,2.50031,2022,Transit,3185,0.278,M5V
TIC 77552382 b,TIC 77552382,152.513,-4.90353,373.415,5.692,27.5,3.51026,2026,Transit,4981,0.887,
HD 96167 b,HD 96167,166.313,-10.2913,85.301,14,227.884,498.04,2009,Radial Velocity,5733,1.94,G5
Kepler-1770 b,Kepler-1770,299.25,43.4104,582.942,2.841,8.45,16.8419,2021,Transit,5602,1.009,
Kepler-292 e,Kepler-292,295.766,42.4243,1056.48,2.67,7.61,11.979,2014,Transit,5299,0.826,
Kepler-154 b,Kepler-154,289.781,49.8966,915.212,2.26,5.73,33.0405,2014,Transit,5690,1.001,
Kepler-1660 AB b,Kepler-1660 A,290.552,40.235,1188.54,12.9,1586.6,239.504,2023,Eclipse Timing Variations,6305,1.491,F7 V
Kepler-379 b,Kepler-379,295.701,38.9458,731.274,1.66,3.39,20.0984,2014,Transit,6054,1.306,
HAT-P-33 b,HAT-P-33,113.184,33.835,396.11,20.737,292.404,3.47447,2011,Transit,6446,1.79,F4
Kepler-567 b,Kepler-567,297.673,48.3023,558.81,2.25,5.69,16.543,2016,Transit,5148,0.79,
KIC 8121913 b,KIC 8121913,298.968,43.9094,707.303,13.4,667.44,3.2946,2021,Orbital Brightness Modulation,5975,2.233,
K2-198 d,K2-198,198.844,-6.46499,110.567,2.438,6.52,7.45002,2019,Transit,5213,0.757,
Kepler-176 e,Kepler-176,294.668,43.8532,527.321,1.45,0.521,51.1658,2016,Transit,5295,0.83,
HD 109246 b,HD 109246,188.027,74.4893,67.835,13.9,273.334,68.27,2010,Radial Velocity,5844,1.07,G0 V
TOI-5489 c,TOI-5489,128.691,11.4896,45.091,1.28,2.18,4.92126,2025,Transit,3547,0.42,
K2-415 b,K2-415,137.202,11.8622,21.818,1.015,7.5,4.01797,2023,Transit,3173,0.197,M5 V
Kepler-800 b,Kepler-800,286.575,44.7952,1019.26,2.85,8.5,14.1318,2016,Transit,5315,0.82,
Kepler-327 c,Kepler-327,292.642,44.0876,241.987,1.03,20.3,5.21233,2014,Transit,3799,0.492,
Kepler-28 c,Kepler-28,292.137,42.4295,438.359,1.857,2.06,8.99,2011,Transit,4499,0.664,M0 V
K2-271 b,K2-271,125.224,16.0908,564.454,7.28,41.8,8.56242,2018,Transit,5644,0.99,
KMT-2018-BLG-0748L b,KMT-2018-BLG-0748L,267.875,-30.6464,7300,9.01,60,,2020,Microlensing,,,
KMT-2024-BLG-1870L b,KMT-2024-BLG-1870L,272.465,-26.8829,5480,13.8,336.898,,2026,Microlensing,,,
KMT-2017-BLG-0849L b,KMT-2017-BLG-0849L,265.359,-25.2812,7220,2.41,6.39,,2024,Microlensing,,,
Kepler-1418 b,Kepler-1418,282.998,41.6786,499,1.66,3.39,22.4764,2016,Transit,4770,0.72,
OGLE-2016-BLG-0613L AB b,OGLE-2016-BLG-0613L AB,269.26,-28.1162,3410,13,1330,,2017,Microlensing,,,
HD 9446 c,HD 9446,23.335,29.2649,50.35,13.4,578.426,192.9,2009,Radial Velocity,5793,1,G5 V
MASCARA-4 b,MASCARA-4,147.58,-66.1139,170.696,16.982,532.363,2.82409,2020,Transit,7800,1.79,A7 V
Kepler-1846 b,Kepler-1846,294.391,44.7629,374.615,1.764,3.76,14.8201,2021,Transit,4825,0.732,
HD 147873 b,HD 147873,246.438,-33.5672,109.055,12.8,1633.65,116.596,2016,Radial Velocity,5972,2.29,G1 V
Kepler-224 e,Kepler-224,290.934,47.3575,782.088,1.97,4.54,18.6436,2014,Transit,5018,0.676,
Kepler-1670 b,Kepler-1670,290.326,43.1218,2065.98,3.356,11.2,20.4998,2020,Transit,5838,1.519,
Kepler-92 c,Kepler-92,289.086,41.563,477.992,2.6,6.1,26.723,2013,Transit,5883,1.7,
Kepler-1799 b,Kepler-1799,288.309,51.4783,2254.69,4.128,15.9,11.9297,2021,Transit,5831,0.921,
KMT-2021-BLG-0736L b,KMT-2021-BLG-0736L,268.323,-29.7124,7000,4.86,21,,2025,Microlensing,,,
TYC 8998-760-1 b,TYC 8998-760-1,201.3,-64.9392,94.618,21.185,6928.66,,2020,Imaging,4573,1.02,K3 IV
OGLE-2017-BLG-1434L b,OGLE-2017-BLG-1434L,268.28,-30.2457,860,1.94,4.43,,2018,Microlensing,,,
KMT-2019-BLG-2783L b,KMT-2019-BLG-2783L,269.292,-33.7885,5910,13.7,368.681,,2023,Microlensing,,,
OGLE-2016-BLG-1093L b,OGLE-2016-BLG-1093L,269.004,-32.7135,8120,14,225.658,,2022,Microlensing,,,
MOA-2010-BLG-117L b,MOA-2010-BLG-117L,271.957,-25.3446,3500,14.2,170,,2018,Microlensing,,,
OGLE-2006-BLG-109L b,OGLE-2006-BLG-109L,268.144,-30.0878,1510,14,231,1788.5,2008,Microlensing,,,
OGLE-2012-BLG-0406L b,OGLE-2012-BLG-0406L,268.326,-30.4712,4970,13.2,868,,2013,Microlensing,,,
Kepler-1265 b,Kepler-1265,284.586,47.0796,583.641,1.35,2.39,6.49441,2016,Transit,4630,0.69,
HD 332231 b,HD 332231,306.741,33.7444,80.666,9.073,74.1,18.712,2020,Transit,6128,1.266,F8
HD 233604 b,HD 233604,137.454,53.5682,847.058,12.7,2089.64,192,2013,Radial Velocity,4791,10.9,K5
Kepler-1591 b,Kepler-1591,296.517,44.6086,1419.58,1.27,2.15,8.18505,2016,Transit,6082,1.16,
HD 22532 b,HD 22532,53.8148,-49.4173,161.183,13.4,673.796,872.6,2022,Radial Velocity,5038,5.69,G8 III/IV
TOI-7189 b,TOI-7189,273.038,2.18826,192.09,10.9,159.04,2.89055,2026,Transit,3775,0.591,M1 V
TOI-7265 B b,TOI-7265 B,318.704,45.9259,143.97,10.7,224.95,4.17232,2026,Transit,3503,0.497,M2 V
KMT-2021-BLG-0322L b,KMT-2021-BLG-0322L,270.912,-29.6044,6600,12.7,2034.1,,2021,Microlensing,,,
MOA-2016-BLG-526L b,MOA-2016-BLG-526L,266.668,-34.3861,6930,3.97,14.938,,2024,Microlensing,,,
TOI-6695 c,TOI-6695,129.572,-23.5502,282.536,13.6,460.851,242.4,2025,Radial Velocity,6400,1.517,F5V-G0V
Kepler-249 b,Kepler-249,296.985,43.6586,190.401,1.09,1.32,3.30654,2014,Transit,3568,0.482,M2 V
OGLE-2018-BLG-1185L b,OGLE-2018-BLG-1185L,269.793,-27.8351,7400,2.83,8.4,,2021,Microlensing,,,
WISEP J121756.91+162640.2 A b,WISEP J121756.91+162640.2 A,184.487,16.4445,10.1,10.468,6992,,2012,Imaging,575,0.091,T8.5
KMT-2024-BLG-0176L b,KMT-2024-BLG-0176L,266.532,-34.2106,8340,14,241.55,,2026,Microlensing,,,
KMT-2021-BLG-1150L b,KMT-2021-BLG-1150L,268.79,-31.3133,3800,13.9,279.689,,2023,Microlensing,,,
KMT-2017-BLG-1146L b,KMT-2017-BLG-1146L,269.106,-33.1425,6500,14,230,,2019,Microlensing,,,
MOA-2007-BLG-400L b,MOA-2007-BLG-400L,272.425,-29.2242,6890,13.5,540.308,,2008,Microlensing,,,
UZ For b,UZ For,53.8695,-25.7394,239.604,,2002.2,5840,2011,Eclipse Timing Variations,5287,,
TWA 7 b,TWA 7,160.625,-33.6713,33.996,12.7,108.062,,2025,Imaging,3509,0.917,
Kepler-1222 b,Kepler-1222,294.89,49.3798,415.218,0.79,0.418,1.91694,2016,Transit,5239,0.8,
Kepler-463 b,Kepler-463,298.937,44.8579,394.804,3.05,9.53,8.98102,2016,Transit,5661,0.9,
TOI-2337 b,TOI-2337,290.62,60.8539,536.046,10.088,508.525,2.99432,2022,Transit,4780,3.22,
HD 202206 c,HD 202206,318.741,-20.7897,45.967,13.1,982.09,1299.22,2004,Radial Velocity,5764,1.04,G2 V
MOA-2010-BLG-477L b,MOA-2010-BLG-477L,271.531,-31.4545,2300,13.6,480,,2012,Microlensing,5950,,
OGLE-2017-BLG-1522L b,OGLE-2017-BLG-1522L,270.319,-28.462,7490,14,240,,2018,Microlensing,,,
Kepler-566 b,Kepler-566,291.554,47.8144,564.277,2.15,5.27,18.4279,2016,Transit,5132,0.79,
Kepler-1224 b,Kepler-1224,286.626,37.5373,559.598,1.33,2.33,13.3235,2016,Transit,6155,1.22,
WASP-149 b,WASP-149,124.074,-8.68658,211.73,15.244,314.968,1.33281,2025,Transit,5750,1.08,
KMT-2019-BLG-1042L b,KMT-2019-BLG-1042L,270.544,-27.5807,6600,9.05,60.387,,2022,Microlensing,,,
KMT-2019-BLG-0298L b,KMT-2019-BLG-0298L,264.878,-27.6381,6710,13.4,575.269,,2023,Microlensing,,,
WASP-60 b,WASP-60,356.667,31.1559,431.052,9.864,174.806,4.305,2012,Transit,5900,1.17,G1 V
KMT-2019-BLG-0371L b,KMT-2019-BLG-0371L,268.384,-31.555,7010,12.6,2447.28,,2021,Microlensing,,,
TOI-5916 b,TOI-5916,325.3,9.59905,199.724,11.8,219,2.36712,2026,Transit,3541,0.487,M2
OGLE-2017-BLG-1237L b,OGLE-2017-BLG-1237L,271.65,-28.3288,6030,13,1207.75,,2024,Microlensing,,,
OGLE-2017-BLG-0640L b,OGLE-2017-BLG-0640L,267.465,-29.4615,6630,13.5,514.882,,2024,Microlensing,,,
KMT-2018-BLG-0029L b,KMT-2018-BLG-0029L,264.469,-27.9847,3380,2.67,7.59,,2020,Microlensing,,,
Kepler-619 c,Kepler-619,290.849,48.416,900.678,1.69,3.5,1.20847,2016,Transit,5980,1.11,
Kepler-186 b,Kepler-186,298.653,43.955,177.594,1.07,1.24,3.88679,2014,Transit,3788,0.472,M1
K2-183 d,K2-183,125.007,14.0195,329.041,2.3,5.9,22.6203,2018,Transit,5482,0.87,
Kepler-1677 b,Kepler-1677,298.493,47.0131,735.369,2.702,7.76,22.064,2020,Transit,6014,1.25,
KMT-2018-BLG-0087L b,KMT-2018-BLG-0087L,264.327,-27.8321,7020,10.1,73.101,,2022,Microlensing,,,
KOI-55 c,KOI-55,296.356,41.0927,1231.02,0.867,0.655,0.34289,2011,Orbital Brightness Modulation,27730,0.203,B
KMT-2024-BLG-1044L b,KMT-2024-BLG-1044L,271.564,-27.5926,7140,2.7,7.75,,2024,Microlensing,,,
KMT-2019-BLG-0297L b,KMT-2019-BLG-0297L,270.063,-28.9653,3090,12.1,6038.74,,2023,Microlensing,,,
OGLE-2012-BLG-0724L b,OGLE-2012-BLG-0724L,268.968,-29.8185,6700,14.3,150,,2016,Microlensing,,,M V
TOI-603 b,TOI-603,141.108,5.76606,205.924,7.37,33,16.1798,2026,Transit,6027,1.477,F8 IV
Kepler-1620 b,Kepler-1620,297.271,46.9285,895.069,1.61,3.22,101.952,2016,Transit,6157,1.23,
KMT-2019-BLG-0578L b,KMT-2019-BLG-0578L,269.485,-27.7949,7300,13.7,381.394,,2025,Microlensing,,,
Kepler-85 e,Kepler-85,290.973,45.2903,765.025,1.27,0.6,25.2168,2014,Transit,5436,0.893,
TOI-2128 b,TOI-2128,256.982,32.1053,36.578,2.089,4.5,16.3414,2024,Transit,5968,1.117,
Kepler-1693 c,Kepler-1693,290.202,48.1858,760.065,0.977,0.894,5.36371,2021,Transit,5553,1.098,
TOI-5174 b,TOI-5174,174.109,-2.02335,197.243,5.351,24.8,12.2143,2022,Transit,5644,1.095,
WASP-172 b,WASP-172,199.434,-47.2376,538.11,17.598,149.38,5.47743,2018,Transit,6900,1.91,F1 V
Kepler-403 b,Kepler-403,289.921,46.7445,840.269,1.25,2.1,7.03146,2014,Transit,6090,1.329,
KMT-2022-BLG-2286L b,KMT-2022-BLG-2286L,269.165,-28.8549,7320,12.1,6038.74,,2024,Microlensing,,,
Kepler-1493 b,Kepler-1493,288.549,38.5652,555.051,1.41,2.57,15.0218,2016,Transit,5863,1.29,
OGLE-2019-BLG-0249L b,OGLE-2019-BLG-0249L,265.404,-34.7017,6370,12.7,2262.94,,2023,Microlensing,,,
Kepler-137 c,Kepler-137,282.136,43.0392,302.979,1.88,4.19,18.7357,2014,Transit,5187,0.802,
TOI-2114 b,TOI-2114,261.096,33.2051,317.845,14.549,324.185,6.20996,2026,Transit,6400,1.97,F5 IV
TOI-5806 b,TOI-5806,329.102,20.678,119.199,15.132,721.47,3.18564,2026,Transit,6730,1.387,F3 V
OGLE-2018-BLG-1011L c,OGLE-2018-BLG-1011L,269.014,-29.0829,7100,13.2,890,,2019,Microlensing,,,
TOI-7169 b,TOI-7169,351.055,36.8176,467.151,16.533,130.31,3.43731,2026,Transit,5714,1.5,G
OGLE-2018-BLG-0677L b,OGLE-2018-BLG-0677L,268.751,-32.0165,7580,1.82,3.96,,2020,Microlensing,,,
OGLE-2019-BLG-0679L b,OGLE-2019-BLG-0679L,265.74,-27.7729,5630,13.1,1061.55,,2023,Microlensing,,,
MOA-bin-1L b,MOA-bin-1L,261.793,-29.794,5100,13,1200,,2012,Microlensing,,,
Kepler-365 b,Kepler-365,295.627,49.1304,1038.99,2.04,4.82,10.6649,2014,Transit,6012,1.048,
KMT-2020-BLG-0414L c,KMT-2020-BLG-0414L,271.915,-28.4852,1220,11.9,8581.37,,2021,Microlensing,,,WD
HD 11977 b,HD 11977,28.7347,-67.647,67.933,12.7,2080,711,2005,Radial Velocity,4970,10.09,G8 III/IV
Kepler-1038 b,Kepler-1038,298.972,44.1324,584.136,3.53,12.2,148.46,2016,Transit,5335,0.83,
Kepler-250 c,Kepler-250,289.595,44.1418,760.585,2.28,5.82,7.1568,2014,Transit,5160,0.805,
eps CrB b,eps CrB,239.397,26.8776,69.868,12.7,2129.46,417.9,2012,Radial Velocity,4406,21,K2 III
TOI-521 b,TOI-521,123.344,12.2221,60.943,1.98,5.3,1.54285,2025,Transit,3544,0.421,M3
OGLE-2015-BLG-0954L b,OGLE-2015-BLG-0954L,270.184,-28.6609,1200,13.1,1100,,2016,Microlensing,,,
KMT-2019-BLG-0953L b,KMT-2019-BLG-0953L,269.339,-28.6746,7200,4.06,15.5,,2022,Microlensing,,,
OGLE-2017-BLG-1691L b,OGLE-2017-BLG-1691L,263.594,-29.2848,7290,3.92,14.62,,2022,Microlensing,,,
alf Ari b,alf Ari,31.7933,23.4624,20.21,13.4,572.07,380.8,2010,Radial Velocity,4553,13.9,K2III
TOI-2180 b,TOI-2180,277.944,56.6507,116.685,11.321,875.617,260.79,2022,Transit,5695,1.636,G5
KMT-2024-BLG-0404L c,KMT-2024-BLG-0404L,271.147,-27.9535,7210,4.33,17.3,,2025,Microlensing,,,M
OGLE-2018-BLG-1428L b,OGLE-2018-BLG-1428L,265.549,-26.1379,6220,14,240,,2021,Microlensing,,,
KMT-2021-BLG-1689L b,KMT-2021-BLG-1689L,269.579,-30.1453,7200,7.71,46,,2022,Microlensing,4570,,
MOA-2010-BLG-073L b,MOA-2010-BLG-073L,272.547,-26.5229,2800,12.4,3500,,2012,Microlensing,,,
KMT-2017-BLG-2197L b,KMT-2017-BLG-2197L,262.611,-30.1593,7800,12.5,2809.6,,2025,Microlensing,,,
KMT-2018-BLG-1988L b,KMT-2018-BLG-1988L,265.283,-35.5947,4150,2.22,5.56,,2022,Microlensing,,,
Kepler-302 b,Kepler-302,294.317,43.6292,1402.58,4.06,15.5,30.1841,2014,Transit,5740,1.22,
GJ 3779 b,GJ 3779,200.734,24.4639,13.743,2.75,8,3.0232,2018,Radial Velocity,3324,0.281,M4.0 V
Kepler-985 b,Kepler-985,290.144,44.0499,679.361,2.98,9.17,116.332,2016,Transit,5434,0.85,
Kepler-248 b,Kepler-248,293.061,43.5814,738.792,3.02,9.38,6.30821,2014,Transit,5190,0.831,
Kepler-836 b,Kepler-836,287.453,45.7044,980.035,2.73,7.9,11.3611,2016,Transit,5895,1.04,
TOI-1224 c,TOI-1224,37.1978,-80.8991,37.331,2.884,8.67,17.9455,2024,Transit,3326,0.404,
Kepler-142 d,Kepler-142,295.119,48.4814,548.686,2.16,5.31,41.8091,2014,Transit,5790,1.269,
OGLE-2019-BLG-0304L b,OGLE-2019-BLG-0304L,264.027,-26.146,6980,14.2,162.092,,2021,Microlensing,,,
MOA-2022-BLG-563L b,MOA-2022-BLG-563L,270.3,-27.8358,6530,14,127.131,,2024,Microlensing,,,
KMT-2021-BLG-2010L b,KMT-2021-BLG-2010L,268.009,-32.2698,7090,13.8,340.076,,2023,Microlensing,,,
KMT-2024-BLG-1005L b,KMT-2024-BLG-1005L,269.806,-28.7558,6950,12.1,6674.4,,2025,Microlensing,,,
KMT-2021-BLG-1077L c,KMT-2021-BLG-1077L,266.489,-33.8428,8240,10.6,79.457,,2022,Microlensing,,,M V
K2-65 b,K2-65,333.213,-10.9261,72.2,1.58,3.12,12.6475,2016,Transit,5213,0.84,
OGLE-2018-BLG-0799L b,OGLE-2018-BLG-0799L,273.459,-25.4857,4050,10.9,82.635,,2022,Microlensing,,,
KMT-2023-BLG-0466L b,KMT-2023-BLG-0466L,270.61,-33.003,6800,13.1,1032.94,,2026,Microlensing,,,
BD+63 1405 b,BD+63 1405,271.398,63.67,38.047,12.4,3305.41,1198.48,2021,Radial Velocity,5000,0.805,K0
WASP-73 b,WASP-73,319.95,-58.1489,316.678,15.917,908.994,4.08722,2014,Transit,6030,2.55,F9
Kepler-733 b,Kepler-733,293.018,45.9147,916.706,2.82,8.35,20.8343,2016,Transit,5418,0.86,
Kepler-124 d,Kepler-124,286.753,49.0649,420.046,1.11,1.41,30.9508,2014,Transit,4984,0.636,
Kepler-244 c,Kepler-244,287.243,42.3014,1036.49,2.05,4.86,9.76729,2014,Transit,5554,0.803,
Kepler-2001 c,Kepler-2001,291.659,50.5839,776.55,1.82,3.97,14.0926,2023,Transit,5081,0.77,
KMT-2021-BLG-0852L b,KMT-2021-BLG-0852L,265.831,-33.8918,7230,14.2,155.736,,2026,Microlensing,,,
Kepler-32 b,Kepler-32,297.842,46.5744,323.847,2.2,1303,5.90124,2011,Transit,3900,0.53,M1 V
TOI-5108 b,TOI-5108,166.269,11.2464,130.919,6.6,32,6.75358,2025,Transit,5808,1.29,
KMT-2016-BLG-2605L b,KMT-2016-BLG-2605L,269.823,-26.982,6421,14,245.046,,2021,Microlensing,,,
OGLE-2018-BLG-0977L b,OGLE-2018-BLG-0977L,268.506,-30.6048,6500,2.41,6.4,,2022,Microlensing,,,
OGLE-2007-BLG-368L b,OGLE-2007-BLG-368L,269.108,-32.2374,5900,4.72,20,,2009,Microlensing,,,
MOA-2011-BLG-262L b,MOA-2011-BLG-262L,270.098,-31.2453,7200,4.29,17,,2014,Microlensing,,,
Kepler-132 c,Kepler-132,283.236,41.343,349.549,1.28,2.18,6.41491,2014,Transit,6003,1.178,
KMT-2025-BLG-0481L b,KMT-2025-BLG-0481L,265.356,-34.3717,7980,14.1,187.519,,2026,Microlensing,,,
KMT-2019-BLG-1339L b,KMT-2019-BLG-1339L,265.743,-25.5739,6120,13.7,397,,2020,Microlensing,,,
KMT-2022-BLG-1790L b,KMT-2022-BLG-1790L,271.056,-27.0347,6480,13.5,549.843,,2025,Microlensing,,,
KMT-2018-BLG-1996L b,KMT-2018-BLG-1996L,268.678,-22.8204,5910,13.7,346.433,,2021,Microlensing,,,
Kepler-47 b,Kepler-47,295.298,46.9204,1025.02,3.05,2.07,49.4643,2012,Transit,5636,0.936,
HD 190007 b,HD 190007,300.696,3.3267,12.714,4.06,15.5,11.7241,2020,Radial Velocity,4610,0.79,K4 V
Kepler-1219 b,Kepler-1219,297.216,47.3785,880.895,2.12,5.14,16.1047,2016,Transit,5944,1.94,
Kepler-1808 b,Kepler-1808,287.292,39.3832,1022.01,3.025,9.4,23.3404,2021,Transit,5530,0.892,
Kepler-824 b,Kepler-824,290.477,39.732,1201.4,1.87,4.16,4.51437,2016,Transit,6035,1.22,
HD 95089 b,HD 95089,164.699,1.72901,136.957,13.7,400.466,464.4,2009,Radial Velocity,4918,5.08,G8/K0 IV
Kepler-610 c,Kepler-610,293.171,45.0656,845.824,3.3,10.9,151.864,2016,Transit,5943,1.13,
Kepler-410 A b,Kepler-410 A,283.151,45.1401,147.527,2.838,8.44,17.8336,2013,Transit,6273,1.352,
DMPP-6 b,DMPP-6,120.386,-70.0234,54.63,2.28,5.8,7.6027,2026,Radial Velocity,6182,1.27,
Gaia22dkvL b,Gaia22dkvL,151.769,-66.1809,1270,14.1,187.837,,2024,Microlensing,,,
MOA-2022-BLG-249L b,MOA-2022-BLG-249L,268.866,-28.3061,2000,2.04,4.83,,2023,Microlensing,,,
Kepler-1063 b,Kepler-1063,290.527,38.1428,343.226,1.49,2.83,14.0797,2016,Transit,5945,1.14,
KMT-2021-BLG-1303L b,KMT-2021-BLG-1303L,271.864,-29.2816,6280,13.6,120.775,,2022,Microlensing,,,
OGLE-2018-BLG-0596L b,OGLE-2018-BLG-0596L,269.056,-29.1991,5650,3.81,13.93,,2019,Microlensing,,,
KMT-2023-BLG-0830L b,KMT-2023-BLG-0830L,271.658,-28.3323,7250,4.41,17.798,,2025,Microlensing,,,
KMT-2023-BLG-0735L b,KMT-2023-BLG-0735L,267.576,-29.2029,6390,6.97,38.775,,2024,Microlensing,,,
KMT-2021-BLG-0320L b,KMT-2021-BLG-0320L,269.388,-30.5039,6950,6.2,31.783,,2022,Microlensing,,,
OGLE-2023-BLG-0766L b,OGLE-2023-BLG-0766L,269.83,-28.3247,7400,13.7,349.611,,2026,Microlensing,,,
Kepler-1628 b,Kepler-1628,281.634,43.4115,352,6.43,33.8,76.378,2016,Transit,3724,0.52,
OGLE2-TR-L9 b,OGLE2-TR-L9,166.98,-61.1463,1627.63,18.046,1430.17,2.48553,2008,Transit,6933,1.53,
TOI-5736 b,TOI-5736,213.758,49.5009,92.36,1.56,3.05,0.64899,2025,Transit,3949,0.58,
Kepler-1577 b,Kepler-1577,292.955,47.573,510.029,1.13,1.51,6.3056,2016,Transit,4862,0.74,
K2-13 b,K2-13,170.155,2.50275,342.394,1.89,4.23,39.9149,2015,Transit,5698,0.78,G3
TOI-1533 b,TOI-1533,355.247,57.4852,100.051,2.89,28.1,3.6458,2026,Transit,5146,0.849,
Kepler-675 b,Kepler-675,293.833,50.2304,665.68,2.44,6.53,2.33744,2016,Transit,4945,0.75,
Kepler-1489 c,Kepler-1489,281.296,44.4654,1283.05,0.51,0.087,0.68074,2024,Transit,5566,0.957,G
K2-190 c,K2-190,205.363,-13.1609,160.679,1.093,1.34,21.574,2018,Transit,5631,0.912,
Kepler-276 c,Kepler-276,293.568,39.0363,1144.86,2.9,16.6,31.884,2013,Transit,5693,1.03,
HD 148164 b,HD 148164,246.435,11.9191,77.197,13.7,390.931,328.55,2018,Radial Velocity,6032,1.34,F8
Kepler-1996 b,Kepler-1996,285.254,46.5822,440.561,2.26,5.73,32.3762,2023,Transit,4580,0.675,
HIP 107772 b,HIP 107772,327.498,-41.244,23.643,3.64,12.9,55.199,2020,Radial Velocity,4006,0.514,M0 V
Kepler-446 c,Kepler-446,282.25,44.921,96.339,1.11,1.41,3.03618,2015,Transit,3359,0.24,M4
KIC 3526061 b,KIC 3526061,285.186,38.6111,401.229,12.1,5768.59,3552,2022,Radial Velocity,4829,5.86,
HD 11964 c,HD 11964,29.2884,-10.2435,33.537,5.38,25,37.91,2008,Radial Velocity,5303,2.01,G9 V CN+1
Kepler-1482 b,Kepler-1482,285.314,48.7253,567.556,1.01,1.01,12.2538,2016,Transit,5381,0.84,
TOI-5515 b,TOI-5515,139.616,16.99,135.459,2.654,7.53,8.59226,2026,Transit,5484,0.836,
TOI-2184 b,TOI-2184,100.833,-66.9477,788.317,11.4,206.588,6.90683,2022,Transit,5966,2.9,
HD 102329 c,HD 102329,176.694,3.47421,217.107,13.5,483.102,1123,2016,Radial Velocity,4830,6.3,K0 III
HD 39194 b,HD 39194,86.1291,-70.1382,26.413,1.99,4.62,5.63692,2021,Radial Velocity,5205,0.784,K0 V
HD 199509 b,HD 199509,317.345,-82.0275,24.306,7.43,43.225,99.6217,2022,Radial Velocity,5796,0.92,G3V
Kepler-325 d,Kepler-325,289.835,49.8256,823.242,2.79,8.2,38.7152,2014,Transit,5752,1.003,
Kepler-1940 b,Kepler-1940,291.204,45.2383,798.595,1.547,3.01,4.95061,2021,Transit,5431,0.717,
TOI-2545 b,TOI-2545,135.546,-3.42082,107.118,2.75,8,7.99404,2022,Transit,5846,1.253,
Kepler-1612 b,Kepler-1612,291.25,45.6551,764.726,1.03,1.08,3.91795,2016,Transit,5643,0.94,
HD 136352 c,HD 136352,230.44,-48.3188,14.682,2.916,11.24,27.5922,2019,Radial Velocity,5664,1.058,G4 V
EPIC 201615463 c,K2-166,185.188,2.28238,476.882,1.22,1.98,3.80464,2019,Transit,5960,1.61,
Kepler-225 b,Kepler-225,292.194,47.4571,561.101,1.2,1.87,6.73897,2014,Transit,3682,0.48,M1 V
HD 20868 b,HD 20868,50.1794,-33.7297,47.722,13.7,397.288,380.85,2008,Radial Velocity,4802,0.76,K3/4 IV
Kepler-1930 b,Kepler-1930,297.577,40.0277,275.694,1.53,2.95,13.0268,2021,Transit,5083,0.844,
Kepler-1439 b,Kepler-1439,285.74,40.9799,225.393,1.46,2.73,8.07393,2016,Transit,3578,0.43,
HD 155193 b,HD 155193,257.421,10.0381,57.8,14,238.371,352.65,2021,Radial Velocity,6239,1.764,F8 IV
TOI-1266 c,TOI-1266,197.997,65.8337,36.012,1.98,3.17,18.8027,2020,Transit,3563,0.423,M2
Kepler-1536 b,Kepler-1536,291.585,45.7159,387.248,3.14,10,364.758,2016,Transit,4434,0.67,
HD 134987 b,HD 134987,228.368,-25.3097,26.18,13.5,511.706,258.18,1999,Radial Velocity,5736,1.22,G5 V
Kepler-961 b,Kepler-961,282.035,43.6313,574.314,2.55,7.04,16.8773,2016,Transit,5582,0.9,
TOI-262 b,TOI-262,32.5347,-31.0706,43.932,2.07,4.94,11.1453,2023,Transit,5310,0.853,K0 V
Kepler-539 b,Kepler-539,299.122,41.8668,307.318,8.373,308.295,125.632,2016,Transit,5820,0.952,G2 V
HD 5278 c,HD 5278,12.5468,-83.7438,57.585,4.49,18.4,40.87,2021,Radial Velocity,6203,1.194,F V
Kepler-319 c,Kepler-319,288.812,39.7706,503.436,2.63,7.41,6.94136,2014,Transit,5526,0.903,
HD 179079 b,HD 179079,287.79,-2.63877,69.712,,4195.34,14.479,2008,Radial Velocity,5646,1.63,G5 IV
Kepler-1099 b,Kepler-1099,288.75,48.2771,1022.8,2.83,8.4,2.16845,2016,Transit,5837,1,
Kepler-244 d,Kepler-244,287.243,42.3014,1036.49,2.31,15.2,20.0504,2014,Transit,5554,0.803,
NY Vir c,NY Vir,204.701,-2.03039,544.024,12.8,1760.78,8799,2019,Eclipse Timing Variations,32780,0.151,
Kepler-377 b,Kepler-377,295.422,38.7357,823.804,1.39,2.51,12.5095,2014,Transit,5949,1.224,
Kepler-879 b,Kepler-879,295.807,50.9098,802.672,2.57,7.13,33.3856,2016,Transit,5792,1.02,G
Kepler-705 b,Kepler-705,289.509,41.812,276.881,2.11,5.1,56.056,2016,Transit,3722,0.51,
Kepler-163 c,Kepler-163,295.003,46.9873,689.814,2.26,5.73,21.3473,2014,Transit,5776,0.917,
TOI-778 b,TOI-778,199.334,-15.2737,161.743,15.4,878,4.63361,2023,Transit,6643,1.71,F3 V
Kepler-1355 b,Kepler-1355,283.741,49.068,911.269,1.46,2.73,1.28959,2016,Transit,5352,0.83,
Kepler-1542 e,Kepler-1542,285.728,42.6545,399.114,0.76,0.363,5.10116,2016,Transit,5564,0.99,
Kepler-1579 b,Kepler-1579,293.288,43.5149,466,0.84,0.52,0.84991,2016,Transit,4584,0.7,
K2-264 c,K2-264,131.358,19.6984,185.605,2.668,7.6,19.6603,2018,Transit,3660,0.473,M2.5 V
Kepler-1073 d,Kepler-1073,294.153,38.2331,809.897,1.488,2.82,2.50476,2021,Transit,5509,1.116,
Kepler-510 b,Kepler-510,287.655,39.2442,386.177,2.47,6.66,19.5566,2016,Transit,5746,1.41,
HD 164509 b,HD 164509,270.38,0.10447,53.112,14.3,140.799,280.17,2012,Radial Velocity,5859,1.11,G5
TIC 34085383 b,TIC 34085383,59.2354,-7.37572,149.12,3.92,14.6,3.47793,2026,Transit,4695,0.81,
TYC 3667-1280-1 b,TYC 3667-1280-1,12.8876,58.4261,477.516,12.8,1716.28,26.468,2016,Radial Velocity,5130,6.26,
HATS-59 c,HATS-59,170.324,-22.3882,642.884,12.3,4036.44,1422,2018,Radial Velocity,5670,1.036,
Kepler-1605 b,Kepler-1605,287.135,47.4886,546.23,1.08,1.28,85.7566,2016,Transit,5280,0.82,
Ross 458 c,Ross 458,195.191,12.3756,11.509,14.011,1906.98,,2010,Imaging,3965,0.563,M2
SR 12 AB c,SR 12 AB,246.831,-24.6947,112.317,12.3,4131.62,,2010,Imaging,3829,1.103,
HD 187123 b,HD 187123,296.743,34.419,45.955,14.2,166.218,3.09658,1998,Radial Velocity,5790,1.15,G3 V
OGLE-TR-132 b,OGLE-TR-132,162.644,-61.9573,2012.62,13.45,375.02,1.68987,2004,Transit,6210,1.32,F5 V
OGLE-TR-56 b,OGLE-TR-56,269.148,-29.5392,282.839,15.278,441.77,1.21192,2002,Transit,6050,1.363,F8 V
WASP-156 b,WASP-156,32.7821,2.41819,122.066,6.15,42,3.83616,2017,Transit,5036,0.827,K3 V
HD 22781 b,HD 22781,55.2066,31.8259,32.603,12.3,4338.2,528.07,2011,Radial Velocity,5027,0.743,K1
Kepler-16 b,Kepler-16,289.076,51.7572,75.085,8.449,105.833,228.776,2011,Transit,4450,0.649,
Kepler-27 c,Kepler-27,292.237,41.0859,1044.36,4.9,4385.87,31.3309,2011,Transit,5400,0.59,
WASP-23 b,WASP-23,101.127,-42.7622,207.49,10.783,280.95,2.94443,2010,Transit,5150,0.765,
Kepler-27 b,Kepler-27,292.237,41.0859,1044.36,4,2895.31,15.3348,2011,Transit,5400,0.59,
HD 114783 b,HD 114783,198.182,-2.26499,21.063,13.7,349.6,493.7,2001,Radial Velocity,5135,0.841,K0
HD 19994 b,HD 19994,48.1943,-1.1964,22.524,13.6,435.41,466.2,2003,Radial Velocity,6188,1.796,F8 V
47 UMa b,47 UMa,164.865,40.4305,13.797,13.2,804.08,1078,1996,Radial Velocity,5872,1.213,G0V
Kepler-18 c,Kepler-18,298.079,44.7463,433.047,5.49,17.3,7.64159,2011,Transit,5345,1.108,
Kepler-18 b,Kepler-18,298.079,44.7463,433.047,2,6.9,3.50473,2011,Transit,5345,1.108,
Kepler-31 c,Kepler-31,294.023,45.8531,1664.64,5.3,1493.7,42.6318,2011,Transit,6340,1.22,
Kepler-32 e,Kepler-32,297.842,46.5744,323.847,1.5,4.082,2.896,2012,Transit,3900,0.53,M1 V
61 Vir b,61 Vir,199.596,-18.3158,8.503,2.11,5.1,4.215,2009,Radial Velocity,5577,0.963,G5 V
61 Vir c,61 Vir,199.596,-18.3158,8.503,4.46,18.2,38.021,2009,Radial Velocity,5577,0.963,G5 V
47 UMa d,47 UMa,164.865,40.4305,13.797,13.5,521.22,14002,2009,Radial Velocity,5872,1.213,G0V
47 UMa c,47 UMa,164.865,40.4305,13.797,14.2,171.621,2391,2001,Radial Velocity,5872,1.213,G0V
BD-08 2823 c,BD-08 2823,150.197,-9.51657,41.334,12.5,104,237.6,2009,Radial Velocity,4746,0.71,K3 V
CoRoT-23 b,CoRoT-23,279.783,4.35775,1060.97,11.77,889.9,3.6313,2011,Transit,5900,1.61,G0 V
Kepler-18 d,Kepler-18,298.079,44.7463,433.047,6.98,16.4,14.8589,2011,Transit,5345,1.108,
HATS-1 b,HATS-1,175.525,-23.3548,283.971,14.594,589.55,3.44646,2012,Transit,5870,1.038,
HD 47186 c,HD 47186,99.0367,-27.6234,37.457,13,111.42,1353.6,2008,Radial Velocity,5657,1.08,G6 V
HD 196885 A b,HD 196885 A,309.966,11.25,34.169,13.2,819.97,1333,2007,Radial Velocity,6254,1.31,F8 V
CoRoT-6 b,CoRoT-6,281.073,6.66321,645.294,13.068,940.74,8.88659,2009,Transit,6090,1.025,F9 V
HR 8799 b,HR 8799,346.87,21.134,41.244,13,2000,170000,2008,Imaging,7205,1.493,A5 V
HAT-P-37 b,HAT-P-37,284.296,51.2691,390.594,13.204,371.528,2.79744,2011,Transit,5500,0.877,
Kepler-42 b,Kepler-42,292.22,44.6174,40.059,0.78,0.706,1.21377,2011,Transit,3068,0.17,M
Kepler-32 d,Kepler-32,297.842,46.5744,323.847,2.7,39.909,22.7802,2012,Transit,3900,0.53,M1 V
Kepler-32 f,Kepler-32,297.842,46.5744,323.847,0.82,1862.11,0.74296,2012,Transit,3900,0.53,M1 V
BD+20 2457 b,BD+20 2457,154.187,19.8913,1539.71,12.1,6807.63,379.63,2009,Radial Velocity,4137,49,K2 II
HR 8799 d,HR 8799,346.87,21.134,41.244,13,3000,37000,2008,Imaging,7205,1.493,A5 V
GJ 179 b,GJ 179,73.0246,6.47523,12.356,13.8,301.937,2288,2009,Radial Velocity,3370,0.38,M3.5 V
SWEEPS-4 b,SWEEPS-4,269.725,-29.1891,8500,9.079,1207.7,4.2,2006,Transit,,1.18,
Kepler-42 c,Kepler-42,292.22,44.6174,40.059,0.73,60.337,0.45329,2011,Transit,3068,0.17,M
Kepler-33 c,Kepler-33,289.078,46.0052,1209.16,3.2,0.39,13.1756,2011,Transit,5904,1.82,
Kepler-35 b,Kepler-35,294.497,46.6897,1819.17,8.16,40.363,131.458,2011,Transit,5606,1.028,
CoRoT-16 b,CoRoT-16,278.525,-6.0026,732.409,13.11,170.032,5.35227,2011,Transit,5650,1.19,G5 V
HD 240210 b,HD 240210,347.622,57.0295,372.405,12.8,1655.82,501.75,2009,Radial Velocity,4297,25.457,K3 III
BD+20 2457 c,BD+20 2457,154.187,19.8913,1539.71,12.4,3963.17,621.99,2009,Radial Velocity,4137,49,K2 II
HD 110014 b,HD 110014,189.811,-7.99567,100.758,12.4,3524.59,835.477,2009,Radial Velocity,4445,20.9,K2 III
HIP 5158 b,HIP 5158,16.5095,-22.4536,51.603,13.6,451,345.72,2009,Radial Velocity,4962,0.75,
Kepler-33 e,Kepler-33,289.078,46.0052,1209.16,4.02,5.57,31.7844,2011,Transit,5904,1.82,
Kepler-33 d,Kepler-33,289.078,46.0052,1209.16,5.35,3.91,21.776,2011,Transit,5904,1.82,
BD+20 274 b,BD+20 274,25.9203,21.0053,1322.51,13,1334.89,578.2,2012,Radial Velocity,4296,17.3,K5 III
KELT-1 b,KELT-1,0.3621,39.3838,268.43,12.442,8654.15,1.21751,2012,Transit,6516,1.471,
CoRoT-5 b,CoRoT-5,101.277,0.81522,882.472,15.558,148.42,4.0379,2009,Transit,6100,1.186,F9 V
HD 134987 c,HD 134987,228.368,-25.3097,26.18,13.9,260,5000,2009,Radial Velocity,5585,1.25,G5 V
HD 147018 b,HD 147018,245.749,-61.6901,40.426,13.4,674,44.236,2009,Radial Velocity,5441,0.938,G9 V
Kepler-33 f,Kepler-33,289.078,46.0052,1209.16,4.46,9.6,41.029,2011,Transit,5904,1.82,
Kepler-31 b,Kepler-31,294.023,45.8531,1664.64,5.5,36.742,20.8613,2011,Transit,6340,1.22,
Kepler-34 b,Kepler-34,296.436,44.6415,1800.82,8.564,69.92,288.822,2011,Transit,5913,1.162,
HD 45350 b,HD 45350,97.1902,38.9627,46.873,13.5,568.89,963.6,2004,Radial Velocity,5566,1.264,G5 V
HD 147018 c,HD 147018,245.749,-61.6901,40.426,12.7,2080,1008,2009,Radial Velocity,5441,0.938,G9 V
CFBDSIR J145829+101343 b,CFBDSIR J145829+101343,224.621,10.2286,23.1,12.4,3337.1,10037.5,2011,Imaging,580,,
HD 220773 b,HD 220773,351.614,8.64289,50.51,13.6,460.8,3724.7,2011,Radial Velocity,5940,1.68,F9
HD 147513 b,HD 147513,246.006,-39.193,12.903,13.7,385,528.4,2003,Radial Velocity,5883,0.98,G3/5V
HD 129445 b,HD 129445,221.51,-68.763,67.439,13.3,797.749,1840,2009,Radial Velocity,5646,1.176,G6 V
WASP-5 b,WASP-5,359.349,-41.2772,309.137,12.184,502.15,1.62843,2008,Transit,5700,1.029,G5
OGLE-TR-111 b,OGLE-TR-111,163.324,-61.4057,1068.33,11.422,174.799,4.01445,2004,Transit,5040,0.83,K2 V
HD 8535 b,HD 8535,20.9055,-41.2701,55.44,14,216.124,1313,2010,Radial Velocity,6136,1.19,G0 V
MOA-2009-BLG-266L b,MOA-2009-BLG-266L,267.008,-35.0054,3040,3.21,10.4,2800,2011,Microlensing,,,
GJ 667 C b,GJ 667 C,259.751,-34.9978,7.244,2.25,5.68,7.203,2012,Radial Velocity,3350,,M1.5 V
HIP 5158 c,HIP 5158,16.5095,-22.4536,51.603,12.2,4780.16,9017.76,2011,Radial Velocity,4813,0.754,
HAT-P-23 b,HAT-P-23,306.124,16.7621,364.813,15.334,664.237,1.21288,2010,Transit,5905,1.203,G0
HAT-P-20 b,HAT-P-20,111.916,24.3361,71.037,9.718,2302.9,2.87532,2010,Transit,4595,0.694,K3
CoRoT-17 b,CoRoT-17,278.699,-6.61229,1176.12,11.43,772.29,3.7681,2011,Transit,5740,1.59,G2 V
HD 132563 b,HD 132563,224.589,44.0429,105.155,13.6,473.547,1544,2011,Radial Velocity,6289,1.296,F8
Kepler-45 b,Kepler-45,292.873,41.0642,381.949,10.76,160.497,2.45524,2011,Transit,3820,0.55,M
HU Aqr AB b,HU Aqr,316.992,-5.29487,192.198,12.8,1875.2,2390,2011,Eclipse Timing Variations,5952,,
GJ 3634 b,GJ 3634,164.643,-31.1443,20.378,2.83,8.4,2.64561,2010,Radial Velocity,3517,0.43,M2.5
Kepler-14 b,Kepler-14,287.709,47.3331,798,12.733,2669.66,6.79012,2011,Transit,6395,2.048,
CoRoT-18 b,CoRoT-18,98.1724,-0.0316,764.889,14.68,1102.82,1.90007,2011,Transit,5440,1,G9 V
Kepler-15 b,Kepler-15,296.201,49.14,739.412,10.76,209.76,4.94278,2011,Transit,5515,0.992,
KOI-55 b,KOI-55,296.356,41.0927,1231.02,0.759,0.44,0.2401,2011,Orbital Brightness Modulation,27730,0.203,B
PSR J1719-1438 b,PSR J1719-1438,259.792,-14.6336,1200,,382.8,0.09071,2011,Pulsar Timing,4500,,
CoRoT-14 b,CoRoT-14,103.424,-5.53604,1744.6,12.22,2415.4,1.51214,2010,Transit,6035,1.21,F9 V
HD 11964 b,HD 11964,29.2884,-10.2435,33.537,14.1,198,1945,2005,Radial Velocity,5303,2.01,G9 V CN+1
HAT-P-4 b,HAT-P-4,229.991,36.2296,320.451,14.28,213.255,3.05654,2007,Transit,5860,1.596,F
OGLE-TR-10 b,OGLE-TR-10,267.868,-29.8765,1344.97,14.011,197.046,3.10128,2004,Transit,5950,1.17,G2 V
OGLE-TR-113 b,OGLE-TR-113,163.101,-61.4469,566.459,12.251,400.449,1.43248,2004,Transit,4790,0.774,K4 V
HD 192310 b,HD 192310,303.828,-27.0338,8.797,4.27,16.9,74.72,2011,Radial Velocity,5166,0.858,K3V
OGLE-2014-BLG-1760L b,OGLE-2014-BLG-1760L,269.409,-28.9621,7056,13.8,295.898,,2016,Microlensing,,,K
OGLE-2013-BLG-0132L b,OGLE-2013-BLG-0132L,269.765,-28.421,3900,11.6,92,,2017,Microlensing,,,
Kepler-277 b,Kepler-277,286.583,39.0773,976.643,2.92,87.3,17.324,2013,Transit,5946,1.69,
KMT-2017-BLG-1194L b,KMT-2017-BLG-1194L,274.322,-25.3239,4240,1.7,3.54,,2023,Microlensing,,,
KMT-2017-BLG-2331L b,KMT-2017-BLG-2331L,264.407,-29.4612,8030,14.2,171,,2024,Microlensing,,,
HD 41004 A b,HD 41004 A,89.9566,-48.2394,36.691,13.2,807.25,963,2004,Radial Velocity,5310,0.85,K1/K2 V
OGLE-2019-BLG-0299L b,OGLE-2019-BLG-0299L,266.679,-23.5843,5830,12.7,1976.89,,2021,Microlensing,,,
Kepler-476 b,Kepler-476,295.164,43.9631,813.535,3.08,9.69,14.0064,2016,Transit,5837,1.09,
KMT-2021-BLG-2294L b,KMT-2021-BLG-2294L,270.062,-28.6124,6800,5.02,22.248,,2022,Microlensing,,,
KMT-2022-BLG-1013L b,KMT-2022-BLG-1013L,264.709,-28.3557,7710,12.1,98.527,,2023,Microlensing,,,
WASP-155 b,WASP-155,347.98,33.0476,399.63,13.451,276.829,3.11041,2025,Transit,5660,1.24,
KMT-2019-BLG-0414L b,KMT-2019-BLG-0414L,268.853,-21.8955,4410,12.9,1452.48,,2022,Microlensing,,,
HD 62509 b,HD 62509,116.329,28.0261,10.34,13.3,731,589.64,2006,Radial Velocity,4893,8.9,K0IIIvar
Kepler-65 b,Kepler-65,288.689,41.1511,303.728,1.42,2.4,2.15491,2012,Transit,6211,1.41,
RR Cae b,RR Cae,65.2734,-48.6543,21.192,13,1334.89,4343.5,2012,Eclipse Timing Variations,3904,0.193,M
WASP-65 b,WASP-65,133.324,8.52302,273.703,12.464,492.62,2.31142,2013,Transit,5600,1.01,G6
Kepler-30 c,Kepler-30,285.284,38.9473,914.221,12.3,640,60.3231,2012,Transit,5498,0.95,
Kepler-38 b,Kepler-38,286.83,42.2791,1174.59,4.3,122,105.599,2012,Transit,5623,1.752,G4 V
WASP-8 c,WASP-8,359.901,-35.0313,89.961,12.5,3003.37,4323,2013,Radial Velocity,5690,0.96,G8 V
ROXs 42 B b,ROXs 42 B,247.813,-24.5456,143.59,12.5,2860,,2013,Imaging,3433,1.337,M0
WASP-1 b,WASP-1,5.16695,31.99,393.072,16.623,271.415,2.51995,2007,Transit,6110,1.47,F7 V
Kepler-50 c,Kepler-50,288.101,50.0337,250.11,2.17,8.2,9.37647,2012,Transit,6225,1.58,
BD+15 2940 b,BD+15 2940,240.096,15.5467,426.42,13.7,352.78,137.48,2013,Radial Velocity,4796,14.7,K0
Kepler-87 b,Kepler-87,297.917,46.9651,1232.9,13.49,324.2,114.736,2013,Transit,5600,1.82,
WASP-75 b,WASP-75,342.386,-10.6755,294.001,14.235,340.06,2.48419,2013,Transit,6100,1.26,F9
Kepler-87 c,Kepler-87,297.917,46.9651,1232.9,6.14,6.4,191.232,2013,Transit,5600,1.82,
HD 40307 b,HD 40307,88.5172,-60.0237,12.936,,1189,4.3123,2009,Radial Velocity,4956,0.717,K2.5 V
WTS-1 b,WTS-1,293.985,36.2963,2346.01,16.7,1274.44,3.35206,2012,Transit,6250,1.15,F6 V
HD 40307 c,HD 40307,88.5172,-60.0237,12.936,,1868.51,9.6184,2009,Radial Velocity,4956,0.717,K2.5 V
CoRoT-26 b,CoRoT-26,279.75,6.96978,1045.18,14.12,165.26,4.20474,2013,Transit,5590,1.79,G5
91 Aqr b,91 Aqr,348.974,-9.08781,44.03,13.1,1017,181.4,2013,Radial Velocity,4665,11,K0 III
tau Gem b,tau Gem,107.785,30.2449,112.537,12.1,6547,305.5,2013,Radial Velocity,4388,26.8,K2 III
HAT-P-42 b,HAT-P-42,135.344,6.09708,405.238,14.348,331.801,4.64188,2012,Transit,5743,1.53,
Kepler-56 c,Kepler-56,293.758,41.8718,912.994,9.8,181,21.4024,2012,Transit,4840,4.23,
HD 40307 d,HD 40307,88.5172,-60.0237,12.936,,1775.39,20.432,2009,Radial Velocity,4956,0.717,K2.5 V
HD 40307 f,HD 40307,88.5172,-60.0237,12.936,2.13,5.2,51.76,2013,Radial Velocity,4956,0.717,K2.5 V
Kepler-186 e,Kepler-186,298.653,43.955,177.594,1.27,2.15,22.4077,2014,Transit,3788,0.472,M1
Kepler-186 c,Kepler-186,298.653,43.955,177.594,1.25,2.1,7.2673,2014,Transit,3788,0.472,M1
GJ 163 c,GJ 163,62.3228,-53.3712,15.129,2.5,6.8,25.6306,2013,Radial Velocity,3500,0.41,M
GJ 163 d,GJ 163,62.3228,-53.3712,15.129,5.92,29.4,603.951,2013,Radial Velocity,3500,0.41,M
Kepler-56 b,Kepler-56,293.758,41.8718,912.994,6.51,22.1,10.5016,2012,Transit,4840,4.23,
HD 208527 b,HD 208527,329.1,21.2399,312.202,12.5,3146.4,875.5,2012,Radial Velocity,4035,51.1,M1 III
HD 40307 g,HD 40307,88.5172,-60.0237,12.936,2.56,7.1,197.8,2013,Radial Velocity,4956,0.717,K2.5 V
Kepler-186 d,Kepler-186,298.653,43.955,177.594,1.4,2.54,13.343,2014,Transit,3788,0.472,M1
GU Psc b,GU Psc,18.1465,17.065,47.55,14.179,3591.3,,2014,Imaging,4032,0.45,M3
HIP 63242 b,HIP 63242,194.382,-65.6463,156.456,12.5,2917.56,124.6,2013,Radial Velocity,4830,10.276,G8
Kepler-11 b,Kepler-11,297.115,41.9091,646.346,1.8,1.9,10.3039,2010,Transit,5663,1.065,
KOI-351 f,KOI-351,284.433,49.3051,848.254,2.88,8.65,124.914,2013,Transit,6080,1.2,
CoRoT-1 b,CoRoT-1,102.08,-3.10214,787.909,16.7,327.35,1.50896,2008,Transit,5950,1.11,G0 V
HAT-P-45 b,HAT-P-45,274.373,-3.38106,298.64,15.984,283.492,3.12899,2014,Transit,6330,1.319,
HAT-P-44 b,HAT-P-44,213.144,47.0148,347.85,13.922,111.871,4.30122,2014,Transit,5295,0.949,
Kepler-11 e,Kepler-11,297.115,41.9091,646.346,4.19,8,31.9996,2010,Transit,5663,1.065,
HD 95086 b,HD 95086,164.262,-68.6673,86.228,12.9,1589,,2013,Imaging,7595,1.487,A8 III
BD-06 1339 b,BD-06 1339,88.2512,-5.99634,20.27,,1523.03,3.8728,2013,Radial Velocity,4324,0.686,K7/M0 V
HD 103774 b,HD 103774,179.231,-12.108,56.409,13.3,116,5.8881,2013,Radial Velocity,6489,1.581,F5 V
HAT-P-44 c,HAT-P-44,213.144,47.0148,347.85,13,1271.3,872.2,2014,Radial Velocity,5295,0.949,
HATS-5 b,HATS-5,67.2228,-21.4821,246.384,10.223,75.323,4.76339,2014,Transit,5304,0.871,G
Kepler-11 g,Kepler-11,297.115,41.9091,646.346,3.33,25,118.381,2010,Transit,5663,1.065,
KOI-351 e,KOI-351,284.433,49.3051,848.254,2.66,7.56,91.9391,2013,Transit,6080,1.2,
KOI-351 c,KOI-351,284.433,49.3051,848.254,1.19,1.81,8.71937,2013,Transit,6080,1.2,
HD 109271 b,HD 109271,188.397,-11.6215,55.872,4.31,17.162,7.8543,2013,Radial Velocity,5783,1.295,G5 V
HD 109271 c,HD 109271,188.397,-11.6215,55.872,5.27,24.154,30.93,2013,Radial Velocity,5783,1.295,G5 V
bet Cnc b,bet Cnc,124.129,9.18533,89.047,12.6,2479,605.2,2014,Radial Velocity,4092,47.2,K4 III
mu Leo b,mu Leo,148.19,26.0067,32.608,13.3,762.8,357.8,2014,Radial Velocity,4538,11.4,K2 III
Kepler-11 c,Kepler-11,297.115,41.9091,646.346,2.87,2.9,13.0241,2010,Transit,5663,1.065,
OGLE-2012-BLG-0358L b,OGLE-2012-BLG-0358L,265.695,-24.261,1760,13.4,588,,2013,Microlensing,,,
HD 166724 b,HD 166724,273.499,-42.5757,45.134,13,1207.75,5144,2012,Radial Velocity,5127,0.797,K0 IV-V
WASP-64 b,WASP-64,101.115,-32.8584,369.926,14.247,403.945,1.57329,2012,Transit,5400,1.058,G7
Kepler-67 b,Kepler-67,294.153,46.1664,1131.19,2.94,8.96,15.7259,2013,Transit,5331,0.778,G9 V
GJ 667 C c,GJ 667 C,259.751,-34.9978,7.244,1.77,3.8,28.14,2013,Radial Velocity,3350,,M1.5 V
HAT-P-38 b,HAT-P-38,35.3835,32.246,255.206,9.247,84.857,4.64038,2012,Transit,5330,0.923,G5
WASP-7 b,WASP-7,311.043,-39.2255,162.303,14.908,305.117,4.95464,2008,Transit,6400,1.432,
OGLE-2011-BLG-0251L b,OGLE-2011-BLG-0251L,264.559,-27.1361,2570,14.2,170,,2012,Microlensing,,,M
PH1 b,PH1,298.215,39.9551,1033.16,6.18,169,138.317,2012,Transit,6407,1.734,F
Kepler-1544 b,Kepler-1544,297.285,49.2124,335.09,1.78,3.82,168.811,2016,Transit,4886,0.74,
GJ 667 C e,GJ 667 C,259.751,-34.9978,7.244,1.45,2.7,62.24,2013,Radial Velocity,3350,,M1.5 V
HD 207832 c,HD 207832,328.152,-26.0272,58.929,14,232.016,1155.7,2012,Radial Velocity,5710,0.901,G5 V
HAT-P-39 b,HAT-P-39,113.758,17.83,697.004,17.609,190.372,3.54387,2012,Transit,6430,1.625,
HD 150706 b,HD 150706,247.826,79.7894,28.27,13.3,772.323,5894,2012,Radial Velocity,5961,0.96,G0 V
HIP 57274 d,HIP 57274,176.171,30.9577,25.862,14.2,167.4,431.7,2011,Radial Velocity,4640,0.68,K4 V
CoRoT-2 b,CoRoT-2,291.777,1.38366,213.283,16.432,1102.82,1.74299,2008,Transit,5625,0.906,
Oph 11 b,Oph 11,245.605,-24.0872,136.166,12.3,4449.62,7.3e+06,2006,Imaging,2375,0.233,M9
Kepler-418 b,Kepler-418,294.434,38.3555,1002.53,13.45,349.611,86.6786,2014,Transit,5820,1.09,
DP Leo b,DP Leo,169.316,17.9616,305.684,12.7,1995.89,10220,2009,Eclipse Timing Variations,13500,0.011,
Kepler-58 b,Kepler-58,296.359,39.1152,969.252,2.78,35.5,10.2185,2012,Transit,5843,1.03,
Kepler-59 c,Kepler-59,287.039,46.6402,1163.22,1.98,3.81,17.9801,2012,Transit,6074,0.94,
Kepler-130 c,Kepler-130,288.451,40.2452,316.663,2.9,8.75,27.5087,2014,Transit,5879,1.17,
CoRoT-27 b,CoRoT-27,278.496,5.53838,1010.28,11.287,3302.11,3.57532,2014,Transit,5900,1.08,G2
HIP 105854 b,HIP 105854,321.596,-37.8295,78.638,12.6,2606.1,184.2,2014,Radial Velocity,4780,10.305,K2 III
Kapteyn c,Kapteyn,77.9587,-45.043,3.933,2.54,7,121.54,2014,Radial Velocity,3550,0.291,M2.0V
2MASS J01225093-2439505 b,2MASS J01225093-2439505,20.7128,-24.6646,33.828,11.209,7786.5,,2013,Imaging,3530,0.366,M3.5 V
Kepler-63 b,Kepler-63,289.226,49.5483,194.033,6.11,120,9.43415,2013,Transit,5576,0.901,G5
Kepler-53 c,Kepler-53,290.462,40.5625,1366.07,3.17,36,38.5583,2012,Transit,5858,0.89,
Kepler-54 c,Kepler-54,294.774,43.0562,271.701,1.23,0.7,12.0717,2012,Transit,3705,0.5,M1 V
Kepler-83 c,Kepler-83,282.233,43.6656,400.409,2.36,2.03,20.09,2012,Transit,4082,0.61,M0 V
Kepler-81 b,Kepler-81,293.637,42.8248,348.291,2.42,17.2,5.955,2012,Transit,4385,0.59,M0 V
Kepler-55 c,Kepler-55,285.168,44.0265,578.796,2.21,69.8,42.1516,2012,Transit,4362,0.58,
Kepler-59 b,Kepler-59,287.039,46.6402,1163.22,1.1,4.1,11.8682,2012,Transit,6074,0.94,
HD 82943 b,HD 82943,143.711,-12.1303,27.59,13.5,534.25,441.47,2003,Radial Velocity,5935,1.183,G2/3V
HD 154857 c,HD 154857,257.816,-56.681,63.448,13.2,819.97,3452,2014,Radial Velocity,5605,1.76,G5 V
Kepler-62 d,Kepler-62,283.213,45.3497,300.874,1.95,14,18.1641,2013,Transit,4925,0.64,K2 V
Kepler-62 b,Kepler-62,283.213,45.3497,300.874,1.31,9,5.71493,2013,Transit,4925,0.64,K2 V
Kepler-83 b,Kepler-83,282.233,43.6656,400.409,2.83,2.94,9.77,2012,Transit,4082,0.61,M0 V
POTS-1 b,POTS-1,203.609,-66.5812,747.959,10.548,734.16,3.16063,2013,Transit,4400,0.588,K5 V
Kepler-54 b,Kepler-54,294.774,43.0562,271.701,2.1,0.98,8.01094,2012,Transit,3705,0.5,M1 V
Kepler-55 b,Kepler-55,285.168,44.0265,578.796,2.43,43,27.9481,2012,Transit,4362,0.58,
HD 82943 c,HD 82943,143.711,-12.1303,27.59,13.4,622.603,220.078,2003,Radial Velocity,5935,1.183,G2/3V
Kepler-413 b,Kepler-413,288.511,51.1624,847.536,4.347,67,66.262,2014,Transit,4700,0.776,
Kepler-61 b,Kepler-61,295.304,42.4753,335.079,2.15,5.27,59.8776,2013,Transit,4017,0.62,K7 V
HAT-P-27 b,HAT-P-27,222.767,5.94736,199.173,11.43,197.05,3.03958,2011,Transit,5316,0.865,G8
Qatar-4 b,Qatar-4,4.85928,44.0276,329.036,12.722,1938.76,1.80536,2017,Transit,5215,0.849,K1 V
WTS-2 b,WTS-2,293.733,36.8155,1030.77,15.278,355.97,1.01871,2014,Transit,5000,0.752,K2 V
HD 4203 c,HD 4203,11.1722,20.4484,81.379,13.3,689.66,6700,2014,Radial Velocity,5582,1.498,G5
Kepler-193 c,Kepler-193,296.499,46.5772,1009.1,2.75,8,50.6975,2014,Transit,6335,1.147,
Kepler-207 b,Kepler-207,290.031,42.1661,875.519,1.57,3.09,1.61187,2014,Transit,5920,1.588,
Kepler-313 b,Kepler-313,298.295,48.7754,1079.39,2.53,6.94,14.9704,2014,Transit,5727,1.536,
Kepler-120 c,Kepler-120,287.892,39.3391,388.63,1.53,2.96,12.7946,2014,Transit,4096,0.534,M0 V
Kepler-238 e,Kepler-238,287.897,40.6378,1798.75,5.6,169.7,23.654,2013,Transit,5800,0.96,
Kepler-328 b,Kepler-328,295.809,40.0085,2213.19,2.3,28.5,34.921,2013,Transit,6064,1.06,
Kepler-280 b,Kepler-280,291.391,42.1805,780.361,1.45,2.7,2.13954,2014,Transit,5744,0.886,
Kepler-275 c,Kepler-275,292.48,38.5149,2034.25,3.38,11.4,16.0881,2014,Transit,6165,1.383,
Kepler-214 b,Kepler-214,284.755,44.956,1208.44,2.61,7.32,15.6605,2014,Transit,6169,1.352,
Kepler-219 c,Kepler-219,288.739,46.7626,787.07,3.58,12.5,22.7146,2014,Transit,5786,1.491,
Kepler-331 b,Kepler-331,291.834,39.3073,580.119,1.82,3.97,8.4575,2014,Transit,4347,0.492,
Kepler-340 c,Kepler-340,295.933,40.3006,808.762,3.37,11.3,22.8247,2014,Transit,6620,1.85,
TOI-4438 b,TOI-4438,270.317,35.5949,30.035,2.4,4.11,7.4463,2024,Transit,3501,0.365,M3.5 V
Kepler-293 b,Kepler-293,286.358,42.4065,974.633,3.07,9.64,19.2542,2014,Transit,5804,0.957,
Kepler-291 b,Kepler-291,287.916,42.4373,1786.48,2.16,5.31,3.54651,2014,Transit,6002,1.016,
Kepler-224 d,Kepler-224,290.934,47.3575,782.088,2.3,5.9,11.3494,2014,Transit,5018,0.676,
Kepler-124 c,Kepler-124,286.753,49.0649,420.046,1.75,3.71,13.8214,2014,Transit,4984,0.636,
Kepler-111 b,Kepler-111,291.653,44.6883,657.223,1.58,3.12,3.34181,2014,Transit,5952,1.157,
Kepler-148 c,Kepler-148,289.786,46.8588,791.163,3.6,12.6,4.18004,2014,Transit,5272,0.851,
Kepler-179 b,Kepler-179,298.664,47.7619,605.68,1.64,3.33,2.73593,2014,Transit,5302,0.759,
Kepler-290 c,Kepler-290,286.41,42.6815,694.627,2.7,7.75,36.7703,2014,Transit,5147,0.743,
Kepler-302 c,Kepler-302,294.317,43.6292,1402.58,12.45,,127.282,2014,Transit,5740,1.22,
Kepler-226 b,Kepler-226,292.376,47.881,980.138,1.55,24,3.941,2014,Transit,5571,0.802,
Kepler-333 b,Kepler-333,292.286,40.9135,324.413,1.32,28.2,12.5512,2014,Transit,4259,0.534,
Kepler-343 b,Kepler-343,291.961,42.433,927.193,2.41,6.39,8.96855,2014,Transit,5807,1.433,
Kepler-197 d,Kepler-197,295.226,50.5592,330.575,1.22,1.98,15.6776,2014,Transit,6004,1.12,
TOI-762 A b,TOI-762 A,166.075,-47.8215,98.446,8.339,79.775,3.47168,2024,Transit,3266,0.425,
Kepler-125 b,Kepler-125,298.258,47.605,183.365,2.37,6.21,4.16439,2014,Transit,3810,0.512,M1 V
Kepler-306 c,Kepler-306,288.539,40.6161,775.679,2.35,6.12,7.24019,2014,Transit,4954,0.719,
Kepler-53 d,Kepler-53,290.462,40.5625,1366.07,2.12,166.503,9.75196,2014,Transit,6085,0.958,
Kepler-238 d,Kepler-238,287.897,40.6378,1798.75,3.07,23.1,13.2335,2014,Transit,5751,1.43,
Kepler-127 d,Kepler-127,285.19,46.0281,352.794,2.64,7.46,48.6304,2014,Transit,6106,1.359,
Kepler-222 c,Kepler-222,287.906,46.9378,758.854,4.64,19.4,10.0888,2014,Transit,5433,0.869,
Kepler-257 d,Kepler-257,297.316,46.0233,780.256,4.95,21.7,24.6645,2014,Transit,5180,1.037,
Kepler-308 b,Kepler-308,295.785,40.4396,1335.92,2.12,5.14,9.69493,2014,Transit,5895,0.941,
Kepler-310 c,Kepler-310,288.839,46.9868,602.268,3.38,11.4,56.4754,2014,Transit,5797,0.876,
Kepler-242 c,Kepler-242,286.566,41.8084,600.241,2,4.66,14.4965,2014,Transit,5020,0.85,
Kepler-241 c,Kepler-241,292.913,41.061,512,2.57,7.13,36.066,2014,Transit,4699,0.668,
Kepler-351 c,Kepler-351,286.453,42.6578,1083.91,3.19,11.1,57.2481,2014,Transit,5643,0.854,
Kepler-341 c,Kepler-341,289.862,43.4727,1047.03,1.7,3.53,8.01041,2014,Transit,6012,1.024,
Kepler-166 c,Kepler-166,293.16,48.8812,603.53,2.38,6.26,34.2603,2014,Transit,5413,0.742,
Kepler-108 c,Kepler-108,294.559,46.0624,338.732,8.18,50.9,190.323,2014,Transit,5854,2.192,
Kepler-311 b,Kepler-311,282.061,47.0855,778.654,1.7,3.53,9.17609,2014,Transit,5905,1.188,
Kepler-276 b,Kepler-276,293.568,39.0363,1144.86,2.87,731.209,14.1284,2014,Transit,6105,1.046,
Kepler-254 c,Kepler-254,288.165,45.8164,1389.48,2.15,3.2,12.4122,2014,Transit,5957,0.91,
Kepler-268 c,Kepler-268,291.976,38.055,851.87,3.38,11.4,83.4464,2014,Transit,6081,1.274,
Kepler-321 c,Kepler-321,294.454,44.1458,384.542,2.32,5.99,13.0939,2014,Transit,5740,1.194,
Kepler-349 b,Kepler-349,293.676,44.6156,940.724,1.9,94.5,5.92978,2014,Transit,5956,0.927,
Kepler-108 b,Kepler-108,294.559,46.0624,338.732,8.65,56,49.1839,2014,Transit,5854,2.192,
Kepler-264 b,Kepler-264,292.045,37.3762,942.173,3.33,11.1,40.8062,2014,Transit,6158,1.55,
Kepler-279 b,Kepler-279,287.391,42.1948,1037.4,3.62,4180.93,12.3097,2014,Transit,6363,1.746,
Kepler-286 c,Kepler-286,290.676,48.2942,1226.85,1.37,2.45,3.46809,2014,Transit,5580,0.863,
Kepler-171 c,Kepler-171,296.772,41.7556,863.855,2.56,7.08,11.4635,2014,Transit,5642,0.839,
Kepler-238 b,Kepler-238,287.897,40.6378,1798.75,1.73,3305.02,2.09088,2014,Transit,5751,1.43,
Kepler-329 c,Kepler-329,299.268,45.2273,439.719,1.93,4.38,18.6847,2014,Transit,4257,0.523,
Kepler-345 c,Kepler-345,295.229,45.971,260,1.2,2.2,9.38743,2014,Transit,4504,0.623,
Kepler-263 b,Kepler-263,292.47,37.5678,754.747,2.67,7.61,16.5681,2014,Transit,5265,0.785,
Kepler-268 b,Kepler-268,291.976,38.055,851.87,2.55,7.04,25.9341,2014,Transit,6081,1.274,
Kepler-287 b,Kepler-287,290.927,48.4435,835.86,2.33,83,20.3422,2014,Transit,5806,1.032,K7 V
Kepler-290 b,Kepler-290,286.41,42.6815,694.627,2.25,5.69,14.5893,2014,Transit,5147,0.743,
Kepler-148 b,Kepler-148,289.786,46.8588,791.163,1.8,3.89,1.72937,2014,Transit,5272,0.851,
HD 13908 c,HD 13908,34.5609,65.5942,79.552,12.8,1630.4,931,2013,Radial Velocity,6255,1.67,F8 V
HD 159243 b,HD 159243,263.34,5.70083,73.305,13.7,359.13,12.62,2013,Radial Velocity,6123,1.12,G0 V
Kepler-292 d,Kepler-292,295.766,42.4243,1056.48,2.23,5.6,7.05568,2014,Transit,5299,0.826,
Kepler-297 c,Kepler-297,283.209,48.7776,692.14,6.54,42.1,74.9201,2014,Transit,5619,0.915,
Kepler-150 e,Kepler-150,288.234,40.5209,891.092,3.12,9.91,30.8266,2014,Transit,5560,0.939,
Kepler-178 c,Kepler-178,287.101,46.8964,716.025,2.88,8.65,20.5528,2014,Transit,5676,1.066,
HD 73526 c,HD 73526,129.318,-41.3184,97.24,13.3,715.09,379.1,2005,Radial Velocity,5601,1.53,G6 V
HD 106906 b,HD 106906,184.471,-55.9756,103.029,12.4,3496,,2013,Imaging,6516,2.124,F5 V
Kepler-267 b,Kepler-267,299.831,47.1576,264.993,1.98,37.9,3.35373,2014,Transit,4258,0.555,M1 V
Kepler-273 b,Kepler-273,291.302,47.6977,713.964,1.5,2.86,2.93653,2014,Transit,5626,0.815,
Kepler-306 b,Kepler-306,288.539,40.6161,775.679,1.52,2.92,4.64619,2014,Transit,4954,0.719,
Kepler-309 c,Kepler-309,297.51,46.9614,544.568,2.51,6.85,105.356,2014,Transit,4713,0.721,M0 V
Kepler-207 c,Kepler-207,290.031,42.1661,875.519,1.5,2.86,3.07157,2014,Transit,5920,1.588,
Kepler-224 b,Kepler-224,290.934,47.3575,782.088,1.39,2.51,3.13292,2014,Transit,5018,0.676,
Kepler-265 c,Kepler-265,290.51,41.2447,1280.25,2.63,7.41,17.0289,2014,Transit,5835,1.103,
Kepler-269 b,Kepler-269,290.215,41.776,2257.32,2.47,6.66,5.32672,2014,Transit,5847,0.959,
Kepler-119 c,Kepler-119,295.946,42.6588,701.996,0.92,0.721,4.1251,2014,Transit,5595,0.839,
Kepler-130 b,Kepler-130,288.451,40.2452,316.663,1.02,1.04,8.45746,2014,Transit,5884,1.127,
Kepler-235 e,Kepler-235,286.079,39.2782,428.018,2.22,5.56,46.1837,2014,Transit,4255,0.554,M0 V
Kepler-228 b,Kepler-228,296.286,48.2246,1644.61,1.53,2.96,2.56655,2014,Transit,6043,1.014,
Kepler-305 b,Kepler-305,299.224,40.3432,868.477,3.6,10.5,5.487,2013,Transit,5080,0.8,
Kepler-277 c,Kepler-277,286.583,39.0773,976.643,3.36,64.2,33.006,2013,Transit,5946,1.69,
Kepler-301 b,Kepler-301,283.983,49.233,719.166,1.35,2.39,2.50855,2014,Transit,5815,0.9,
Kepler-300 c,Kepler-300,295.289,48.5997,1098.45,2.25,5.69,40.715,2014,Transit,5986,0.9,
Kepler-133 b,Kepler-133,297.278,48.3203,653.6,1.76,3.75,8.12998,2014,Transit,5736,1.425,
Kepler-152 c,Kepler-152,286.865,41.989,441.09,2.39,6.3,88.255,2014,Transit,5088,0.724,
Kepler-299 c,Kepler-299,283.207,48.5805,1052.24,2.65,7.51,6.88588,2014,Transit,5617,1.032,
Kepler-298 b,Kepler-298,283.04,48.8253,518.204,1.96,4.5,10.4755,2014,Transit,4465,0.582,
Kepler-157 b,Kepler-157,291.097,38.8756,773.713,1.32,2.3,1.73234,2014,Transit,5774,1.044,
Kepler-162 b,Kepler-162,297.279,43.724,855.641,1.26,2.13,6.9198,2014,Transit,5816,0.958,
Kepler-249 d,Kepler-249,296.985,43.6586,190.401,1.57,3.09,15.3685,2014,Transit,3568,0.482,M2 V
Kepler-254 d,Kepler-254,288.165,45.8164,1389.48,2.5,6.8,18.7465,2014,Transit,5957,0.91,
Kepler-114 c,Kepler-114,294.121,48.3498,259.533,1.6,2.8,8.041,2013,Transit,4660,0.54,M0 V
Kepler-145 b,Kepler-145,291.388,44.529,566.85,2.65,37.1,22.951,2013,Transit,6022,1.85,
Kepler-295 b,Kepler-295,285.346,45.3678,1699.19,1.22,1.98,12.6452,2014,Transit,5603,0.898,
Kepler-288 c,Kepler-288,288.916,39.5947,1194.15,2.85,8.5,19.3058,2014,Transit,5918,1.091,
Kepler-286 d,Kepler-286,290.676,48.2942,1226.85,1.33,2.33,5.91432,2014,Transit,5580,0.863,
Kepler-312 c,Kepler-312,298.396,42.4598,797.72,3.15,10.1,19.7474,2014,Transit,6115,1.467,
Kepler-287 c,Kepler-287,290.927,48.4435,835.86,3.26,66,44.8519,2014,Transit,5806,1.032,K7 V
Kepler-285 b,Kepler-285,291.391,48.0655,824.31,1.34,2.36,2.63387,2014,Transit,5411,0.808,
Kepler-178 d,Kepler-178,287.101,46.8964,716.025,3.95,14.8,96.679,2014,Transit,5676,1.066,
Kepler-183 b,Kepler-183,293.531,39.3159,1050.64,2.06,4.9,5.68795,2014,Transit,5888,0.958,
Kepler-315 b,Kepler-315,298.023,43.3635,1160.63,3.77,13.7,96.1011,2014,Transit,5796,1.037,
Kepler-316 c,Kepler-316,290.826,44.1839,384.938,1.16,1.65,6.82777,2014,Transit,4204,0.52,
Kepler-284 b,Kepler-284,293.147,47.7297,1031.95,2.24,5.65,12.6991,2014,Transit,5615,0.814,
Kepler-281 c,Kepler-281,294.108,44.7707,1745.45,5.31,161.124,36.3374,2014,Transit,5723,0.899,
Kepler-85 d,Kepler-85,290.973,45.2903,765.025,1.2,8.697,17.9132,2014,Transit,5436,0.893,
Kepler-353 b,Kepler-353,296.857,41.7581,384.694,0.89,0.64,5.79528,2014,Transit,3903,0.504,
Kepler-372 c,Kepler-372,291.256,49.2589,1493.95,2.09,5.02,20.0538,2014,Transit,6509,1.137,
Kepler-374 c,Kepler-374,294.138,42.3704,1265.61,1.1,1.37,3.28281,2014,Transit,5977,0.911,
Kepler-151 c,Kepler-151,292.163,41.0232,649.919,2.09,5.02,24.6746,2014,Transit,5460,0.83,
Kepler-386 c,Kepler-386,289.859,48.6938,882.462,1.58,3.12,25.1935,2014,Transit,5178,0.767,
Kepler-213 c,Kepler-213,290.824,44.6473,634.939,2.34,6.08,4.82296,2014,Transit,5696,1.195,
Kepler-211 b,Kepler-211,285.439,43.1685,309.353,1.26,2.13,4.13858,2014,Transit,5123,0.816,
Kepler-355 b,Kepler-355,285.799,42.8117,1432.17,1.46,2.73,11.0319,2014,Transit,6184,1.066,
Kepler-356 b,Kepler-356,292.421,37.6828,707.559,1.57,3.09,4.6127,2014,Transit,6133,1.335,
Kepler-355 c,Kepler-355,285.799,42.8117,1432.17,2.71,7.8,25.7623,2014,Transit,6184,1.066,
Kepler-356 c,Kepler-356,292.421,37.6828,707.559,1.81,3.93,13.1216,2014,Transit,6133,1.335,
Kepler-387 b,Kepler-387,287.798,45.6568,801.052,1.03,1.08,6.79164,2014,Transit,5774,1.046,
Kepler-388 b,Kepler-388,284.828,44.6086,425,0.81,0.457,3.17332,2014,Transit,4498,0.586,
Kepler-404 b,Kepler-404,286.399,45.3435,812.524,1.27,2.15,11.8299,2014,Transit,5654,0.884,
Kepler-221 d,Kepler-221,296.655,46.8352,385.231,2.73,3.61,10.0416,2014,Transit,5243,0.821,
Kepler-357 b,Kepler-357,291.243,44.0086,688.573,1.84,4.04,6.47543,2014,Transit,5036,0.834,
Kepler-358 b,Kepler-358,293.23,48.2814,1101.1,2.72,7.85,34.0605,2014,Transit,5908,0.954,
Kepler-376 c,Kepler-376,291.607,38.4103,923.067,1.79,3.86,14.1723,2014,Transit,5900,1.175,
Kepler-378 b,Kepler-378,294.949,46.4389,152.094,0.75,0.347,16.0924,2014,Transit,4661,0.671,
Kepler-389 b,Kepler-389,291.96,44.9001,816.559,1.51,2.89,3.24411,2014,Transit,5376,0.792,
Kepler-118 b,Kepler-118,299.213,41.4248,574.228,1.96,4.5,7.5185,2014,Transit,5274,1.094,
Kepler-359 b,Kepler-359,293.294,42.1964,1443.21,3.53,12.2,25.5632,2014,Transit,6248,1.086,
Kepler-363 c,Kepler-363,283.192,41.3054,762.596,1.69,66.4,7.54243,2014,Transit,5593,1.485,
Kepler-379 c,Kepler-379,295.701,38.9458,731.274,2.29,5.86,62.7847,2014,Transit,6054,1.306,
Kepler-112 c,Kepler-112,296.981,43.2097,513.206,2.4,6.35,28.5743,2014,Transit,5544,0.841,
Kepler-163 b,Kepler-163,295.003,46.9873,689.814,1.05,1.16,7.81094,2014,Transit,5776,0.917,
Kepler-390 b,Kepler-390,291.629,41.2088,435.277,0.82,0.477,6.73809,2014,Transit,5166,0.776,
Kepler-52 d,Kepler-52,286.738,49.9757,321.542,1.95,88.877,36.4452,2014,Transit,4263,0.556,M0 V
Kepler-231 b,Kepler-231,293.973,50.5318,316.618,1.73,35.4,10.0653,2014,Transit,3767,0.49,M1 V
Kepler-357 d,Kepler-357,291.243,44.0086,688.573,3.43,11.6,49.4999,2014,Transit,5036,0.834,
Kepler-358 c,Kepler-358,293.23,48.2814,1101.1,2.85,8.5,83.4884,2014,Transit,5908,0.954,
Kepler-139 b,Kepler-139,282.392,43.8894,391.038,2.94,7,15.771,2014,Transit,5594,1.3,
Kepler-172 d,Kepler-172,283.368,41.8218,828.592,2.25,5.69,14.6271,2014,Transit,5526,1.085,
Kepler-237 b,Kepler-237,283.221,40.4218,657.822,1.41,2.57,4.71511,2014,Transit,4861,0.725,
Kepler-235 c,Kepler-235,286.079,39.2782,428.018,1.28,2.18,7.8249,2014,Transit,4255,0.554,M0 V
Kepler-363 b,Kepler-363,283.192,41.3054,762.596,1.16,1.65,3.61457,2014,Transit,5593,1.485,
Kepler-272 b,Kepler-272,299.128,47.5938,889.608,1.43,78,2.97135,2014,Transit,5297,0.929,
Kepler-353 c,Kepler-353,296.857,41.7581,384.694,1.38,2.48,8.41089,2014,Transit,3903,0.504,
Kepler-359 c,Kepler-359,293.294,42.1964,1443.21,4.3,2.9,57.688,2014,Transit,6248,1.086,
Kepler-173 b,Kepler-173,294.647,41.8841,833.165,1.29,2.21,4.26374,2014,Transit,6031,0.949,
Kepler-175 c,Kepler-175,289.553,43.8761,1312.34,3.1,9.8,34.0353,2014,Transit,6064,1.01,
Kepler-141 c,Kepler-141,297.971,47.7316,301.183,1.41,2.57,7.01061,2014,Transit,4910,0.787,
Kepler-239 c,Kepler-239,294.202,40.6633,648.109,2.51,6.85,56.2281,2014,Transit,4914,0.763,
Kepler-367 c,Kepler-367,297.293,49.9817,188.027,1.2,1.87,53.5786,2014,Transit,4710,0.695,
Kepler-143 c,Kepler-143,298.068,49.4125,809.467,3.37,11.3,27.0825,2014,Transit,5848,1.359,
Kepler-360 b,Kepler-360,286.285,44.7816,876.044,1.65,3.36,3.28967,2014,Transit,6053,1.058,
Kepler-49 e,Kepler-49,292.295,40.5918,311.222,1.56,1.038,18.5961,2014,Transit,4252,0.559,M1 V
Kepler-140 b,Kepler-140,287.369,46.7681,583.859,1.61,3.22,3.25427,2014,Transit,6077,1.288,
Kepler-392 b,Kepler-392,288.661,43.3682,681.428,1,0.972,5.34185,2014,Transit,5938,1.129,
Kepler-243 c,Kepler-243,285.11,42.034,693.86,1.99,4.62,20.0262,2014,Transit,5228,0.842,
Kepler-374 d,Kepler-374,294.138,42.3704,1265.61,1.31,2.27,5.02822,2014,Transit,5977,0.911,
Kepler-375 b,Kepler-375,288.618,48.0984,1238.81,1.45,2.7,12.1259,2014,Transit,5826,0.837,
Kepler-116 c,Kepler-116,294.742,43.5368,955.168,2.3,5.9,13.0716,2014,Transit,6142,1.454,
Kepler-280 c,Kepler-280,291.391,42.1805,780.361,2.01,4.7,4.80709,2014,Transit,5744,0.886,
Kepler-133 c,Kepler-133,297.278,48.3203,653.6,2.84,8.45,31.5176,2014,Transit,5736,1.425,
Kepler-246 c,Kepler-246,296.483,42.6634,626.078,1.5,2.86,11.1872,2014,Transit,5206,0.831,
Kepler-251 e,Kepler-251,296.566,44.1058,924.625,2.77,8.1,99.6402,2014,Transit,5526,0.89,
Kepler-326 c,Kepler-326,294.326,46.0023,487.675,1.4,17.4,4.58036,2014,Transit,5105,0.801,
K2-24 b,K2-24,242.573,-24.9906,170.562,5.638,20.6,20.8896,2016,Transit,5726,1.185,G9 V
Kepler-281 b,Kepler-281,294.108,44.7707,1745.45,2.82,324,14.646,2014,Transit,5723,0.899,
Kepler-288 b,Kepler-288,288.916,39.5947,1194.15,1.67,3.43,6.09733,2014,Transit,5918,1.091,
Kepler-393 b,Kepler-393,290.995,45.1922,881.404,1.29,2.21,9.18242,2014,Transit,6189,1.382,
Kepler-394 b,Kepler-394,296.302,50.6723,1058.72,1.6,3.19,8.00501,2014,Transit,6402,1.132,
Kepler-26 e,Kepler-26,284.941,46.5665,335.307,2.41,6.39,46.8279,2014,Transit,4486,0.571,M0 V
Kepler-255 b,Kepler-255,296.064,45.9768,1052.53,1.55,3.02,5.71461,2014,Transit,5573,0.933,
Kepler-344 b,Kepler-344,292.5,46.3243,1002.94,2.61,7.32,21.9639,2014,Transit,5774,0.976,
Kepler-342 b,Kepler-342,292.678,46.7267,781.611,2.25,5.69,15.1703,2014,Transit,6175,1.472,
Kepler-291 c,Kepler-291,287.916,42.4373,1786.48,1.88,4.19,5.70079,2014,Transit,6002,1.016,
Kepler-293 c,Kepler-293,286.358,42.4065,974.633,3.83,14,54.1557,2014,Transit,5804,0.957,
Kepler-189 b,Kepler-189,287.565,44.3051,591.534,1.21,1.92,10.3999,2014,Transit,5235,0.75,
Kepler-191 c,Kepler-191,291.183,45.3231,594.464,1.86,4.12,17.7385,2014,Transit,5282,0.789,
Kepler-258 c,Kepler-258,294.068,46.5791,575.988,3.61,12.7,33.6531,2014,Transit,4942,0.915,
Kepler-337 c,Kepler-337,290.061,47.1639,677.975,2.05,4.86,9.6932,2014,Transit,5684,1.761,
Kepler-298 c,Kepler-298,283.04,48.8253,518.204,1.93,4.38,22.9288,2014,Transit,4465,0.582,
Kepler-300 b,Kepler-300,295.289,48.5997,1098.45,1.67,3.43,10.4464,2014,Transit,5986,0.9,
Kepler-137 b,Kepler-137,282.136,43.0392,302.979,1.47,2.76,8.43639,2014,Transit,5187,0.802,
Kepler-261 c,Kepler-261,291.365,37.6092,317.499,2,4.66,24.5709,2014,Transit,5098,0.794,
Kepler-265 b,Kepler-265,290.51,41.2447,1280.25,1.86,4.12,6.84626,2014,Transit,5835,1.103,
Kepler-339 b,Kepler-339,293.352,48.4446,616.637,1.42,2.6,4.97766,2014,Transit,5631,0.802,
Kepler-325 b,Kepler-325,289.835,49.8256,823.242,2.91,8.8,4.54444,2014,Transit,5752,1.003,
Kepler-126 b,Kepler-126,289.347,44.2084,237.401,1.52,4.117,10.4957,2014,Transit,6239,1.358,
Kepler-380 b,Kepler-380,282.395,48.7591,813.713,1.19,1.81,3.93082,2014,Transit,6045,1.224,
Kepler-397 c,Kepler-397,295.894,42.3805,969,6.18,31.6,135.499,2014,Transit,5307,0.767,
TOI-4504 b,TOI-4504,114.467,-62.0783,342.605,2.65,140,2.42615,2024,Transit,5315,0.93,K1 V
Kepler-188 b,Kepler-188,281.28,44.3155,968.544,1.68,3.46,2.0619,2014,Transit,6021,1.141,
Kepler-362 c,Kepler-362,291.772,47.5299,1090.51,1.45,2.7,37.8663,2014,Transit,5788,0.722,
Kepler-136 c,Kepler-136,296.467,42.5988,420.818,1.99,4.62,16.3992,2014,Transit,6165,1.355,
Kepler-381 c,Kepler-381,285.183,43.831,267.323,1.12,1.46,13.3916,2014,Transit,6152,1.568,
Kepler-398 b,Kepler-398,291.469,40.3437,177.355,0.93,0.749,4.08142,2014,Transit,4493,0.613,
Kepler-136 b,Kepler-136,296.467,42.5988,420.818,2.05,19.8,11.5789,2014,Transit,6165,1.355,
Kepler-272 d,Kepler-272,299.128,47.5938,889.608,2.25,5.69,10.9373,2014,Transit,5297,0.929,
Kepler-206 d,Kepler-206,291.635,41.8338,594.447,1.19,1.81,23.4428,2014,Transit,5764,1.185,
Kepler-141 b,Kepler-141,297.971,47.7316,301.183,0.69,0.257,3.10767,2014,Transit,4910,0.787,
Kepler-399 d,Kepler-399,299.502,40.6708,740.537,1.89,4.23,58.0346,2014,Transit,5502,0.68,
Kepler-400 b,Kepler-400,290.944,40.48,845.97,1.65,3.36,9.02439,2014,Transit,5886,1.145,
Kepler-366 b,Kepler-366,296.852,49.0844,1856.28,1.46,2.73,3.28196,2014,Transit,6209,1.048,
Kepler-367 b,Kepler-367,297.293,49.9817,188.027,1.3,2.24,37.8157,2014,Transit,4710,0.695,
Kepler-135 b,Kepler-135,290.495,38.7955,621.855,1.81,3.93,6.00253,2014,Transit,6090,1.275,
Kepler-383 b,Kepler-383,291.343,38.3632,470,1.32,2.3,12.9045,2014,Transit,4710,0.672,
Kepler-401 b,Kepler-401,290.083,50.8634,965.56,1.71,3.57,14.383,2014,Transit,6117,1.333,
Kepler-402 c,Kepler-402,288.37,43.3546,625.339,1.56,3.05,6.12482,2014,Transit,6090,1.264,
Kepler-351 b,Kepler-351,286.453,42.6578,1083.91,3.06,4.8,37.0549,2014,Transit,5643,0.854,
Kepler-350 b,Kepler-350,285.42,39.7061,956.859,1.85,16.9,11.1896,2014,Transit,6186,1.534,
Kepler-369 c,Kepler-369,293.674,47.9085,214,1.41,2.57,14.8716,2014,Transit,3591,0.471,
Kepler-371 b,Kepler-371,292.326,38.6575,813.192,1.89,4.23,34.7633,2014,Transit,5666,0.992,
Kepler-147 b,Kepler-147,287.976,39.0872,1042.02,1.53,2.96,12.6106,2014,Transit,6012,1.468,
Kepler-132 d,Kepler-132,283.236,41.343,349.549,1.55,3.02,18.0102,2014,Transit,6003,1.178,
Kepler-200 c,Kepler-200,284.41,41.2375,665.912,1.59,3.15,10.2222,2014,Transit,5678,0.944,
Kepler-215 e,Kepler-215,294.974,45.2137,485.997,1.75,3.71,68.161,2014,Transit,5739,1.027,
Kepler-347 c,Kepler-347,289.2,49.3056,1298.88,1.75,3.71,27.3209,2014,Transit,6088,1.005,
Kepler-202 b,Kepler-202,282.973,41.3218,285.111,1.63,3.29,4.06943,2014,Transit,4668,0.667,
Kepler-84 f,Kepler-84,298.252,40.4961,1023.9,2.2,5.48,44.5522,2014,Transit,6031,1.169,
Kepler-310 b,Kepler-310,288.839,46.9868,602.268,1.19,1.81,13.9307,2014,Transit,5797,0.876,
Kepler-270 c,Kepler-270,282.2,44.4223,948.781,1.77,3.78,25.2629,2014,Transit,6067,1.461,
Kepler-24 d,Kepler-24,290.413,38.3437,1156.81,1.67,293.959,4.24438,2014,Transit,5897,1.289,
Kepler-217 c,Kepler-217,293.038,46.2775,1104.64,1.85,4.08,8.586,2014,Transit,6171,1.799,
Kepler-220 e,Kepler-220,291.506,46.8956,171.109,1.33,2.33,45.9027,2014,Transit,4632,0.666,
Kepler-313 c,Kepler-313,298.295,48.7754,1079.39,2.57,7.13,32.2733,2014,Transit,5727,1.536,
Kepler-311 c,Kepler-311,282.061,47.0855,778.654,1.43,2.63,19.7383,2014,Transit,5905,1.188,
Kepler-282 c,Kepler-282,284.677,44.7976,1337.61,1.2,1.87,13.6387,2014,Transit,5602,0.904,
Kepler-286 e,Kepler-286,290.676,48.2942,1226.85,1.77,3.78,29.2213,2014,Transit,5580,0.863,
Kepler-204 b,Kepler-204,285.347,41.7619,686.723,2.53,6.94,14.401,2014,Transit,5812,1.238,
Kepler-359 d,Kepler-359,293.294,42.1964,1443.21,4.01,2.7,77.0957,2014,Transit,6248,1.086,
Kepler-314 b,Kepler-314,294.674,42.0756,268.881,0.83,0.498,2.46107,2014,Transit,5378,0.95,
Kepler-316 b,Kepler-316,290.826,44.1839,384.938,1.06,1.2,2.24051,2014,Transit,4204,0.52,
Kepler-288 d,Kepler-288,288.916,39.5947,1194.15,2.67,7.61,56.6337,2014,Transit,5918,1.091,
Kepler-149 b,Kepler-149,285.854,38.3841,571.034,4.21,16.5,29.1989,2014,Transit,5381,0.953,
Kepler-372 b,Kepler-372,291.256,49.2589,1493.95,1.36,2.42,6.84969,2014,Transit,6509,1.137,
Kepler-205 b,Kepler-205,285.287,41.8609,159.72,1.51,2.89,2.75564,2014,Transit,4321,0.546,M1 V
Kepler-361 b,Kepler-361,296.803,46.7411,930.32,1.45,2.7,8.48662,2014,Transit,6169,1.343,
Kepler-317 c,Kepler-317,294.944,39.032,940.584,1.72,3.61,8.77501,2014,Transit,5497,0.941,
Kepler-319 d,Kepler-319,288.812,39.7706,503.436,2.29,5.86,31.7819,2014,Transit,5526,0.903,
Kepler-295 d,Kepler-295,285.346,45.3678,1699.19,1.36,2.42,33.8841,2014,Transit,5603,0.898,
Kepler-308 c,Kepler-308,295.785,40.4396,1335.92,2.16,5.31,15.3823,2014,Transit,5895,0.941,
Kepler-234 b,Kepler-234,291.654,38.4947,1733.1,3.7,13.2,2.71151,2014,Transit,6224,1.113,
Kepler-378 c,Kepler-378,294.949,46.4389,152.094,0.7,0.271,28.906,2014,Transit,4661,0.671,
Kepler-321 b,Kepler-321,294.454,44.1458,384.542,1.77,3.78,4.91538,2014,Transit,5740,1.194,
Kepler-322 b,Kepler-322,281.349,44.2953,400.48,1.01,1.01,1.65389,2014,Transit,5388,0.89,
Kepler-397 b,Kepler-397,295.894,42.3805,969,2.46,6.62,22.2509,2014,Transit,5307,0.767,
Kepler-198 b,Kepler-198,290.673,38.691,495.358,2.82,8.35,17.79,2014,Transit,5574,0.94,
Kepler-386 b,Kepler-386,289.859,48.6938,882.462,1.39,2.51,12.3104,2014,Transit,5178,0.767,
Kepler-206 c,Kepler-206,291.635,41.8338,594.447,1.77,3.78,13.1375,2014,Transit,5764,1.185,
Kepler-173 c,Kepler-173,294.647,41.8841,833.165,2.43,6.48,8.00578,2014,Transit,6031,0.949,
Kepler-250 b,Kepler-250,289.595,44.1418,760.585,1.13,1.51,4.14814,2014,Transit,5160,0.805,
Kepler-325 c,Kepler-325,289.835,49.8256,823.242,2.54,6.99,12.7622,2014,Transit,5752,1.003,
Kepler-157 c,Kepler-157,291.097,38.8756,773.713,2.24,5.65,13.5405,2014,Transit,5774,1.044,
Kepler-392 c,Kepler-392,288.661,43.3682,681.428,1.1,1.37,10.4231,2014,Transit,5938,1.129,
Kepler-365 c,Kepler-365,295.627,49.1304,1038.99,1.64,3.33,17.7841,2014,Transit,6012,1.048,
Kepler-243 b,Kepler-243,285.11,42.034,693.86,2.45,6.57,5.71544,2014,Transit,5228,0.842,
Kepler-402 e,Kepler-402,288.37,43.3546,625.339,1.46,2.73,11.2429,2014,Transit,6090,1.264,
Kepler-402 d,Kepler-402,288.37,43.3546,625.339,1.38,2.48,8.9211,2014,Transit,6090,1.264,
Kepler-147 c,Kepler-147,287.976,39.0872,1042.02,2.43,6.48,33.4164,2014,Transit,6012,1.468,
Kepler-183 c,Kepler-183,293.531,39.3159,1050.64,2.27,35.7,11.6371,2014,Transit,5888,0.958,
Kepler-244 b,Kepler-244,287.243,42.3014,1036.49,2.76,8.05,4.31179,2014,Transit,5554,0.803,
Kepler-209 b,Kepler-209,291.169,42.6407,576.946,2.26,5.73,16.0878,2014,Transit,5513,0.935,
Kepler-127 b,Kepler-127,285.19,46.0281,352.794,1.4,2.54,14.4359,2014,Transit,6106,1.359,
Kepler-403 c,Kepler-403,289.921,46.7445,840.269,1.75,3.71,54.2807,2014,Transit,6090,1.329,
Kepler-376 b,Kepler-376,291.607,38.4103,923.067,1.07,1.24,4.9202,2014,Transit,5900,1.175,
Kepler-331 c,Kepler-331,291.834,39.3073,580.119,1.84,4.04,17.2811,2014,Transit,4347,0.492,
Kepler-256 e,Kepler-256,292.58,46.0974,1026.43,2.35,6.12,10.6816,2014,Transit,5551,1.301,
Kepler-209 c,Kepler-209,291.169,42.6407,576.946,3.1,9.8,41.7499,2014,Transit,5513,0.935,
Kepler-229 d,Kepler-229,286.999,48.3758,826.265,3.85,14.2,41.1949,2014,Transit,5120,0.728,
Kepler-237 c,Kepler-237,283.221,40.4218,657.822,2.08,4.98,8.10364,2014,Transit,4861,0.725,
Kepler-383 c,Kepler-383,291.343,38.3632,470,1.24,2.07,31.2007,2014,Transit,4710,0.672,
Kepler-333 c,Kepler-333,292.286,40.9135,324.413,1.11,1.41,24.0882,2014,Transit,4259,0.534,
Kepler-334 d,Kepler-334,287.141,47.1151,426.59,1.41,2.57,25.0985,2014,Transit,5828,1.068,
Kepler-156 c,Kepler-156,290.296,37.7494,443.483,2.55,7.04,15.9068,2014,Transit,5094,0.807,
Kepler-405 c,Kepler-405,291.409,38.34,1065.08,4.66,19.6,29.7267,2014,Transit,5818,0.893,
Kepler-274 c,Kepler-274,292.923,38.4772,1333.62,1.84,4.04,33.1979,2014,Transit,6023,1.007,
Kepler-315 c,Kepler-315,298.023,43.3635,1160.63,4.15,16.1,265.469,2014,Transit,5796,1.037,
Kepler-387 c,Kepler-387,287.798,45.6568,801.052,0.89,0.64,11.8376,2014,Transit,5774,1.046,
Kepler-388 c,Kepler-388,284.828,44.6086,425,0.86,0.566,13.297,2014,Transit,4498,0.586,
Kepler-337 b,Kepler-337,290.061,47.1639,677.975,1.54,2.99,3.29278,2014,Transit,5684,1.761,
Kepler-134 c,Kepler-134,284.739,49.5984,334.797,1.26,2.13,10.1058,2014,Transit,5983,1.176,
Kepler-140 c,Kepler-140,287.369,46.7681,583.859,1.8,3.89,91.3533,2014,Transit,6077,1.288,
Kepler-159 b,Kepler-159,297.07,40.8687,373.744,2.38,6.26,10.1396,2014,Transit,4625,0.663,M0 V
Kepler-320 c,Kepler-320,293.214,46.1752,826.613,1.37,2.45,17.9349,2014,Transit,6435,1.108,
Kepler-292 c,Kepler-292,295.766,42.4243,1056.48,1.47,2.76,3.71534,2014,Transit,5299,0.826,
Kepler-149 c,Kepler-149,285.854,38.3841,571.034,1.61,3.22,55.3283,2014,Transit,5381,0.953,
Kepler-164 b,Kepler-164,287.781,47.6298,890.758,1.41,2.57,5.03503,2014,Transit,5888,1.148,
Kepler-320 b,Kepler-320,293.214,46.1752,826.613,1.14,1.55,8.37155,2014,Transit,6435,1.108,
Kepler-395 b,Kepler-395,293.511,45.1366,421.382,1.03,1.08,7.05435,2014,Transit,4262,0.556,
Kepler-341 d,Kepler-341,289.862,43.4727,1047.03,1.85,4.08,27.6663,2014,Transit,6012,1.024,
Kepler-341 e,Kepler-341,289.862,43.4727,1047.03,1.99,4.62,42.4733,2014,Transit,6012,1.024,
Kepler-169 b,Kepler-169,286,40.9194,406.529,1.13,1.51,3.25062,2014,Transit,4997,0.763,
Kepler-169 f,Kepler-169,286,40.9194,406.529,2.58,7.18,87.0902,2014,Transit,4997,0.763,
Kepler-332 c,Kepler-332,286.663,47.4137,344.19,1.09,1.32,15.9956,2014,Transit,4955,0.72,
Kepler-143 b,Kepler-143,298.068,49.4125,809.467,2.41,6.39,16.0076,2014,Transit,5848,1.359,
Kepler-299 b,Kepler-299,283.207,48.5805,1052.24,1.32,2.3,2.92713,2014,Transit,5617,1.032,
Kepler-301 c,Kepler-301,283.983,49.233,719.166,1.35,2.39,5.41903,2014,Transit,5815,0.9,
Kepler-342 d,Kepler-342,292.678,46.7267,781.611,2.49,6.76,39.4594,2014,Transit,6175,1.472,
Kepler-233 c,Kepler-233,296.367,51.3195,856.417,2.71,7.8,60.419,2014,Transit,5360,0.758,
Kepler-171 d,Kepler-171,296.772,41.7556,863.855,1.89,4.23,39.5955,2014,Transit,5642,0.839,
HD 60779 b,HD 60779,114.005,-3.15129,35.444,3.246,14.19,29.9862,2026,Transit,6081,1.129,G1 V
Kepler-335 c,Kepler-335,296.064,45.4286,1278.97,3.07,9.64,67.8445,2014,Transit,5877,1.854,
Kepler-332 d,Kepler-332,286.663,47.4137,344.19,1.18,1.76,34.2115,2014,Transit,4955,0.72,
Kepler-262 b,Kepler-262,290.729,37.2527,613.129,1.36,2.42,13.0609,2014,Transit,5841,0.881,
Kepler-263 c,Kepler-263,292.47,37.5678,754.747,2.47,6.66,47.3328,2014,Transit,5265,0.785,
Kepler-191 b,Kepler-191,291.183,45.3231,594.464,1.34,2.36,9.93963,2014,Transit,5282,0.789,
Kepler-197 e,Kepler-197,295.226,50.5592,330.575,0.91,0.693,25.2097,2014,Transit,6004,1.12,
Kepler-200 b,Kepler-200,284.41,41.2375,665.912,2.13,5.18,8.5948,2014,Transit,5678,0.944,
Kepler-201 b,Kepler-201,293.626,41.2728,636.445,2.46,6.62,25.6721,2014,Transit,6065,1.229,
Kepler-84 e,Kepler-84,298.252,40.4961,1023.9,2.6,7.27,27.4344,2014,Transit,6031,1.169,
Kepler-265 e,Kepler-265,290.51,41.2447,1280.25,2.59,7.22,67.831,2014,Transit,5835,1.103,
Kepler-24 e,Kepler-24,290.413,38.3437,1156.81,2.78,26.212,18.9984,2014,Transit,5897,1.289,
Kepler-441 b,Kepler-441,284.567,49.0127,268.003,1.64,3.33,207.248,2015,Transit,4340,0.55,
Kepler-253 c,Kepler-253,291.842,44.8581,838.595,2.65,7.51,10.282,2014,Transit,5208,0.786,
Kepler-214 c,Kepler-214,284.755,44.956,1208.44,2.13,5.18,28.7798,2014,Transit,6169,1.352,
Kepler-170 c,Kepler-170,284.521,41.6297,738.657,2.86,8.55,16.6659,2014,Transit,5679,1.035,
Kepler-205 c,Kepler-205,285.287,41.8609,159.72,1.64,3.33,20.3066,2014,Transit,4321,0.546,M1 V
CoRoT-22 b,CoRoT-22,280.667,6.21917,627.158,4.88,12.2,9.75598,2014,Transit,5939,1.136,G3 V
Kepler-437 b,Kepler-437,297.347,44.0269,304,2.14,5.22,66.6506,2015,Transit,4551,0.68,
Kepler-192 b,Kepler-192,287.918,45.5929,651.674,2.74,7.95,9.92675,2014,Transit,5479,1.007,
Kepler-254 b,Kepler-254,288.165,45.8164,1389.48,3.87,14.3,5.82666,2014,Transit,5957,0.91,
Kepler-196 c,Kepler-196,284.969,42.0791,451.312,2.24,5.65,47.4277,2014,Transit,5128,0.782,
Kepler-101 b,Kepler-101,283.256,48.3552,927.981,5.77,51.1,3.48768,2014,Transit,5667,1.56,G3 IV
Kepler-439 b,Kepler-439,280.802,44.034,757.048,2.24,5.65,178.14,2015,Transit,5431,0.866,
Kepler-256 c,Kepler-256,292.58,46.0974,1026.43,2.15,5.27,3.38802,2014,Transit,5551,1.301,
Kepler-216 c,Kepler-216,293.728,46.1291,1187.47,3.04,9.48,17.4067,2014,Transit,6091,1.26,
Kepler-184 c,Kepler-184,291.952,43.0746,610.326,1.97,8.8,20.303,2014,Transit,5788,0.873,
KIC 10001893 d,KIC 10001893,287.389,46.9845,1672.94,,,0.81161,2014,Orbital Brightness Modulation,27500,0.18,
KIC 10001893 b,KIC 10001893,287.389,46.9845,1672.94,,,0.2197,2014,Orbital Brightness Modulation,27500,0.18,
HD 113538 c,HD 113538,196.234,-52.4464,16.282,13.8,295.57,1818,2010,Radial Velocity,4462,0.53,K9 V
HD 30669 b,HD 30669,72.1198,-28.4191,58.084,14.3,149.37,1684,2014,Radial Velocity,5400,0.91,G9 V
Kepler-217 b,Kepler-217,293.038,46.2775,1104.64,2.23,5.6,5.37494,2014,Transit,6171,1.799,
Kepler-83 d,Kepler-83,282.233,43.6656,400.409,1.94,4.1,5.1698,2014,Transit,4648,0.594,M0 V
Kepler-253 d,Kepler-253,291.842,44.8581,838.595,3.17,10.2,18.1199,2014,Transit,5208,0.786,
Kepler-424 c,Kepler-424,298.625,48.5774,698.646,12.7,2215.18,223.3,2014,Radial Velocity,5460,0.94,
Kepler-422 b,Kepler-422,282.63,46.3233,722.795,12.89,136.66,7.89145,2014,Transit,5972,1.24,
Kepler-445 c,Kepler-445,298.736,46.4991,127.201,2.51,6.85,4.87123,2015,Transit,3157,0.21,M4
Kepler-446 b,Kepler-446,282.25,44.921,96.339,1.5,2.86,1.56541,2015,Transit,3359,0.24,M4
Kepler-259 b,Kepler-259,288.212,46.615,1002.14,2.8,8.25,8.11532,2014,Transit,5938,0.898,
Kepler-193 b,Kepler-193,296.499,46.5772,1009.1,2.39,6.3,11.3885,2014,Transit,6335,1.147,
Kepler-215 b,Kepler-215,294.974,45.2137,485.997,1.62,3.26,9.36067,2014,Transit,5739,1.027,
Kepler-192 c,Kepler-192,287.918,45.5929,651.674,2.79,8.2,21.2234,2014,Transit,5479,1.007,
Kepler-426 b,Kepler-426,289.435,49.4735,843.695,12.22,108.06,3.21752,2014,Transit,5725,0.92,G1 V
Kepler-424 b,Kepler-424,298.625,48.5774,698.646,9.98,327.35,3.31186,2014,Transit,5460,0.94,
Kepler-427 b,Kepler-427,288.255,43.7048,1017.8,13.79,92.17,10.291,2014,Transit,5800,1.35,G2 V
HD 103720 b,HD 103720,179.171,-2.77914,45.535,14.1,197.046,4.5557,2014,Radial Velocity,5017,0.73,K3 V
Kepler-434 b,Kepler-434,293.586,42.9289,1222.54,12.67,908.96,12.8747,2015,Transit,5977,1.38,
Kepler-221 c,Kepler-221,296.655,46.8352,385.231,2.93,9.3,5.69059,2014,Transit,5243,0.821,
Kepler-222 b,Kepler-222,287.906,46.9378,758.854,3.16,10.1,3.93698,2014,Transit,5433,0.869,
Kepler-94 c,Kepler-94,281.195,47.4973,191.904,12.5,3126,820.3,2014,Radial Velocity,4781,0.76,M0 V
Kepler-48 e,Kepler-48,299.139,40.9489,306.738,13.4,657,982,2014,Radial Velocity,5194,0.89,
Kepler-428 b,Kepler-428,290.582,40.5773,686.284,12.11,403.63,3.52563,2014,Transit,5150,0.8,K1 V
Kepler-425 b,Kepler-425,290.358,40.5677,646.647,10.962,79.45,3.79702,2014,Transit,5170,0.86,K1 V
Kepler-224 c,Kepler-224,290.934,47.3575,782.088,3.12,9.91,5.925,2014,Transit,5018,0.676,
Kepler-407 c,Kepler-407,286.036,49.6145,338.368,12.3,4000,3000,2014,Radial Velocity,5476,1.01,G
Kepler-106 c,Kepler-106,300.864,44.3376,444.322,2.5,10.44,13.5708,2014,Transit,5858,1.04,
TYC 1422-614-1 b,TYC 1422-614-1,154.278,19.5584,672.41,13.3,794.5,198.4,2014,Radial Velocity,4806,6.85,
TYC 1422-614-1 c,TYC 1422-614-1,154.278,19.5584,672.41,12.5,3178,559.3,2014,Radial Velocity,4806,6.85,
Kepler-445 b,Kepler-445,298.736,46.4991,127.201,1.58,3.12,2.98415,2015,Transit,3157,0.21,M4
Kepler-446 d,Kepler-446,282.25,44.921,96.339,1.35,2.39,5.14892,2015,Transit,3359,0.24,M4
Kepler-164 c,Kepler-164,287.781,47.6298,890.758,2.73,7.9,10.9457,2014,Transit,5888,1.148,
Kepler-165 b,Kepler-165,280.691,47.8097,560.885,2.32,5.99,8.18085,2014,Transit,5211,0.77,
OGLE-2005-BLG-071L b,OGLE-2005-BLG-071L,267.541,-34.6732,3200,13,1200,,2005,Microlensing,,,
OGLE-2008-BLG-092L b,OGLE-2008-BLG-092L,267.541,-34.6732,8100,8.74,57,,2014,Microlensing,,,
Kepler-246 b,Kepler-246,296.483,42.6634,626.078,2.34,6.08,4.60182,2014,Transit,5206,0.831,
Kepler-226 c,Kepler-226,292.376,47.881,980.138,2.27,45.2,5.34955,2014,Transit,5571,0.802,
Kepler-227 b,Kepler-227,291.934,48.1417,1083.06,3.11,9.85,9.48802,2014,Transit,5854,1.091,
Kepler-113 b,Kepler-113,287.998,50.9442,262.351,1.82,11.7,4.754,2014,Transit,4725,0.69,
Kepler-48 d,Kepler-48,299.139,40.9489,306.738,2.04,7.93,42.8961,2014,Transit,5194,0.89,
Qatar-2 b,Qatar-2,207.655,-6.80407,181.374,14.056,792.635,1.33712,2011,Transit,4645,0.776,
Kepler-117 c,Kepler-117,288.793,48.0402,1455.57,12.341,584.78,50.7904,2014,Transit,6150,1.606,F8 V
Kepler-161 b,Kepler-161,290.516,43.0839,434.632,2.12,2.63,4.92136,2014,Transit,5078,0.806,
Kepler-153 b,Kepler-153,282.461,48.257,459.368,2.92,8.85,18.8702,2014,Transit,5404,0.892,
Kepler-229 c,Kepler-229,286.999,48.3758,826.265,4.92,21.5,16.0686,2014,Transit,5120,0.728,
Kepler-100 d,Kepler-100,291.386,41.9901,304.645,1.61,3,35.3331,2014,Transit,5825,1.49,
Kepler-98 b,Kepler-98,285.662,37.9646,350.315,1.99,3.55,1.54168,2014,Transit,5539,1.11,
Kepler-117 b,Kepler-117,288.793,48.0402,1455.57,8.059,29.875,18.7959,2014,Transit,6150,1.606,F8 V
Kepler-430 b,Kepler-430,292.809,49.5794,917.477,3.25,10.6,35.968,2015,Transit,5884,1.485,
Kepler-230 b,Kepler-230,285.719,48.5058,740.754,4.26,16.8,32.6255,2014,Transit,5588,0.817,
Kepler-166 b,Kepler-166,293.16,48.8812,603.53,2.27,5.77,7.65025,2014,Transit,5413,0.742,
Kepler-131 b,Kepler-131,288.531,40.9424,228.678,2.41,16.13,16.092,2014,Transit,5685,1.03,
Kepler-406 b,Kepler-406,291.848,44.9683,364.03,1.43,6.35,2.42629,2014,Transit,5538,1.07,
Kepler-249 c,Kepler-249,296.985,43.6586,190.401,1.51,2.89,7.1137,2014,Transit,3568,0.482,M2 V
Kepler-162 c,Kepler-162,297.279,43.724,855.641,3.03,9.43,19.4464,2014,Transit,5816,0.958,
Kepler-180 c,Kepler-180,295.571,49.7745,695.65,3.01,9.32,41.8858,2014,Transit,5731,1.063,
Kepler-182 c,Kepler-182,289.83,50.5862,1549.09,3.43,11.6,20.6843,2014,Transit,6250,1.146,
HD 10180 c,HD 10180,24.4731,-60.5115,38.961,,2741.59,5.75969,2010,Radial Velocity,5911,1.109,G1 V
Kepler-174 b,Kepler-174,287.439,43.832,384.757,1.96,4.5,13.9818,2014,Transit,4880,0.622,
Kepler-176 c,Kepler-176,294.668,43.8532,527.321,2.6,1.33,12.7597,2014,Transit,5232,0.891,
Kepler-96 b,Kepler-96,297.07,40.5252,122.881,2.67,8.46,16.2385,2014,Transit,5690,1.02,
Kepler-48 b,Kepler-48,299.139,40.9489,306.738,1.88,3.94,4.778,2012,Transit,5194,0.89,
HD 10180 d,HD 10180,24.4731,-60.5115,38.961,,3295.88,16.357,2010,Radial Velocity,5911,1.109,G1 V
HD 10180 e,HD 10180,24.4731,-60.5115,38.961,5.39,25.1,49.748,2010,Radial Velocity,5911,1.109,G1 V
Kepler-55 d,Kepler-55,285.168,44.0265,578.796,1.59,3.15,2.2111,2014,Transit,4503,0.619,
Kepler-187 c,Kepler-187,299.796,44.0892,1143,2.67,7.61,10.6403,2014,Transit,6105,1.287,
Kepler-233 b,Kepler-233,296.367,51.3195,856.417,2.43,6.48,8.47238,2014,Transit,5360,0.758,
Kepler-234 c,Kepler-234,291.654,38.4947,1733.1,3.51,12.1,7.21205,2014,Transit,6224,1.113,
MOA-2011-BLG-322L b,MOA-2011-BLG-322L,271.223,-27.2209,7560,12.4,3690,,2013,Microlensing,,,
CoRoT-24 b,CoRoT-24,101.923,-3.71929,591.555,3.7,5.7,5.1134,2014,Transit,4950,0.86,K1 V
HD 10180 h,HD 10180,24.4731,-60.5115,38.961,9.4,64.4,2205,2010,Radial Velocity,5911,1.109,G1 V
Kepler-440 b,Kepler-440,285.35,41.4524,301.03,1.86,4.12,101.111,2015,Transit,4134,0.559,
Kepler-251 c,Kepler-251,296.566,44.1058,924.625,2.77,8.1,16.514,2014,Transit,5526,0.89,
Kepler-146 c,Kepler-146,294.111,38.7102,716.797,3.13,9.96,76.7322,2014,Transit,5948,1.208,
Kepler-150 d,Kepler-150,288.234,40.5209,891.092,2.79,8.2,12.5609,2014,Transit,5560,0.939,
OGLE-2008-BLG-355L b,OGLE-2008-BLG-355L,269.787,-30.7595,6800,12.9,1500,,2014,Microlensing,,,
CoRoT-24 c,CoRoT-24,101.923,-3.71929,591.555,5,28,11.759,2014,Transit,4950,0.86,K1 V
Kepler-186 f,Kepler-186,298.653,43.955,177.594,1.17,1.71,129.944,2014,Transit,3755,0.523,M1
Kepler-252 c,Kepler-252,295.579,44.5459,379.424,2.15,5.27,10.8485,2014,Transit,4208,0.549,M0 V
Kepler-213 b,Kepler-213,290.824,44.6473,634.939,1.62,3.26,2.46236,2014,Transit,5696,1.195,
Kepler-159 c,Kepler-159,297.07,40.8687,373.744,3.41,11.5,43.5958,2014,Transit,4625,0.663,M0 V
Kepler-202 c,Kepler-202,282.973,41.3218,285.111,1.85,4.08,16.2825,2014,Transit,4668,0.667,
HD 35759 b,HD 35759,82.8887,64.3184,71.242,13,1195.04,82.467,2016,Radial Velocity,6060,1.76,G0
Kepler-477 b,Kepler-477,288.067,42.3553,367,2.07,4.94,11.1199,2016,Transit,5240,0.79,
HD 67087 c,HD 67087,121.916,31.5512,76.522,12.9,1540,2374,2015,Radial Velocity,6330,1.55,F8 V
Kepler-6 b,Kepler-6,296.837,48.24,587.039,14.617,212.31,3.2347,2009,Transit,5647,1.391,
HD 220842 b,HD 220842,351.653,56.8871,64.65,13.1,1010.7,218.47,2016,Radial Velocity,5960,1.416,F8
HIP 65407 c,HIP 65407,201.088,48.8847,61.78,13.9,249.179,67.3,2016,Radial Velocity,5460,0.952,K0
Kepler-505 b,Kepler-505,287.858,42.5427,283.41,2.6,7.27,27.522,2016,Transit,3931,0.53,
CoRoT-29 b,CoRoT-29,278.902,6.47957,806.507,10.088,270.156,2.85057,2015,Transit,5260,0.9,K0 V
tau Boo b,tau Boo,206.813,17.4572,15.652,12.8,1891,3.31246,1996,Radial Velocity,6466,1.426,F7 V
Kepler-412 b,Kepler-412,286.11,43.681,1086.24,15.031,299.078,1.72086,2014,Transit,5750,1.287,G3 V
HD 141399 b,HD 141399,236.724,46.9863,37.017,14.3,143.341,94.44,2014,Radial Velocity,5600,1.387,K0
HD 141399 c,HD 141399,236.724,46.9863,37.017,13.6,422.714,201.99,2014,Radial Velocity,5600,1.387,K0
Kepler-754 b,Kepler-754,293.254,37.8462,1770.27,2.01,4.7,14.5596,2016,Transit,5935,1.08,
Kepler-753 b,Kepler-753,291.903,37.9024,274.767,1.91,4.31,5.74773,2016,Transit,4346,0.65,
HAT-P-54 b,HAT-P-54,99.898,25.4824,143.651,10.581,241.551,3.79985,2015,Transit,4390,0.617,K7
TrES-5 b,TrES-5,305.222,59.4489,360.313,13.384,568.916,1.48225,2011,Transit,5171,0.868,
KOI-13 b,KOI-13,286.971,46.8683,519.096,16.948,2949.46,1.76359,2011,Transit,7650,1.74,
WASP-42 b,WASP-42,192.981,-42.0736,177.291,12.576,167.496,4.98168,2012,Transit,5315,0.892,
Kepler-766 b,Kepler-766,293.185,37.9698,2297.62,3.39,11.4,6.10028,2016,Transit,5992,1.15,
Kepler-771 b,Kepler-771,287.444,38.0884,1393.85,1.82,3.97,8.73486,2016,Transit,5906,1.05,
HD 100546 b,HD 100546,173.356,-70.1948,109.677,77.342,2701.54,,2014,Imaging,10500,1.853,B9 Vne
Kepler-432 c,Kepler-432,293.282,48.2859,848.023,13.3,772.327,406.2,2015,Radial Velocity,4995,4.06,
Kepler-76 b,Kepler-76,294.192,39.619,822.96,15.244,638.838,1.54493,2013,Orbital Brightness Modulation,6409,1.32,F
OGLE-2003-BLG-235L b,OGLE-2003-BLG-235L,271.318,-28.895,5800,13.2,830,,2004,Microlensing,,,K V
Kepler-765 b,Kepler-765,283.185,47.1557,1076.28,2.43,6.48,27.6655,2016,Transit,5901,1.06,
Kepler-432 b,Kepler-432,293.282,48.2859,848.023,12.834,1719.46,52.5011,2015,Transit,4995,4.06,
Kepler-5 b,Kepler-5,299.407,44.035,899.777,15.984,670.939,3.54847,2009,Transit,6297,1.793,
Kepler-7 b,Kepler-7,288.581,41.0897,922.562,18.181,140.163,4.88549,2009,Transit,5933,1.966,
HIP 74890 b,HIP 74890,229.571,-41.4211,78.656,13.3,762.792,822.3,2016,Radial Velocity,4850,5.77,K1 III
K2-29 b,K2-29,62.6704,24.4017,178.475,13.339,232.016,3.25883,2016,Transit,5358,0.86,G7 V
Kepler-767 b,Kepler-767,291.579,38.0358,2251.03,6.64,35.7,161.528,2016,Transit,5694,0.94,
Kepler-773 b,Kepler-773,290.885,38.0575,547.026,1.43,2.63,3.7491,2016,Transit,5850,1.01,
Kepler-774 b,Kepler-774,291.032,38.2119,917.804,3.17,10.2,11.0896,2016,Transit,6403,2.42,
2MASS J02192210-3925225 b,2MASS J02192210-3925225,34.8427,-39.4231,40.09,16.141,4417.84,,2015,Imaging,3064,0.281,M6
HD 7924 d,HD 7924,20.4957,76.7101,16.992,,1568.16,24.451,2015,Radial Velocity,5075,0.782,K0.5 V
WASP-41 c,WASP-41,190.619,-30.6398,163.371,13.1,1010.7,421,2015,Radial Velocity,5545,0.87,
HAT-P-50 b,HAT-P-50,118.063,12.1394,515.458,14.437,429.07,3.12201,2015,Transit,6280,1.698,F5
HD 133131 A b,HD 133131 A,225.898,-27.8431,51.474,13.6,451.319,649,2016,Radial Velocity,5799,0.955,G2 V
HATS-17 b,HATS-17,192.19,-47.6137,400.331,8.709,425.257,16.2546,2016,Transit,5846,1.091,G V
Kepler-772 b,Kepler-772,291.424,38.2166,1130.21,1.82,3.97,12.9921,2016,Transit,5714,1.11,
Kepler-769 b,Kepler-769,292.713,38.3582,1169.57,2.92,8.85,7.42609,2016,Transit,6186,1.28,
Kepler-449 c,Kepler-449,293.733,41.9006,241.949,2.764,8.07,33.6727,2015,Transit,5649,1.467,
HD 133131 A c,HD 133131 A,225.898,-27.8431,51.474,14.3,133.489,3568,2016,Radial Velocity,5799,0.955,G2 V
WASP-92 b,WASP-92,246.692,51.0411,575.889,16.376,255.853,2.17467,2016,Transit,6280,1.341,F7
Kepler-762 b,Kepler-762,291.276,47.3295,1898.26,12.68,,3.77055,2016,Transit,5944,1.08,
Kepler-781 b,Kepler-781,287.654,47.4148,1064.47,2.89,8.7,13.2141,2016,Transit,5162,0.78,
Kepler-92 d,Kepler-92,289.086,41.563,477.992,2.067,11.867,49.3568,2015,Transit,5904,1.817,
Kepler-449 b,Kepler-449,293.733,41.9006,241.949,2.056,4.88,12.5824,2015,Transit,5649,1.467,
HD 175607 b,HD 175607,285.274,-66.1943,40.33,,2456.18,29.01,2015,Radial Velocity,5392,0.7,G6 V
HD 1461 c,HD 1461,4.67626,-8.05362,23.453,2.23,5.59,13.5052,2015,Radial Velocity,5765,1.152,G0 V
WASP-93 b,WASP-93,9.45874,51.2888,370.284,17.901,467.21,2.73253,2016,Transit,6700,1.524,F4
HD 128311 c,HD 128311,219.003,9.74544,16.329,13,1204.26,921.538,2005,Radial Velocity,4965,0.76,K0
alf Tau b,alf Tau,68.9802,16.5092,20.433,12.7,2056.36,628.96,2015,Radial Velocity,4055,45.1,K5 III
Kepler-450 d,Kepler-450,295.487,51.0135,455.982,0.837,17.6,7.51464,2015,Transit,6197,1.642,
OGLE-2005-BLG-169L b,OGLE-2005-BLG-169L,271.522,-30.7326,4100,3.84,14.1,,2006,Microlensing,,,K5
WASP-46 b,WASP-46,318.737,-55.8719,375.31,13.159,607.055,1.43037,2011,Transit,5600,0.858,G6 V
HD 60532 b,HD 60532,113.513,-22.2959,25.972,13.8,336.9,201.9,2008,Radial Velocity,6245,2.57,F6 IV
HD 60532 c,HD 60532,113.513,-22.2959,25.972,13.3,797.753,600.1,2008,Radial Velocity,6245,2.57,F6 IV
OGLE-2013-BLG-0102L b,OGLE-2013-BLG-0102L,268.029,-31.6906,3040,12.3,4100,,2014,Microlensing,,,
Kepler-41 b,Kepler-41,294.513,45.9817,1093.08,14.46,177.98,1.85556,2011,Transit,5750,1.29,G2 V
HIP 107773 b,HIP 107773,327.501,-64.7127,105.18,13.4,629.303,144.3,2015,Radial Velocity,4945,11.6,K1 III
HATS-8 b,HATS-8,294.942,-25.7484,794.637,9.785,43.861,3.58389,2015,Transit,5679,1.086,
LkCa 15 b,LkCa 15,69.8242,22.3509,158.152,,,,2015,Imaging,4194,1.607,
LkCa 15 c,LkCa 15,69.8242,22.3509,158.152,,,,2015,Imaging,4194,1.607,
Qatar-1 b,Qatar-1,303.382,65.1623,185.615,12.812,411.272,1.42002,2010,Transit,5013,0.803,
HAT-P-66 b,HAT-P-66,150.573,53.9508,935.456,17.822,248.861,2.97209,2016,Transit,6002,1.881,G0
Kepler-75 b,Kepler-75,291.138,36.5773,835.356,11.77,3209.9,8.88491,2013,Transit,5200,0.89,K0 V
Kepler-453 b,Kepler-453,283.241,46.3785,442.846,6.204,16,240.503,2015,Transit,5527,0.833,
WASP-89 b,WASP-89,313.9,-18.9714,290.946,11.657,1875.2,3.35642,2015,Transit,5130,0.88,K3
KIC 3558849 b,KIC 3558849,294.95,38.6052,1215.7,6.9,38.1,1322.3,2015,Transit,6175,1.01,
KIC 8540376 c,KOI-7892,282.378,44.6946,1072.3,2.4,6.35,75.2,2015,Transit,6474,1.26,
OGLE-2007-BLG-349L AB c,OGLE-2007-BLG-349L A,271.352,-26.4219,2760,10.7,80,2557,2016,Microlensing,,,M
Kepler-56 d,Kepler-56,293.758,41.8718,912.994,12.8,1784,1002,2016,Radial Velocity,4819,4.218,
Kepler-444 b,Kepler-444,289.753,41.6319,36.44,0.403,0.037,3.60011,2015,Transit,5046,0.752,K
K2-6 b,K2-6,178.192,-1.19844,316.819,2.5,6.8,30.9419,2015,Transit,5850,0.96,
HD 42618 b,HD 42618,93.0032,6.78197,24.336,3.89,14.4,149.61,2016,Radial Velocity,5727,0.999,G4 V
OGLE-2012-BLG-0950L b,OGLE-2012-BLG-0950L,272.019,-29.7316,2600,6.56,35,,2016,Microlensing,,,M V
Kepler-444 e,Kepler-444,289.753,41.6319,36.44,0.546,0.1,7.74349,2015,Transit,5046,0.752,K
K2-15 b,K2-15,178.111,4.25466,493.992,2.48,6.71,11.8104,2015,Transit,5131,0.68,G8
K2-14 b,K2-14,178.057,2.59412,364.048,4.81,20.7,8.36802,2015,Transit,3789,0.45,M0
K2-17 b,K2-17,178.33,6.41232,125.106,2.23,5.6,17.9675,2015,Transit,4320,0.66,K7
K2-9 b,K2-9,176.264,0.00541,82.963,2.25,5.69,18.4498,2015,Transit,3390,0.31,M2.5 V
WASP-36 b,WASP-36,131.58,-8.02699,386.346,14.874,750.397,1.53737,2011,Transit,5959,0.985,
Kepler-26 b,Kepler-26,284.941,46.5665,335.307,2.78,5.12,12.28,2011,Transit,3914,0.512,M0 V
HATS-13 b,HATS-13,316.961,-26.0967,421.855,13.585,172.582,3.04405,2015,Transit,5523,0.887,
HATS-14 b,HATS-14,313.215,-25.6874,513.011,11.646,340.396,2.76676,2015,Transit,5346,0.933,
WASP-90 b,WASP-90,315.532,7.05628,466.433,18.271,200.233,3.91624,2016,Transit,6430,1.98,F6
HD 5583 b,HD 5583,14.487,34.9853,219.216,12.8,1837.06,139.35,2016,Radial Velocity,4830,9.09,
Kepler-26 c,Kepler-26,284.941,46.5665,335.307,2.72,6.2,17.2559,2011,Transit,3914,0.512,M0 V
Kepler-447 b,Kepler-447,285.269,48.5599,268.041,18.49,435.41,7.7943,2015,Transit,5493,1.05,G8 V
OGLE-2011-BLG-0265L b,OGLE-2011-BLG-0265L,269.449,-27.3945,4380,13.9,280,,2015,Microlensing,,,
HD 130322 b,HD 130322,221.886,-0.28208,31.877,13.7,365.49,10.7087,1999,Radial Velocity,5387,0.85,K0 V
OGLE-2012-BLG-0563L b,OGLE-2012-BLG-0563L,271.49,-27.712,1300,13.6,120,,2015,Microlensing,,,
Kepler-296 d,Kepler-296,286.54,49.4373,167,2.09,5.02,19.8503,2014,Transit,3740,0.48,M2 V
Pr0211 c,Pr0211,130.548,19.277,182.714,12.6,2475.9,4850,2016,Radial Velocity,5300,0.827,
BD+15 2375 b,BD+15 2375,176.482,14.6163,768.045,13.8,337.218,153.22,2016,Radial Velocity,4649,8.95,G5
Kepler-60 d,Kepler-60,288.961,42.2651,1025.1,1.99,4.16,11.8981,2012,Transit,5905,1.257,
HD 1666 b,HD 1666,5.21804,-19.9315,117.908,12.7,2040,270,2015,Radial Velocity,6317,1.93,F7 V
HD 67087 b,HD 67087,121.916,31.5512,76.522,13.1,973,352.2,2015,Radial Velocity,6330,1.55,F8 V
Kepler-296 e,Kepler-296,286.54,49.4373,167,1.53,2.96,34.1421,2014,Transit,3740,0.48,M2 V
Kepler-872 b,Kepler-872,295.417,43.6056,879.683,1.99,4.62,2.57886,2016,Transit,5902,1.08,
Kepler-871 b,Kepler-871,294.527,43.3681,1976.05,3.74,13.5,22.0459,2016,Transit,5993,1.14,
Kepler-603 c,Kepler-603,294.281,42.2909,1539.63,6.5,34.5,127.908,2016,Transit,5808,1.01,
Kepler-908 b,Kepler-908,295.323,39.3765,290.843,1.22,1.98,1.3406,2016,Transit,5973,1.12,
Kepler-499 b,Kepler-499,295.11,43.9151,556.726,2.17,5.35,5.63253,2016,Transit,5312,0.83,
Kepler-801 b,Kepler-801,286.075,44.6646,440.426,2,4.66,11.4193,2016,Transit,4435,0.63,
Kepler-799 b,Kepler-799,287.175,44.8785,1509.08,6.88,37.9,133.461,2016,Transit,5681,0.93,
Kepler-870 b,Kepler-870,295.403,50.4786,1259.46,2.78,8.15,21.3588,2016,Transit,5857,1.02,
Kepler-869 b,Kepler-869,289.425,50.9941,939.455,3.61,12.7,40.4288,2016,Transit,5664,0.95,
Kepler-907 b,Kepler-907,285.476,41.6327,352,1.2,1.87,15.8662,2016,Transit,6106,1.38,
Kepler-912 b,Kepler-912,298.111,41.7583,2004.72,2.8,8.25,2.53476,2016,Transit,5998,1.11,
Kepler-797 b,Kepler-797,297.209,41.7816,1315.26,2.17,5.35,27.0724,2016,Transit,5680,0.95,
Kepler-867 b,Kepler-867,287.285,51.2499,1195.54,4.64,19.4,150.242,2016,Transit,5541,0.91,
Kepler-868 b,Kepler-868,282.364,46.6752,1593.13,2.05,4.86,5.03252,2016,Transit,5614,0.89,
Kepler-866 b,Kepler-866,290.122,43.0854,646.667,1.63,3.29,2.61703,2016,Transit,4751,0.71,
Kepler-913 b,Kepler-913,297.583,41.9524,991.618,2.06,4.9,10.2967,2016,Transit,4687,0.61,
Kepler-910 b,Kepler-910,296.047,42.7429,400.289,0.82,0.477,2.36437,2016,Transit,6230,1.5,
Kepler-847 b,Kepler-847,283.505,49.4509,513.103,1.18,1.76,2.34323,2016,Transit,4940,0.77,
Kepler-846 b,Kepler-846,287.057,49.046,1127.12,2.48,6.71,19.8079,2016,Transit,5579,0.91,
Kepler-795 b,Kepler-795,291.019,38.5456,492.122,1.68,3.46,29.6193,2016,Transit,5631,0.96,
Kepler-794 b,Kepler-794,288.134,38.9969,931.192,2.11,5.1,11.1312,2016,Transit,5839,1.38,
Kepler-865 b,Kepler-865,297.724,43.5273,586.137,2.49,6.76,14.164,2016,Transit,5570,0.92,
Kepler-909 b,Kepler-909,289.506,45.371,309.596,1.47,2.76,13.9329,2016,Transit,6154,1.23,
Kepler-916 b,Kepler-916,290.983,45.9733,830.712,1.76,3.75,32.2969,2016,Transit,5248,0.81,
Kepler-845 b,Kepler-845,290.958,49.2037,431.051,2.04,4.82,0.92786,2016,Transit,4913,0.75,
Kepler-844 b,Kepler-844,287.858,48.774,431.776,1.68,3.46,2.61302,2016,Transit,4128,0.57,
Kepler-792 b,Kepler-792,292.007,38.8207,1425.47,1.96,4.5,11.3012,2016,Transit,5971,1.12,
Kepler-791 b,Kepler-791,293.596,39.0294,1266.34,3.05,9.53,14.554,2016,Transit,6383,1.47,
Kepler-862 b,Kepler-862,297.779,46.4927,1039.03,2.21,5.52,3.14866,2016,Transit,5333,0.84,
Kepler-861 b,Kepler-861,292.354,46.2263,850.327,2.28,5.82,3.94963,2016,Transit,5047,0.78,
Kepler-930 b,Kepler-930,298.314,42.2474,848.396,2.13,5.18,71.4518,2016,Transit,6335,1.4,
Kepler-842 b,Kepler-842,292.329,49.6535,532.726,1.6,3.19,1.21957,2016,Transit,4848,0.73,
Kepler-841 b,Kepler-841,284.251,48.8096,998.961,5.23,23.8,124.42,2016,Transit,5324,0.81,
Kepler-790 b,Kepler-790,286.917,38.8722,703.168,2.18,5.39,13.7347,2016,Transit,5208,0.8,
Kepler-788 b,Kepler-788,290,38.5399,1775.8,2.55,7.04,8.39846,2016,Transit,6159,1.23,
Kepler-860 b,Kepler-860,295.577,46.2547,1056.36,3.24,10.6,5.10138,2016,Transit,5836,1.06,
Kepler-924 b,Kepler-924,290.669,40.3977,1053.04,3.07,9.64,61.037,2016,Transit,6167,1.23,
Kepler-923 b,Kepler-923,294.171,40.0551,1000.28,1.38,2.48,6.93366,2016,Transit,5988,1.26,
Kepler-838 b,Kepler-838,285.435,45.976,1104.04,2.73,7.9,15.7496,2016,Transit,5770,0.96,
Kepler-837 b,Kepler-837,285.247,45.9501,901.907,2.56,7.08,16.5606,2016,Transit,5403,0.81,
Kepler-787 b,Kepler-787,291.692,38.5729,503.568,1.28,2.18,0.92831,2016,Transit,4248,0.62,
Kepler-465 b,Kepler-465,284.556,46.0639,553.077,2.95,9.01,9.94067,2016,Transit,6310,1.29,
Kepler-856 b,Kepler-856,289.604,46.3149,1351.17,9.3,63.3,8.02768,2016,Transit,5535,0.93,
Kepler-890 b,Kepler-890,288.436,43.7635,1712.12,8.89,58.6,52.7588,2016,Transit,5954,1.13,
Kepler-927 b,Kepler-927,289.383,41.3927,831.685,1.72,3.61,9.11499,2016,Transit,5743,0.99,
Kepler-926 b,Kepler-926,289.679,40.7004,921.361,2.31,5.95,52.0689,2016,Transit,5806,1.01,
Kepler-892 b,Kepler-892,283.13,43.8881,570.727,2.81,8.3,13.7521,2016,Transit,4747,0.72,
Kepler-933 b,Kepler-933,289.569,43.5385,1017.2,2.46,6.62,14.2044,2016,Transit,5346,0.84,
Kepler-826 b,Kepler-826,284.86,39.2405,779.596,1.25,2.1,4.48759,2016,Transit,6079,1.15,
Kepler-830 b,Kepler-830,295.054,42.7568,1122,1.7,3.53,11.297,2016,Transit,6037,1.11,
Kepler-829 b,Kepler-829,282.333,42.4638,1073.76,2.11,5.1,6.88338,2016,Transit,5698,0.97,
Kepler-895 b,Kepler-895,289.291,51.409,540.134,1.54,2.99,2.80624,2016,Transit,4315,0.61,
Kepler-743 b,Kepler-743,295.574,42.8064,278.987,1.21,1.92,3.17926,2016,Transit,5486,0.85,
Kepler-823 b,Kepler-823,284.583,39.2202,1389.27,1.57,3.09,4.16809,2016,Transit,5643,0.96,
Kepler-487 c,Kepler-487,295.287,41.222,872.343,2.68,7.65,38.652,2016,Transit,5444,0.88,
Kepler-898 b,Kepler-898,286.585,46.8709,484.891,1.49,2.83,5.87062,2016,Transit,4223,0.62,
Kepler-899 b,Kepler-899,297.483,40.6807,1246.43,2.68,7.65,19.1789,2016,Transit,5595,0.91,
Kepler-747 b,Kepler-747,288.417,41.0298,3347.16,5.27,24.1,35.6176,2016,Transit,5096,0.78,
Kepler-821 b,Kepler-821,285.617,39.3795,614.571,1.31,2.27,1.9228,2016,Transit,5191,0.8,
Kepler-498 b,Kepler-498,290.358,44.5187,938.844,3.03,9.43,9.61375,2016,Transit,5744,0.96,
Kepler-887 b,Kepler-887,290.091,39.8169,886.588,1.84,4.04,20.4223,2016,Transit,6194,1.29,
Kepler-901 b,Kepler-901,291.153,40.8877,253.867,1.37,2.45,3.51749,2016,Transit,4184,0.57,
Kepler-900 b,Kepler-900,296.177,46.999,487.525,2.08,4.98,6.99131,2016,Transit,4836,0.73,
Kepler-751 b,Kepler-751,294.844,44.0777,760.43,2.46,6.62,17.4449,2016,Transit,5387,0.84,
Kepler-755 b,Kepler-755,296.861,41.0973,399.034,1.76,3.75,1.26909,2016,Transit,5043,0.77,
Kepler-820 b,Kepler-820,291.02,39.2206,1387.2,6.09,30.8,127.834,2016,Transit,6260,1.36,
Kepler-817 b,Kepler-817,296.082,39.1616,1484.46,9.03,60.2,3.99011,2016,Transit,5861,1.03,
Kepler-886 b,Kepler-886,286.272,43.5952,711.297,1.52,2.92,6.24146,2016,Transit,6098,1.16,
Kepler-885 b,Kepler-885,288.662,49.7371,651.318,2.5,6.8,18.1147,2016,Transit,6187,1.35,
Kepler-904 b,Kepler-904,288.823,40.389,978.125,1.77,3.78,3.02167,2016,Transit,6160,1.25,
Kepler-905 b,Kepler-905,290.051,46.7134,529.268,1.41,2.57,5.08275,2016,Transit,5461,0.86,
Kepler-756 b,Kepler-756,290.608,41.2011,852,1.12,1.46,1.22487,2016,Transit,5282,0.79,
Kepler-757 b,Kepler-757,296.68,41.3865,1068.68,1.36,2.42,1.02268,2016,Transit,6014,1.13,
Kepler-815 b,Kepler-815,285.221,47.8813,1259.28,4.11,15.8,8.57504,2016,Transit,5028,3.42,
Kepler-852 b,Kepler-852,297.392,48.5607,1619.03,2.54,6.99,44.931,2016,Transit,6100,1.16,
Kepler-883 b,Kepler-883,286.434,50.3002,627.455,1.78,3.82,12.985,2016,Transit,6116,1.09,
Kepler-509 b,Kepler-509,289.664,48.7062,332.443,2.49,6.76,41.746,2016,Transit,6060,1.2,
Kepler-466 c,Kepler-466,295.649,48.4955,530.122,1.25,2.1,3.70921,2016,Transit,5927,1.05,
Kepler-502 b,Kepler-502,291.08,43.8602,1591.04,4.77,20.4,4.28686,2016,Transit,6125,1.22,
Kepler-758 b,Kepler-758,293.085,41.1354,1502.32,2.48,6.71,12.1097,2016,Transit,6228,1.42,
Kepler-813 b,Kepler-813,285.663,48.4353,840,2.14,5.22,19.1295,2016,Transit,5743,0.93,
Kepler-811 b,Kepler-811,285.424,47.8346,985.041,2.7,7.75,23.5845,2016,Transit,5747,1.24,
Kepler-882 b,Kepler-882,294.65,43.3356,504.605,1.23,2.04,3.98954,2016,Transit,5476,0.87,
Kepler-880 b,Kepler-880,281.971,43.6728,601.324,2.66,7.56,7.71469,2016,Transit,6761,1.74,
Kepler-474 b,Kepler-474,292.322,43.8812,841.496,3.06,9.59,5.66067,2016,Transit,5785,1.08,
Kepler-760 b,Kepler-760,287.593,44.1794,792.336,3.06,9.59,8.70419,2016,Transit,5322,0.85,
Kepler-810 b,Kepler-810,296.615,48.0826,1458.59,1.93,4.38,4.59725,2016,Transit,5803,1.04,
Kepler-809 b,Kepler-809,289.084,48.0181,961.405,3.01,9.32,55.6393,2016,Transit,5734,0.98,
Kepler-877 b,Kepler-877,289.859,46.5227,602.176,2.12,5.14,18.4585,2016,Transit,5261,0.81,
Kepler-750 c,Kepler-750,289.097,44.0044,1296.02,1.62,3.26,4.08899,2016,Transit,6160,1.23,
Kepler-255 d,Kepler-255,296.064,45.9768,1052.53,1.32,2.3,1.04562,2016,Transit,5431,0.86,
Kepler-775 b,Kepler-775,291.433,41.7033,398.676,1.19,1.81,0.97487,2016,Transit,5468,0.84,
Kepler-500 b,Kepler-500,295.951,43.852,807.48,2.58,7.18,8.50832,2016,Transit,5813,1.03,
Kepler-808 b,Kepler-808,291.594,48.4455,321,1.46,2.73,0.63133,2016,Transit,4653,0.71,
Kepler-875 b,Kepler-875,297.301,43.1418,1242.62,2.9,8.75,27.5074,2016,Transit,5958,1.11,
Kepler-732 c,Kepler-732,283.732,45.9585,174.826,1.27,2.15,0.89304,2016,Transit,3631,0.46,
Kepler-777 b,Kepler-777,282.724,44.3465,443.106,1.47,2.76,5.72813,2016,Transit,4043,0.56,
Kepler-779 b,Kepler-779,285.629,44.3108,283.155,0.92,0.721,7.09714,2016,Transit,3804,0.44,
Kepler-804 b,Kepler-804,293.372,44.7852,649.65,1.94,4.42,14.3746,2016,Transit,5817,1.05,
Kepler-803 b,Kepler-803,299.222,44.6939,639.771,3.79,13.8,50.2864,2016,Transit,5919,1.12,
Kepler-1049 b,Kepler-1049,287.347,47.7729,162.006,0.95,0.809,3.27346,2016,Transit,3864,0.49,
Kepler-969 b,Kepler-969,288.373,47.9336,390.354,2.07,4.94,34.1732,2016,Transit,5214,0.82,
Kepler-1137 b,Kepler-1137,287.13,48.6653,921.778,2.2,5.48,23.9211,2016,Transit,6807,1.84,
Kepler-975 b,Kepler-975,290.549,38.4952,426.088,1.48,2.79,1.97034,2016,Transit,4897,0.75,
Kepler-995 b,Kepler-995,284.616,39.131,609.638,2.7,7.75,28.2673,2016,Transit,5206,0.8,
Kepler-1054 b,Kepler-1054,290.601,44.5564,1090.51,2.63,7.41,4.30656,2016,Transit,6209,1.34,
Kepler-1033 b,Kepler-1033,283.845,44.609,1455.5,2.51,6.85,7.56053,2016,Transit,5547,0.92,
Kepler-1040 b,Kepler-1040,283.114,48.1313,482.119,2.08,4.98,201.121,2016,Transit,5694,0.96,
Kepler-1138 b,Kepler-1138,285.899,48.3073,872.328,1.7,3.53,3.1706,2016,Transit,5582,0.92,
Kepler-1139 b,Kepler-1139,287.946,39.2305,495.156,1.19,1.81,0.81317,2016,Transit,5550,0.91,
Kepler-1060 b,Kepler-1060,286.025,39.6309,946.565,2.38,6.26,46.8779,2016,Transit,5797,0.99,
Kepler-1003 b,Kepler-1003,292.02,44.8762,941.902,1.78,3.82,3.55486,2016,Transit,6109,1.17,
Kepler-1055 b,Kepler-1055,290.487,44.9325,389.397,1.23,2.04,2.29504,2016,Transit,5723,0.94,
Kepler-998 b,Kepler-998,296.754,49.2087,986.364,2.32,5.99,5.65378,2016,Transit,6058,1.18,
Kepler-1017 b,Kepler-1017,283.469,40.1325,552.058,1.99,4.62,7.234,2016,Transit,5473,0.87,
Kepler-974 b,Kepler-974,285.013,40.221,134.311,1.57,3.09,4.1945,2016,Transit,3687,0.5,
Kepler-1045 b,Kepler-1045,284.183,45.0741,942.485,2.69,7.7,26.4105,2016,Transit,5301,0.82,
Kepler-980 b,Kepler-980,294.613,45.0602,961.468,2.67,7.61,11.551,2016,Transit,5935,1.06,
Kepler-991 b,Kepler-991,297.091,49.6265,389.561,2.54,6.99,82.5343,2016,Transit,4392,0.61,
Kepler-1072 b,Kepler-1072,292.044,46.329,982.716,1.58,3.12,1.56907,2016,Transit,6199,1.32,
Kepler-490 b,Kepler-490,295.026,46.956,1523,11.65,,3.2687,2016,Transit,6045,1.12,
Kepler-1018 b,Kepler-1018,283.597,45.4079,1010.01,2.58,7.18,49.1013,2016,Transit,5518,0.88,
Kepler-1004 b,Kepler-1004,297.359,49.7976,1152.68,6.28,32.5,5.2879,2016,Transit,4972,3.39,
Kepler-997 b,Kepler-997,289.233,49.9389,467.568,1.36,2.42,2.70731,2016,Transit,6150,1.56,
Kepler-1151 b,Kepler-1151,292.248,47.8784,682.436,2.22,5.56,65.6478,2016,Transit,5470,0.85,
Kepler-1064 b,Kepler-1064,291.742,37.6888,374,1.55,3.02,16.5408,2016,Transit,5153,0.79,
Kepler-971 b,Kepler-971,284.095,41.1828,338.522,2.13,5.18,9.59071,2016,Transit,5431,0.85,
Kepler-1051 b,Kepler-1051,295.158,40.8988,829.343,3.4,11.5,25.962,2016,Transit,6675,1.73,
Kepler-1007 b,Kepler-1007,295.907,45.8091,365,1.44,2.67,5.185,2016,Transit,4587,0.7,
Kepler-968 b,Kepler-968,285.603,50.112,290.324,2,4.66,3.69298,2016,Transit,4598,0.7,
Kepler-1145 b,Kepler-1145,295.308,43.0444,691.961,1.4,2.54,3.97077,2016,Transit,5064,0.75,
Kepler-1147 b,Kepler-1147,292.547,41.6429,1657.36,2.61,7.32,10.6279,2016,Transit,5941,1.14,
Kepler-1029 b,Kepler-1029,292.133,41.5475,366.656,1.26,2.13,4.4177,2016,Transit,5030,0.77,
Kepler-996 b,Kepler-996,291.913,41.5336,1216.58,1.98,4.58,3.77059,2016,Transit,6014,1.14,
Kepler-966 b,Kepler-966,297.271,50.1218,1027.8,4.13,16,99.7476,2016,Transit,5840,1.02,
Kepler-1047 b,Kepler-1047,288.646,50.789,817.647,2.09,5.02,56.1887,2016,Transit,5754,1.13,
Kepler-1149 b,Kepler-1149,294.189,45.1515,1217.73,1.44,2.67,3.7309,2016,Transit,5833,1.01,
Kepler-1148 b,Kepler-1148,290.954,45.7195,625.692,1.69,3.5,1.10446,2016,Transit,5054,0.77,
Kepler-1057 b,Kepler-1057,297.452,41.5581,1201.82,3.36,11.2,14.0883,2016,Transit,5987,1.1,
Kepler-1059 b,Kepler-1059,289.22,41.7064,713.167,1.73,3.64,3.76419,2016,Transit,4906,0.72,
Kepler-965 b,Kepler-965,298.515,41.8912,582.828,3.38,11.4,134.253,2016,Transit,5886,1.15,
Kepler-999 b,Kepler-999,299.66,46.1985,545.063,2.34,6.08,5.99186,2016,Transit,6237,1.65,
Kepler-1112 b,Kepler-1112,296.969,47.7515,1671.28,3.02,9.38,14.3627,2016,Transit,6496,1.54,
Kepler-952 b,Kepler-952,285.372,41.9939,1304.25,7.65,45.4,130.355,2016,Transit,5730,0.99,
Kepler-479 b,Kepler-479,291.022,37.7699,344.901,2.12,5.14,12.4934,2016,Transit,5247,0.81,
Kepler-934 b,Kepler-934,290.288,43.7553,608.738,2.09,5.02,55.6738,2016,Transit,5001,0.77,
Kepler-977 b,Kepler-977,291.516,42.2481,568.751,2.62,7.37,26.8533,2016,Transit,5315,0.83,
Kepler-1021 b,Kepler-1021,295.205,42.5597,810.082,2.33,6.04,13.4747,2016,Transit,5431,0.86,
Kepler-979 b,Kepler-979,300.371,46.4082,576.503,2.72,7.85,8.08801,2016,Transit,5310,0.83,
Kepler-982 b,Kepler-982,288.418,46.5904,801.479,2.25,5.69,15.7738,2016,Transit,6139,1.29,
Kepler-936 b,Kepler-936,293.578,46.7363,823.399,1.45,2.7,10.5613,2016,Transit,5482,0.89,
Kepler-938 b,Kepler-938,294.789,46.9839,1182.05,2.22,5.56,52.6298,2016,Transit,5533,0.89,
Kepler-1006 b,Kepler-1006,295.754,42.5373,1081.74,1.54,2.99,19.7617,2016,Transit,5328,0.74,
Kepler-1009 b,Kepler-1009,282.86,42.6658,355.019,2.17,5.35,11.3501,2016,Transit,4027,0.57,
Kepler-976 b,Kepler-976,289.87,46.7297,1012.41,3.96,14.9,105.956,2016,Transit,5232,0.83,
Kepler-1052 b,Kepler-1052,295.343,46.6022,943.444,2.93,8.91,34.8538,2016,Transit,5888,1.03,
Kepler-1120 b,Kepler-1120,290.914,42.2865,615.231,1.38,2.48,2.94903,2016,Transit,4904,0.74,
Kepler-1123 b,Kepler-1123,294.518,50.6704,704.323,1.67,3.43,4.33946,2016,Transit,5500,0.9,
Kepler-940 b,Kepler-940,294.241,47.276,1260.78,3.34,11.1,59.6225,2016,Transit,5769,0.96,
Kepler-1035 b,Kepler-1035,289.042,42.8825,562.116,1.17,1.71,2.71408,2016,Transit,5763,0.97,
Kepler-1027 b,Kepler-1027,287.571,42.8138,405.104,0.89,0.64,1.90781,2016,Transit,5436,0.82,
Kepler-986 b,Kepler-986,293.094,42.8965,548.364,2.36,6.17,56.435,2016,Transit,5642,0.98,
Kepler-1011 b,Kepler-1011,297.402,46.824,736.779,2.87,8.6,5.75322,2016,Transit,5416,0.88,
Kepler-1068 b,Kepler-1068,294.648,46.3923,1473.61,3.63,12.8,16.9234,2016,Transit,5806,1.01,
Kepler-917 b,Kepler-917,299.051,47.9493,3460.51,1.91,4.31,2.97041,2016,Transit,5418,0.76,
Kepler-918 b,Kepler-918,298.201,48.2678,1025.03,1.74,3.68,4.85387,2016,Transit,6028,1.14,
Kepler-978 b,Kepler-978,286.711,43.0434,682.522,2.99,9.22,49.6221,2016,Transit,6002,1.09,
Kepler-1002 b,Kepler-1002,293.079,43.0737,408.303,1.71,3.57,4.33643,2016,Transit,6144,1.57,
Kepler-493 b,Kepler-493,295.308,38.8816,1745.77,15.13,,3.00388,2016,Transit,6457,1.54,
Kepler-1128 b,Kepler-1128,293.063,39.4034,1083.41,3.65,12.9,61.6178,2016,Transit,5543,0.91,
Kepler-920 b,Kepler-920,284.297,49.1586,1001.68,2.42,6.44,6.53193,2016,Transit,5403,0.85,
Kepler-919 b,Kepler-919,298.115,48.4944,1119.87,2.25,5.69,11.046,2016,Transit,6113,1.21,
Kepler-921 b,Kepler-921,284.616,49.1907,934.49,2.87,8.6,51.3006,2016,Transit,5663,0.91,
Kepler-1015 b,Kepler-1015,292.757,43.4268,739.357,3.55,12.3,16.0049,2016,Transit,6769,1.81,
Kepler-1005 b,Kepler-1005,286.286,43.3205,567.806,1.5,2.86,6.49802,2016,Transit,5782,1.06,
Kepler-972 b,Kepler-972,295.829,43.4254,1198.03,4.65,19.5,7.03933,2016,Transit,6146,1.22,
Kepler-1130 b,Kepler-1130,285.207,45.3843,249.343,0.8,0.437,5.45298,2016,Transit,5403,0.81,
Kepler-1131 b,Kepler-1131,295.651,49.2613,1030.7,1.59,3.15,3.53232,2016,Transit,5851,1.04,
Kepler-1025 b,Kepler-1025,284.51,43.9616,803.776,1.98,4.58,37.3229,2016,Transit,6089,1.13,
Kepler-497 b,Kepler-497,290.766,38.928,1291.98,6.04,30.4,3.5732,2016,Transit,5834,1.11,
Kepler-994 b,Kepler-994,289.072,47.4069,188.158,1.6,3.19,1.15117,2016,Transit,3934,0.54,
Kepler-1132 b,Kepler-1132,286.368,48.4239,867.931,2.35,6.12,62.8916,2016,Transit,5298,0.83,
Kepler-1069 b,Kepler-1069,290.979,47.9889,695.967,1.6,3.19,23.899,2016,Transit,5722,0.98,
Kepler-1034 b,Kepler-1034,286.115,37.9669,654.549,2.26,5.73,12.124,2016,Transit,5198,0.8,
Kepler-944 b,Kepler-944,293.601,42.3798,1349.43,2.63,7.41,43.3168,2016,Transit,5409,0.83,
Kepler-942 b,Kepler-942,294.955,44.1499,216.354,2.13,5.18,44.9642,2016,Transit,4861,0.75,
Kepler-946 b,Kepler-946,300.93,44.0287,1137.29,1.93,4.38,11.7916,2016,Transit,5665,0.93,
Kepler-992 b,Kepler-992,284.43,47.6417,259.639,1.62,3.26,20.1603,2016,Transit,4944,0.74,
Kepler-1134 b,Kepler-1134,295.568,42.4781,944.445,2.64,7.46,17.1326,2016,Transit,5281,0.81,
Kepler-1135 b,Kepler-1135,286.003,44.7566,1314.64,1.85,4.08,76.9579,2016,Transit,5656,0.94,
Kepler-951 b,Kepler-951,287.738,38.1146,382.509,5.59,26.7,71.5253,2016,Transit,4834,0.73,
Kepler-967 b,Kepler-967,286.558,38.4052,568.546,2.35,6.12,13.2271,2016,Transit,5178,0.8,
Kepler-1013 b,Kepler-1013,290.248,44.4353,422.246,2.15,5.27,18.9306,2016,Transit,4954,0.76,
Kepler-1233 b,Kepler-1233,297.375,46.6622,1178.7,2.6,7.27,45.1263,2016,Transit,6198,1.25,
Kepler-1234 b,Kepler-1234,287.522,51.376,916.749,2.81,8.3,11.9401,2016,Transit,4967,0.76,
Kepler-523 b,Kepler-523,284.061,45.5068,253.295,1.96,4.5,5.83598,2016,Transit,5515,0.86,
Gl 725 B c,Gl 725 B,280.695,59.6271,6.842,1.66,3.4,37.9,2026,Radial Velocity,3379,0.28,M4
Kepler-1180 b,Kepler-1180,295.887,43.156,1596.8,1.99,4.62,16.8601,2016,Transit,6077,1.14,
Kepler-1181 b,Kepler-1181,289.747,39.5234,938.417,1.57,3.09,4.89338,2016,Transit,6176,1.3,
Kepler-1189 b,Kepler-1189,298.426,47.9468,782.852,1.77,3.78,3.78859,2016,Transit,6012,1.16,
Kepler-1236 b,Kepler-1236,295.625,42.5459,999.64,2.14,5.22,31.0572,2016,Transit,5337,0.82,
Kepler-1235 b,Kepler-1235,284.903,43.9541,540.604,0.79,0.418,4.16056,2016,Transit,5541,0.9,
Kepler-518 b,Kepler-518,287.09,41.3738,337.901,2.11,5.1,8.51204,2016,Transit,5842,0.88,
Kepler-1276 b,Kepler-1276,287.857,40.5472,538.481,1.19,1.81,12.572,2016,Transit,6188,1.21,
Kepler-1277 b,Kepler-1277,295.103,40.5724,557.193,1.6,3.19,40.8365,2016,Transit,5578,0.92,
Kepler-1182 b,Kepler-1182,296.308,43.8214,1545.39,2.41,6.39,11.1739,2016,Transit,5924,1.05,
Kepler-549 b,Kepler-549,283.023,47.2611,635.145,2.57,11,42.9496,2016,Transit,5360,0.84,
Kepler-1237 b,Kepler-1237,295.629,44.6906,1064.31,2.86,8.55,84.5733,2016,Transit,5472,0.9,
Kepler-1279 b,Kepler-1279,288.096,40.3659,1494.22,1.75,3.71,23.4774,2016,Transit,6221,1.33,
Kepler-1280 b,Kepler-1280,293.574,45.3845,1486.7,1.87,4.16,66.5579,2016,Transit,6227,1.32,
Kepler-1076 b,Kepler-1076,287.59,51.0606,199,0.8,0.437,6.14728,2016,Transit,4868,0.74,
Kepler-1077 b,Kepler-1077,291.034,42.2678,1101.42,2.77,8.1,34.3512,2016,Transit,5816,1.02,
Kepler-1193 b,Kepler-1193,288.145,51.2756,802.116,1.32,2.3,2.83265,2016,Transit,5908,1.21,
Kepler-1194 b,Kepler-1194,291.699,38.1452,757.382,1.51,2.89,16.2237,2016,Transit,5590,0.92,
Kepler-1238 b,Kepler-1238,297.906,40.1628,1632.13,1.93,4.38,4.14788,2016,Transit,6386,1.48,
Kepler-1282 b,Kepler-1282,290.176,46.6983,1103.29,1.55,3.02,2.13195,2016,Transit,5504,0.89,
Kepler-1078 b,Kepler-1078,293.201,43.05,2481.71,1.9,4.27,3.00725,2016,Transit,5612,0.92,
Kepler-1079 b,Kepler-1079,299.55,45.7697,591.098,1.63,3.29,13.245,2016,Transit,5758,1.36,
Kepler-1242 b,Kepler-1242,284.606,41.1963,687.615,2.26,5.73,13.628,2016,Transit,4895,0.74,
Kepler-1243 b,Kepler-1243,294.009,42.8808,758.17,1.75,3.71,16.8321,2016,Transit,5667,0.94,
Kepler-1081 b,Kepler-1081,289.445,41.318,420.215,1.01,1.01,3.85692,2016,Transit,5345,0.84,
Kepler-1199 b,Kepler-1199,293.726,47.2469,563.493,1.15,1.6,15.0447,2016,Transit,5889,1.17,
Kepler-1202 b,Kepler-1202,292.291,44.6532,1175.38,2.94,8.96,28.6851,2016,Transit,5834,1.04,
Kepler-519 b,Kepler-519,299.32,41.3847,246.61,2.1,5.06,24.3079,2016,Transit,5260,0.8,
Kepler-1284 b,Kepler-1284,291.279,47.6876,882.324,1.21,1.92,0.66407,2016,Transit,5123,0.79,
Kepler-1083 b,Kepler-1083,283.162,45.1983,902.633,3.36,11.2,33.4178,2016,Transit,5049,0.77,
Kepler-1203 b,Kepler-1203,292.773,44.1781,317.022,1.06,1.2,0.588,2016,Transit,4105,0.61,
Kepler-1204 b,Kepler-1204,289.442,42.4982,1175.22,3.05,9.53,85.735,2016,Transit,5825,1.03,
Kepler-1246 b,Kepler-1246,287.657,48.9822,436.505,1.36,2.42,11.3227,2016,Transit,4611,0.69,
Kepler-1289 b,Kepler-1289,296.389,41.0405,1053.57,1.52,2.92,7.9902,2016,Transit,6080,1.17,
Kepler-1087 b,Kepler-1087,294.979,46.0057,362.623,0.61,0.165,0.69384,2016,Transit,5589,0.94,
Kepler-1086 b,Kepler-1086,295.251,45.843,466.084,2.44,6.53,18.7843,2016,Transit,4350,0.66,
Kepler-1088 b,Kepler-1088,281.561,42.4504,280.629,1.42,2.6,23.1275,2016,Transit,5975,1.08,
Kepler-1206 b,Kepler-1206,295.938,49.7911,762.019,1.64,3.33,1.217,2016,Transit,4877,0.75,
Kepler-1205 b,Kepler-1205,290.28,41.5151,698.485,1.41,2.57,1.07839,2016,Transit,5226,0.81,
Kepler-1249 b,Kepler-1249,296.895,44.3717,1904.54,2.38,6.26,24.3347,2016,Transit,6202,1.28,
Kepler-1250 b,Kepler-1250,287.794,45.9802,2126.85,1.92,4.35,2.60754,2016,Transit,5717,0.98,
Kepler-1293 b,Kepler-1293,290.026,48.3359,1028.16,0.97,0.871,5.57655,2016,Transit,6241,1.28,
Kepler-513 b,Kepler-513,285.042,50.0754,468.258,2.2,5.48,28.8624,2016,Transit,5849,1.06,
Kepler-1092 b,Kepler-1092,297.723,47.1127,981.233,2.07,4.94,58.6018,2016,Transit,5862,1,
Kepler-1209 b,Kepler-1209,287.585,49.1547,505.531,1.51,2.89,25.3691,2016,Transit,6210,1.38,
Kepler-1252 b,Kepler-1252,298.95,46.6928,648.979,1.67,3.43,15.054,2016,Transit,5949,1.09,
Kepler-1253 b,Kepler-1253,283.885,47.6371,514.524,1.33,2.33,68.8862,2016,Transit,5850,1.1,
Kepler-1156 b,Kepler-1156,288.924,46.0576,691.331,1.32,2.3,11.8952,2016,Transit,5778,1,
Kepler-1155 b,Kepler-1155,288.821,39.5229,1128.72,2.03,4.78,33.4697,2016,Transit,5842,1.03,
Kepler-1093 b,Kepler-1093,284.978,41.4202,1072.88,1.95,4.46,25.0825,2016,Transit,6166,1.2,
Kepler-1094 b,Kepler-1094,292.301,38.267,1291.01,3.18,10.2,78.1,2016,Transit,6112,1.21,
Kepler-1213 b,Kepler-1213,289.486,50.9442,807.812,1.19,1.81,5.34982,2016,Transit,6050,1.21,
Kepler-1255 b,Kepler-1255,295.239,42.7265,1617.07,2.32,5.99,36.2919,2016,Transit,6018,1.12,
Kepler-1256 b,Kepler-1256,291.474,44.6834,891.192,1.49,2.83,12.4128,2016,Transit,6129,1.36,
Kepler-1160 b,Kepler-1160,287.879,43.3641,1077.63,2.14,5.22,7.97035,2016,Transit,5519,0.89,
Kepler-1158 b,Kepler-1158,292.234,41.5752,1484.25,2.34,6.08,13.5396,2016,Transit,6203,1.95,
Kepler-1097 b,Kepler-1097,281.594,42.5964,719.802,3.26,10.7,187.747,2016,Transit,5211,0.79,
Kepler-1095 b,Kepler-1095,293.262,41.365,792.522,1.21,1.92,4.27103,2016,Transit,5658,0.92,
Kepler-1217 b,Kepler-1217,289.187,50.9376,1347.71,1.99,4.62,2.03233,2016,Transit,5905,1.08,
Kepler-1216 b,Kepler-1216,287.405,45.918,1258.36,1.39,2.51,4.37035,2016,Transit,5743,0.98,
Kepler-1257 b,Kepler-1257,296.076,45.627,1105.95,1.52,2.92,2.66831,2016,Transit,5502,0.87,
Kepler-1260 b,Kepler-1260,295.591,42.5552,1734.43,1.77,3.78,19.1188,2016,Transit,5961,1.08,
Kepler-1163 b,Kepler-1163,290.236,50.0301,478.647,1.03,1.08,6.11787,2016,Transit,6302,1.35,
Kepler-1100 b,Kepler-1100,291.871,44.0874,693.618,1.75,3.71,6.422,2016,Transit,6247,1.34,
Kepler-1098 b,Kepler-1098,295.503,43.2327,1049.19,1.3,2.24,2.54307,2016,Transit,5794,0.99,
Kepler-1261 b,Kepler-1261,285.232,48.8067,744.294,2.26,5.73,48.4309,2016,Transit,5006,0.77,
Kepler-1166 b,Kepler-1166,290.349,50.9028,634.906,1.69,3.5,33.2407,2016,Transit,5446,0.86,
Kepler-1167 b,Kepler-1167,298.303,47.694,820.905,1.71,3.57,1.00393,2016,Transit,4971,0.75,
Kepler-1103 b,Kepler-1103,287.382,49.4524,1331.92,2.27,5.77,19.7919,2016,Transit,6092,1.15,
Kepler-1221 b,Kepler-1221,285.822,45.7118,913.65,1.88,4.19,12.001,2016,Transit,5194,0.82,
Kepler-522 b,Kepler-522,288.154,44.0688,639.239,6.91,38.2,38.5842,2016,Transit,6392,1.98,
Kepler-1264 b,Kepler-1264,289.884,45.2115,801.993,1.18,1.76,0.96853,2016,Transit,5791,0.98,
Kepler-1169 b,Kepler-1169,294.912,46.4915,522.823,0.94,0.779,6.11009,2016,Transit,6191,1.23,
Kepler-1168 b,Kepler-1168,287.298,47.4555,752.666,2.5,6.8,55.8227,2016,Transit,5157,0.82,
Kepler-1106 b,Kepler-1106,291.145,44.0625,1090.7,1.65,3.36,1.25275,2016,Transit,6104,1.17,
Kepler-1226 b,Kepler-1226,296.377,50.6215,1125.72,1.45,2.7,17.2923,2016,Transit,5923,1.02,
Kepler-1266 b,Kepler-1266,285.869,42.728,849.312,2.58,7.18,28.4748,2016,Transit,5044,0.76,
Kepler-1268 b,Kepler-1268,287.838,43.1532,1840.77,2.03,4.78,40.9904,2016,Transit,5904,1.09,
Kepler-1171 b,Kepler-1171,294.959,38.5916,573,2.56,7.08,1.44259,2016,Transit,7044,1.95,
Kepler-1172 b,Kepler-1172,290.474,37.7666,1306.53,3.2,10.3,26.0204,2016,Transit,5558,0.89,
Kepler-1109 b,Kepler-1109,291.646,39.3966,685.087,2.19,5.43,37.6467,2016,Transit,5893,1.06,
Kepler-1110 b,Kepler-1110,291.808,38.6227,726.828,2.66,7.56,9.69312,2016,Transit,4781,0.7,
Kepler-1229 b,Kepler-1229,297.487,46.9967,265.482,1.4,2.54,86.829,2016,Transit,3784,0.51,
Kepler-436 c,Kepler-436,301.721,44.4121,588.867,2.33,6.04,16.7971,2016,Transit,4685,0.71,
Kepler-1270 b,Kepler-1270,286.716,48.6453,1095.05,3.32,11,6.03356,2016,Transit,5047,3.38,
Kepler-804 c,Kepler-804,293.372,44.7852,649.65,1.14,1.55,9.65185,2016,Transit,5817,1.05,
Kepler-1230 b,Kepler-1230,283.265,41.7114,1364.22,2.71,7.8,9.95662,2016,Transit,5961,1.08,
Kepler-1271 b,Kepler-1271,286.344,37.4119,831.991,1.48,2.79,3.0256,2016,Transit,6143,1.23,
Kepler-1273 b,Kepler-1273,285.803,44.8734,1114.24,2.49,6.76,28.6257,2016,Transit,5566,0.91,
Kepler-1177 b,Kepler-1177,286.671,49.4063,1299.97,1.9,4.27,106.248,2016,Transit,5712,0.97,
Kepler-1179 b,Kepler-1179,284.097,47.8105,415.205,1.32,2.3,2.68506,2016,Transit,5212,0.81,
Kepler-1152 b,Kepler-1152,290.434,44.1078,215.233,0.87,0.59,1.6468,2016,Transit,3964,0.53,
Kepler-1186 b,Kepler-1186,288.48,47.1017,1337.25,2.23,5.6,16.0768,2016,Transit,5635,0.93,
Kepler-535 b,Kepler-535,296.567,49.6962,685.599,2.36,6.17,4.90332,2016,Transit,6123,1.27,
Kepler-1411 b,Kepler-1411,286.362,42.9639,1660.48,2.82,8.35,86.1151,2016,Transit,5664,0.92,
Kepler-1413 b,Kepler-1413,294.342,46.4988,1167.49,1.82,3.97,13.183,2016,Transit,5196,0.8,
Kepler-1317 b,Kepler-1317,291.612,42.116,728.303,1.56,3.05,0.56887,2016,Transit,5144,0.79,
Kepler-1318 b,Kepler-1318,290.376,41.1508,475.248,3.11,9.85,213.258,2016,Transit,4598,0.7,
Kepler-1362 b,Kepler-1362,288.539,40.8771,731.298,2.6,7.27,136.206,2016,Transit,4857,0.74,
Kepler-536 b,Kepler-536,297.736,49.6371,462.322,3.1,9.8,1.82708,2016,Transit,5524,0.89,
Kepler-1415 b,Kepler-1415,285.157,47.8732,1043.56,1.29,2.21,0.63642,2016,Transit,5267,0.84,
Kepler-1320 b,Kepler-1320,288.434,40.3809,647.424,1.7,3.53,0.86839,2016,Transit,4817,0.74,
Kepler-1321 b,Kepler-1321,294.529,46.6409,769.146,4.92,21.5,11.1283,2016,Transit,4094,0.53,
Kepler-1366 b,Kepler-1366,285.065,41.5549,465.826,1.43,2.63,2.16457,2016,Transit,4070,0.6,
Kepler-903 c,Kepler-903,288.771,40.6642,1369.24,2.53,6.94,62.9229,2016,Transit,5682,0.97,
Kepler-758 e,Kepler-758,293.085,41.1354,1502.32,1.53,2.96,8.19347,2016,Transit,6228,1.42,
Kepler-1417 b,Kepler-1417,290.95,40.6052,991.845,1,0.972,20.3505,2016,Transit,5839,1.02,
Kepler-1322 b,Kepler-1322,293.204,45.4354,1350.32,1.61,3.22,0.96287,2016,Transit,5488,0.87,
Kepler-525 b,Kepler-525,296.183,47.3588,992.852,2.63,7.41,18.684,2016,Transit,5573,1.15,
Kepler-722 c,Kepler-722,290.263,44.5564,1239.5,2.82,8.35,105.145,2016,Transit,5863,1.05,
Kepler-1422 b,Kepler-1422,293.89,48.3361,2465.84,2.02,4.74,18.6052,2016,Transit,6194,1.23,
Kepler-1327 b,Kepler-1327,289.065,50.4609,678.069,1.8,3.89,14.888,2016,Transit,5885,1.03,
Kepler-1368 b,Kepler-1368,294.767,41.6446,1635.82,1.65,3.36,0.67565,2016,Transit,5906,1.08,
Kepler-769 c,Kepler-769,292.713,38.3582,1169.57,1.79,3.86,15.987,2016,Transit,6186,1.28,
Kepler-770 c,Kepler-770,286.49,38.3749,930.457,1.2,1.87,1.47532,2016,Transit,5598,0.92,
Kepler-1430 b,Kepler-1430,289.698,43.372,875.523,1.18,1.76,2.46051,2016,Transit,4796,0.72,
Kepler-1431 b,Kepler-1431,292.658,49.8651,1623.24,1.47,2.76,5.86602,2016,Transit,5806,1.03,
Kepler-1328 b,Kepler-1328,284.675,44.4177,813.543,0.98,0.904,4.52159,2016,Transit,5780,0.99,
Kepler-1329 b,Kepler-1329,281.648,48.2709,588.037,2.17,5.35,9.33647,2016,Transit,4500,0.69,
Kepler-527 b,Kepler-527,290.958,47.4063,750.04,2.84,8.45,13.2854,2016,Transit,6388,1.45,
Kepler-1371 b,Kepler-1371,288.831,47.552,515.334,0.73,0.315,3.4462,2016,Transit,5361,0.83,
Kepler-770 d,Kepler-770,286.49,38.3749,930.457,1.4,2.54,4.15245,2016,Transit,5598,0.92,
Kepler-896 b,Kepler-896,282.439,43.7344,2334.93,2.53,6.94,144.547,2016,Transit,5262,0.81,
Kepler-1427 b,Kepler-1427,295.35,45.1145,1220,1.1,1.37,0.96897,2016,Transit,5793,1.01,
Kepler-1332 b,Kepler-1332,291.029,43.9137,528.685,1.37,2.45,11.8746,2016,Transit,5581,0.9,
Kepler-1330 b,Kepler-1330,290.577,39.9569,1720.48,1.65,3.36,10.1077,2016,Transit,5608,0.94,
Kepler-1373 b,Kepler-1373,285.752,39.2492,1699.46,1.16,1.65,1.29123,2016,Transit,6299,1.33,
Kepler-1374 b,Kepler-1374,291.35,45.1722,1078.46,2.29,5.86,10.6528,2016,Transit,5323,0.81,
Kepler-1311 c,Kepler-1311,289.651,43.8244,866.331,1.22,1.98,2.53573,2016,Transit,5748,1.4,
Kepler-1428 b,Kepler-1428,297.642,49.595,1530.32,1.64,3.33,10.6761,2016,Transit,6184,1.36,
Kepler-1429 b,Kepler-1429,285.366,49.0448,1214.09,1.29,2.21,4.48487,2016,Transit,5902,1.07,
Kepler-1335 b,Kepler-1335,284.838,42.0703,621.853,1.45,2.7,6.26407,2016,Transit,4903,0.74,
Kepler-528 b,Kepler-528,295.685,47.7481,784.23,2.08,4.98,19.783,2016,Transit,5807,1.06,
Kepler-1321 c,Kepler-1321,294.529,46.6409,769.146,2.4,6.35,2.22649,2016,Transit,4094,0.53,
Kepler-1433 b,Kepler-1433,287.363,49.4569,1328,1.56,3.05,4.13592,2016,Transit,6097,1.19,
Kepler-1337 b,Kepler-1337,287.009,46.7961,601.629,2.41,6.39,24.4002,2016,Transit,4523,0.67,
Kepler-1339 b,Kepler-1339,283.746,48.3735,371.049,0.71,0.285,1.34156,2016,Transit,5586,0.93,
Kepler-1377 b,Kepler-1377,289.195,46.6516,1146.1,1.25,2.1,0.74093,2016,Transit,5218,0.82,
Kepler-1378 b,Kepler-1378,297.373,40.3664,506.434,2.2,5.48,11.954,2016,Transit,4407,0.67,
Kepler-1370 c,Kepler-1370,284.566,41.7785,1004.1,1.27,2.15,7.44142,2016,Transit,6202,1.29,
Kepler-1295 b,Kepler-1295,291.398,45.5885,1174.46,1.55,3.02,3.81372,2016,Transit,5486,0.89,
Kepler-1296 b,Kepler-1296,292.125,41.4078,1551.54,0.91,0.693,8.38399,2016,Transit,5359,0.83,
Kepler-1341 b,Kepler-1341,280.512,44.1594,476.957,2.99,9.22,132.997,2016,Transit,4662,0.72,
Kepler-529 b,Kepler-529,285.888,47.8804,799.008,1.86,4.12,1.98036,2016,Transit,6087,1.14,
Kepler-1380 b,Kepler-1380,288.116,42.4404,2462.94,1.43,2.63,10.3108,2016,Transit,5570,0.94,
Kepler-1391 b,Kepler-1391,294.831,46.6596,1038.35,1.68,3.46,54.4092,2016,Transit,5840,1.1,
Kepler-1392 b,Kepler-1392,288.767,46.3944,1117,1.96,4.5,15.141,2016,Transit,5479,0.85,
Kepler-1297 b,Kepler-1297,289.956,47.0204,1439.47,0.97,0.871,1.68189,2016,Transit,5818,0.99,
Kepler-1343 b,Kepler-1343,294.294,50.7254,1756.71,1.93,4.38,3.35183,2016,Transit,5759,0.93,
Kepler-1344 b,Kepler-1344,287.086,46.9458,853.959,1.84,4.04,4.7683,2016,Transit,5981,1.13,
Kepler-1383 b,Kepler-1383,297.945,42.1918,1027.21,1.41,2.57,13.9094,2016,Transit,6370,1.44,
Kepler-1381 b,Kepler-1381,287.536,48.7278,1197.04,2.25,5.69,25.3843,2016,Transit,5747,0.94,
Kepler-1393 b,Kepler-1393,284.459,40.1425,544.456,0.8,0.437,2.44358,2016,Transit,5697,0.92,
Kepler-1300 b,Kepler-1300,289.033,40.0869,777.025,1.37,2.45,22.2419,2016,Transit,6130,1.79,
Kepler-616 c,Kepler-616,294.989,46.8383,945.775,3.41,11.5,90.4114,2016,Transit,5753,0.97,
Kepler-1347 b,Kepler-1347,299.66,40.8439,321,1.03,1.08,14.0095,2016,Transit,5193,0.79,
Kepler-1345 b,Kepler-1345,292.478,46.0228,1355.02,2.36,6.17,44.617,2016,Transit,6449,1.55,
Kepler-1385 b,Kepler-1385,282.631,46.481,688.795,0.85,0.543,2.8888,2016,Transit,5732,1.29,
Kepler-1384 b,Kepler-1384,296.215,39.527,618,1.94,4.42,15.3626,2016,Transit,4919,0.74,
Kepler-1397 b,Kepler-1397,299.676,47.0758,1198.25,1.72,3.61,47.45,2016,Transit,6026,1.12,
Kepler-1398 b,Kepler-1398,294.866,48.639,852.204,0.9,0.666,2.78816,2016,Transit,6126,1.18,
Kepler-1396 b,Kepler-1396,294.336,44.9182,1066.46,2.07,4.94,18.2206,2016,Transit,6195,1.27,
Kepler-1302 b,Kepler-1302,290.989,50.3081,634.58,1.43,2.63,8.83923,2016,Transit,5236,0.82,
Kepler-1304 b,Kepler-1304,285.276,39.4468,2176.08,2.29,5.86,16.1289,2016,Transit,5259,0.81,
Kepler-1350 b,Kepler-1350,288.251,46.6795,340.691,2.52,6.9,4.49686,2016,Transit,3827,0.53,
Kepler-1348 b,Kepler-1348,292.087,49.7887,1213.82,1.94,4.42,27.5723,2016,Transit,5911,1.04,
Kepler-1387 b,Kepler-1387,292.44,43.2094,455.358,0.93,0.749,2.27953,2016,Transit,5046,0.77,
Kepler-1398 c,Kepler-1398,294.866,48.639,852.204,1.03,1.08,4.13828,2016,Transit,6126,1.18,
Kepler-1400 b,Kepler-1400,286.272,45.4408,752.237,1.62,3.26,9.06689,2016,Transit,5044,0.78,
Kepler-1307 b,Kepler-1307,292.87,46.7419,1014.62,2.47,6.66,18.0162,2016,Transit,5884,1.08,
Kepler-1351 b,Kepler-1351,293.608,42.1979,202.782,0.65,0.208,0.91614,2016,Transit,4439,0.67,
Kepler-521 b,Kepler-521,298.816,43.998,830.638,3.18,10.2,22.2081,2016,Transit,6406,1.46,
Kepler-1390 b,Kepler-1390,298.662,48.2489,723.431,1.18,1.76,6.48022,2016,Transit,5753,0.98,
Kepler-531 b,Kepler-531,286.525,48.6835,252.762,2.78,8.15,29.8849,2016,Transit,4893,0.75,
Kepler-1389 b,Kepler-1389,285.717,44.7584,497.093,1.77,3.78,99.2531,2016,Transit,5078,0.74,
Kepler-1401 b,Kepler-1401,287.466,40.7584,1425.43,1.68,3.46,11.2007,2016,Transit,5964,1.1,
Kepler-1402 b,Kepler-1402,291.848,48.9682,1493.64,0.76,0.363,2.03388,2016,Transit,5416,0.87,
Kepler-1308 b,Kepler-1308,285.929,38.5207,112.705,0.52,0.093,2.10434,2016,Transit,3468,0.34,
Kepler-1309 b,Kepler-1309,298.735,40.7641,845,2.37,6.21,28.8433,2016,Transit,5235,0.8,
Kepler-1352 b,Kepler-1352,290.694,48.7014,670.829,0.89,0.64,1.87788,2016,Transit,6118,1.16,
Kepler-1353 b,Kepler-1353,295.735,42.5762,593.384,1.8,3.89,24.7544,2016,Transit,4776,0.72,
Kepler-532 b,Kepler-532,298.661,48.6063,312.798,2.57,7.13,12.9249,2016,Transit,5192,0.79,
Kepler-1403 b,Kepler-1403,290.868,38.9601,2163.9,2.14,5.22,5.19492,2016,Transit,6060,1.15,
Kepler-1405 b,Kepler-1405,295.685,39.2561,1530.3,3.96,14.9,28.2274,2016,Transit,5925,1.07,
Kepler-1310 b,Kepler-1310,283.92,40.74,569.185,1.44,2.67,0.67934,2016,Transit,5549,0.88,
Kepler-1312 b,Kepler-1312,292.971,41.0358,299.104,2.1,5.06,5.44833,2016,Transit,5719,0.92,
Kepler-517 b,Kepler-517,293.676,41.2952,289.907,2.67,7.61,60.9283,2016,Transit,5690,0.98,
Kepler-1356 b,Kepler-1356,290.995,43.2439,845.228,1.53,2.96,0.634,2016,Transit,5106,0.78,
Kepler-1354 b,Kepler-1354,291.245,37.759,1119.45,2.97,9.11,76.6134,2016,Transit,6168,1.24,
Kepler-1050 c,Kepler-1050,282.925,48.6264,490.488,1.48,2.79,21.1285,2016,Transit,6010,1.13,
Kepler-1407 b,Kepler-1407,283.942,41.4716,1396.41,2.25,5.69,20.0711,2016,Transit,6010,1.15,
Kepler-1313 b,Kepler-1313,292.389,42.2333,174.234,1.76,3.75,3.83309,2016,Transit,5453,0.85,
Kepler-1359 b,Kepler-1359,289.539,41.8928,614.859,2.83,8.4,59.4971,2016,Transit,4709,0.72,
Kepler-1360 b,Kepler-1360,300.344,45.6232,1516.27,3.4,11.5,40.5286,2016,Transit,6778,1.83,
Kepler-1611 b,Kepler-1611,296.512,49.7278,908.444,0.81,0.457,5.17624,2016,Transit,5605,0.93,
Kepler-1463 b,Kepler-1463,294.487,42.0069,1687.47,1.86,4.12,25.1586,2016,Transit,5679,0.95,
Kepler-1543 b,Kepler-1543,297.124,47.037,921.784,2.71,7.8,6.9671,2016,Transit,6561,1.65,
Kepler-1578 b,Kepler-1578,288.302,47.7756,1064.05,1.04,1.12,1.45089,2016,Transit,5545,0.86,
Kepler-626 b,Kepler-626,288.699,39.7082,635.643,2.29,5.86,14.4858,2016,Transit,5813,1.05,
Kepler-1465 b,Kepler-1465,289.819,51.9049,359.497,1.77,3.78,31.8277,2016,Transit,4726,0.71,
Kepler-1466 b,Kepler-1466,289.831,44.6098,631.949,1.55,3.02,31.175,2016,Transit,5884,1.02,
Kepler-1546 b,Kepler-1546,297.584,41.5412,931.956,3.13,9.96,19.5975,2016,Transit,5623,0.93,
Kepler-1548 b,Kepler-1548,287.471,46.0806,872.279,2.64,7.46,124.829,2016,Transit,5706,0.97,
Kepler-1613 b,Kepler-1613,289.875,43.4209,1508.33,2.08,4.98,1.51843,2016,Transit,6005,1.12,
Kepler-1468 c,Kepler-1468,293.52,41.2774,1899.24,1.15,1.6,3.54553,2016,Transit,5893,1.05,
Kepler-1582 b,Kepler-1582,289.377,41.1581,78.891,1.49,2.83,4.83818,2016,Transit,3208,0.3,
Kepler-1469 b,Kepler-1469,293.821,39.3913,1159.3,2.8,8.25,21.8635,2016,Transit,5507,0.89,
Kepler-633 b,Kepler-633,295.217,40.5922,680.54,1.63,3.29,8.50341,2016,Transit,5899,1.15,
Kepler-1550 b,Kepler-1550,287.765,38.2947,1179.01,3.02,9.38,225.583,2016,Transit,5991,1.11,
Kepler-1552 b,Kepler-1552,291.677,38.8749,769.096,2.47,6.66,184.772,2016,Transit,5202,0.78,
Kepler-1584 b,Kepler-1584,287.763,43.2744,1416.31,1.61,3.22,13.3997,2016,Transit,6069,1.13,
Kepler-556 b,Kepler-556,290.529,38.9427,674.598,2.24,5.65,11.7229,2016,Transit,5740,0.98,
Kepler-629 b,Kepler-629,289.418,39.9451,372.05,1.38,2.48,7.23859,2016,Transit,5444,0.84,
Kepler-630 b,Kepler-630,293.427,39.9424,839.784,3.18,10.2,161.474,2016,Transit,5829,1.04,
Kepler-1470 b,Kepler-1470,288.695,39.8831,590.601,1.07,1.24,16.2951,2016,Transit,4961,0.76,
Kepler-1475 b,Kepler-1475,295.948,44.7531,1568.38,2.92,8.85,82.1774,2016,Transit,6214,1.28,
Kepler-1476 b,Kepler-1476,284.532,43.9899,1002.74,1.67,3.43,10.3586,2016,Transit,5663,0.96,
Kepler-154 f,Kepler-154,289.781,49.8966,915.212,1.5,2.86,9.91936,2016,Transit,5769,0.98,
Kepler-1165 b,Kepler-1165,286.971,44.7083,1575.2,1.55,3.02,9.47852,2016,Transit,6080,1.18,
Kepler-1587 b,Kepler-1587,292.678,49.6639,1026.48,1.33,2.33,9.40605,2016,Transit,5933,1.22,
Kepler-579 b,Kepler-579,295.002,39.9529,530.765,2,4.66,9.66858,2016,Transit,5636,0.96,
Kepler-1619 b,Kepler-1619,285.704,44.4222,734.85,0.76,0.363,23.6226,2016,Transit,5852,1,
Kepler-132 e,Kepler-132,283.236,41.343,349.549,1.18,1.76,110.287,2016,Transit,6023,1.1,
Kepler-1471 b,Kepler-1471,289.665,50.0201,978.678,1.41,2.57,3.63899,2016,Transit,5660,0.93,
Kepler-1554 b,Kepler-1554,286.576,41.7416,946.847,2.9,8.75,198.089,2016,Transit,5297,0.81,
Kepler-541 b,Kepler-541,294.15,38.4582,1060.68,3.36,11.2,5.08006,2016,Transit,6166,2.06,
Kepler-1589 b,Kepler-1589,294.442,40.5716,1513.14,1.09,1.32,0.99167,2016,Transit,6166,1.25,
Kepler-686 b,Kepler-686,285.214,39.0275,1490.94,12.15,,1.59475,2016,Transit,5649,0.92,
Kepler-1473 b,Kepler-1473,290.637,48.9962,652.253,1.19,1.81,14.4274,2016,Transit,6046,1.09,
Kepler-1472 b,Kepler-1472,294.853,49.0575,1479.14,1.9,4.27,38.1313,2016,Transit,6159,1.25,
Kepler-1474 b,Kepler-1474,294.694,45.8668,1180.9,2.16,5.31,36.4333,2016,Transit,5870,1.04,
Kepler-1556 b,Kepler-1556,288.397,40.2132,944.54,1.96,4.5,8.82713,2016,Transit,5608,0.95,
Kepler-542 b,Kepler-542,292.215,38.5485,436.016,1.57,3.09,13.145,2016,Transit,5526,0.9,
Kepler-1592 b,Kepler-1592,293.851,38.3977,1639.47,1.54,2.99,3.0571,2016,Transit,6213,1.28,
Kepler-1623 b,Kepler-1623,294.083,39.5561,837.481,1.31,2.27,4.36128,2016,Transit,5772,1,
Kepler-1622 b,Kepler-1622,297.329,47.8155,796.477,1.47,2.76,10.8119,2016,Transit,6436,1.5,
Kepler-631 b,Kepler-631,296.886,40.2282,761.966,2.9,8.75,17.9798,2016,Transit,6185,1.33,
Kepler-1477 b,Kepler-1477,281.299,42.6857,680.828,1.18,1.76,11.5553,2016,Transit,5100,0.78,
Kepler-1478 b,Kepler-1478,293.165,41.7462,1845.58,1.73,3.64,26.0841,2016,Transit,5904,1.06,
Kepler-1558 b,Kepler-1558,286.819,46.9118,325.737,0.68,0.244,3.5047,2016,Transit,5101,0.79,
Kepler-1557 b,Kepler-1557,293.881,46.8388,1380.16,1.53,2.96,3.74032,2016,Transit,6099,1.17,
Kepler-544 b,Kepler-544,294.029,39.0518,963.18,2.12,5.14,21.4162,2016,Transit,6206,1.22,
Kepler-1442 b,Kepler-1442,291.256,48.8469,608.68,3.93,14.7,81.4163,2016,Transit,6394,1.44,
Kepler-1435 b,Kepler-1435,291.173,44.9211,704.211,0.86,0.566,4.45343,2016,Transit,6356,1.32,
Kepler-1559 b,Kepler-1559,292.287,42.0726,614.827,0.72,0.299,0.97192,2016,Transit,5316,0.82,
Kepler-1596 b,Kepler-1596,285.558,49.3301,2146.23,1.9,4.27,66.3734,2016,Transit,5706,0.92,
Kepler-403 d,Kepler-403,289.921,46.7445,840.269,1.42,2.6,13.6116,2016,Transit,6209,1.45,
Kepler-1443 b,Kepler-1443,283.436,47.0668,593.646,0.97,0.871,2.41811,2016,Transit,6289,1.27,
Kepler-1438 b,Kepler-1438,289.29,40.6816,1154.13,0.94,0.779,2.31942,2016,Transit,5530,0.96,
Kepler-1562 b,Kepler-1562,294.456,46.7435,2060.72,3.55,12.3,64.2738,2016,Transit,5760,1.05,
Kepler-1561 b,Kepler-1561,296.924,43.5665,839.076,1.09,1.32,1.00521,2016,Transit,5957,1.11,
Kepler-1598 b,Kepler-1598,288.469,46.7837,619.862,0.95,0.809,4.34195,2016,Transit,5940,1.09,
Kepler-1445 b,Kepler-1445,280.25,43.9151,506.357,0.96,0.84,10.6005,2016,Transit,6150,1.26,
Kepler-511 b,Kepler-511,282.946,47.5749,651.999,6.35,33.1,296.638,2016,Transit,5770,1.2,
Kepler-1564 b,Kepler-1564,290.586,46.6427,908.805,1.47,2.76,18.054,2016,Transit,5528,0.9,
Kepler-1563 b,Kepler-1563,288.574,51.4728,616.697,0.75,0.347,3.43277,2016,Transit,5765,0.99,
Kepler-1565 b,Kepler-1565,297.953,40.8068,629.93,1.19,1.81,1.53819,2016,Transit,4940,0.73,
Kepler-1602 b,Kepler-1602,293.581,40.4275,629.804,1.34,2.36,11.1793,2016,Transit,6296,1.36,
Kepler-1448 b,Kepler-1448,287.867,50.5956,768.903,1.61,3.22,12.2707,2016,Transit,5774,0.93,
Kepler-1449 b,Kepler-1449,288.232,50.5678,2006.48,1.68,3.46,13.2274,2016,Transit,5979,1.1,
Kepler-1566 b,Kepler-1566,283.588,40.5749,466.586,0.79,0.418,0.53992,2016,Transit,5254,0.81,
Kepler-1567 b,Kepler-1567,286.695,40.2919,1206.11,2.73,7.9,153.98,2016,Transit,5655,0.93,
Kepler-597 b,Kepler-597,293.47,39.2528,663.418,2.37,6.21,13.0237,2016,Transit,5683,0.95,
Kepler-1603 b,Kepler-1603,295.33,42.535,2712.58,1.29,2.21,2.27164,2016,Transit,6241,1.31,
Kepler-1450 b,Kepler-1450,294.554,45.0813,505.829,1.71,3.57,54.5094,2016,Transit,4524,0.68,
Kepler-1451 b,Kepler-1451,293.446,40.4099,1058.72,3.35,11.2,35.6222,2016,Transit,5782,0.99,
Kepler-603 d,Kepler-603,294.281,42.2909,1539.63,1.32,2.3,6.21713,2016,Transit,5808,1.01,
Kepler-605 c,Kepler-605,287.295,43.2799,556.58,0.86,0.566,2.35895,2016,Transit,5462,0.88,
Kepler-1568 b,Kepler-1568,289.183,47.8733,916.313,1.3,2.24,20.9254,2016,Transit,5956,1.19,
Kepler-1606 b,Kepler-1606,286.378,43.0732,831.287,2.07,4.94,196.435,2016,Transit,5422,0.86,
Kepler-1452 b,Kepler-1452,292.423,38.2663,996.32,2.7,7.75,42.9138,2016,Transit,6101,2.06,
Kepler-1571 b,Kepler-1571,300.935,45.5965,675.303,1.52,2.92,3.38555,2016,Transit,6297,1.39,
Kepler-1570 b,Kepler-1570,299.862,45.8274,918.995,1.07,1.24,26.549,2016,Transit,5550,0.89,
Kepler-1572 b,Kepler-1572,281.897,46.7227,946.602,0.94,0.779,5.49549,2016,Transit,5618,0.95,
Kepler-1607 b,Kepler-1607,296.06,42.6561,1286.1,0.92,0.721,13.6474,2016,Transit,6116,1.21,
Kepler-1609 b,Kepler-1609,290.147,39.6658,1826.04,2.22,5.56,114.342,2016,Transit,6132,1.27,
Kepler-1457 b,Kepler-1457,283.771,42.0272,889.885,1.99,4.62,51.111,2016,Transit,5866,1.01,
Kepler-1458 b,Kepler-1458,283.212,41.038,544.45,2.76,8.05,47.9873,2016,Transit,5653,0.94,
Kepler-217 d,Kepler-217,293.038,46.2775,1104.64,1.32,2.3,3.8869,2016,Transit,6341,1.76,
Kepler-625 c,Kepler-625,292.15,39.6375,760.708,1.05,1.16,4.16537,2016,Transit,5789,0.96,
Kepler-653 c,Kepler-653,282.213,46.7178,595.634,0.78,0.399,0.90038,2016,Transit,5665,1.19,
Kepler-1575 b,Kepler-1575,293.743,45.7615,1246.92,1.31,2.27,2.55314,2016,Transit,5667,0.92,
Kepler-578 b,Kepler-578,288.755,39.5637,541.432,2,4.66,1.61688,2016,Transit,5334,0.83,
Kepler-1461 b,Kepler-1461,285.831,43.1984,679.106,2.03,4.78,29.3495,2016,Transit,4919,0.74,
Kepler-1541 b,Kepler-1541,283.787,48.0296,416.692,1.16,1.65,8.40691,2016,Transit,5282,0.81,
Kepler-1576 b,Kepler-1576,289.074,40.366,460.91,1.04,1.12,6.98472,2016,Transit,5876,1.06,
Kepler-603 b,Kepler-603,294.281,42.2909,1539.63,2.65,7.51,21.0536,2016,Transit,5808,1.01,
Kepler-640 b,Kepler-640,296.032,42.1317,557.787,2.56,7.08,22.2481,2016,Transit,5653,0.94,
Kepler-722 b,Kepler-722,290.263,44.5564,1239.5,2.63,7.41,4.09357,2016,Transit,5863,1.05,
Kepler-634 b,Kepler-634,291.195,40.7027,888.027,1.89,4.23,5.1695,2016,Transit,6075,1.24,
Kepler-701 b,Kepler-701,288.994,41.6333,774.152,2.84,8.45,10.3553,2016,Transit,5343,0.84,
Kepler-709 b,Kepler-709,292.105,42.3803,664.843,2.92,8.85,16.0852,2016,Transit,5071,0.77,
Kepler-1625 b,Kepler-1625,295.429,39.8865,2310.11,6.06,30.6,287.379,2016,Transit,5677,0.94,
Kepler-1501 b,Kepler-1501,289.919,42.0014,749.06,1.56,3.05,14.5564,2016,Transit,6229,1.3,
Kepler-1500 b,Kepler-1500,288.883,39.7447,1217.82,1.2,1.87,15.033,2016,Transit,5845,1,
Kepler-1522 b,Kepler-1522,289.843,52.0702,814.125,1.73,3.64,1.84789,2016,Transit,5706,0.93,
Kepler-702 b,Kepler-702,293.878,41.6617,992.071,9.17,61.8,10.5263,2016,Transit,5419,0.86,
Kepler-641 b,Kepler-641,291.824,42.5162,969.918,1.85,4.08,9.48962,2016,Transit,5713,1.13,
Kepler-1626 b,Kepler-1626,296.5,40.7212,1368.83,2.02,4.74,4.13963,2016,Transit,6826,1.85,
Kepler-609 b,Kepler-609,292.22,44.7,1065.82,3.35,11.2,6.52121,2016,Transit,5971,1.14,
Kepler-724 b,Kepler-724,293.455,44.7928,853.119,3.29,10.8,3.31495,2016,Transit,5437,0.86,
Kepler-1504 b,Kepler-1504,289.712,50.1282,2435.94,2.13,5.18,82.304,2016,Transit,5393,0.81,
Kepler-1505 b,Kepler-1505,292.002,41.787,495.148,0.93,0.749,30.8609,2016,Transit,5686,0.86,
Kepler-1524 b,Kepler-1524,293.885,39.5198,381.773,3.54,12.3,70.9675,2016,Transit,6179,1.25,
Kepler-495 b,Kepler-495,285.931,39.0981,658.924,5.23,23.8,3.41304,2016,Transit,5346,0.83,
Kepler-710 b,Kepler-710,291.964,42.6961,1448.34,1.88,4.19,4.34729,2016,Transit,5611,0.91,
Kepler-540 b,Kepler-540,290.625,44.8738,390.374,2.71,7.8,172.705,2016,Transit,5946,1.08,
Kepler-1644 b,Kepler-1644,285.475,48.0348,629.27,1.88,4.19,21.0908,2016,Transit,5499,0.86,
Kepler-1507 b,Kepler-1507,288.562,46.5361,320.478,0.84,0.52,16.0506,2016,Transit,5410,0.85,
Kepler-1506 b,Kepler-1506,290.15,41.4646,2366.02,1.32,2.3,14.0329,2016,Transit,5676,0.93,
Kepler-1086 c,Kepler-1086,295.251,45.843,466.084,2.94,8.96,161.516,2016,Transit,4350,0.66,
Kepler-604 b,Kepler-604,292.316,42.6262,1026.49,2.59,7.22,25.855,2016,Transit,5890,1.03,
Kepler-1627 b,Kepler-1627,284.057,41.5767,317.437,3.69,13.2,7.20284,2016,Transit,5445,0.84,
Kepler-1510 b,Kepler-1510,298.959,48.2578,1696.25,3.36,11.2,84.7039,2016,Transit,6200,1.28,
Kepler-1511 b,Kepler-1511,288.421,43.1798,1475.6,1.68,3.46,23.2383,2016,Transit,6064,1.29,
Kepler-1526 b,Kepler-1526,285.12,38.8665,555.574,2.43,6.48,3.90863,2016,Transit,4601,0.69,
Kepler-643 b,Kepler-643,290.327,42.8982,1063.58,10.16,321.008,16.3389,2016,Transit,4908,2.52,
Kepler-642 b,Kepler-642,293.835,42.6249,781.582,2.9,8.75,4.41746,2016,Transit,6570,1.66,
Kepler-711 b,Kepler-711,297.46,42.8398,624.575,3.41,11.5,23.5891,2016,Transit,5222,0.8,
Kepler-726 b,Kepler-726,291.717,44.8873,762.081,3.26,10.7,21.8045,2016,Transit,5452,0.85,
Kepler-401 d,Kepler-401,290.083,50.8634,965.56,2.27,5.77,184.256,2016,Transit,6184,1.29,
Kepler-1512 b,Kepler-1512,289.274,44.4704,162,1.18,1.76,20.3597,2016,Transit,4372,0.67,
Kepler-1528 b,Kepler-1528,287.403,46.574,817.534,1.46,2.73,1.79111,2016,Transit,5857,1.03,
Kepler-1529 b,Kepler-1529,289.871,41.0408,661.014,2.1,5.06,5.33906,2016,Transit,5048,0.77,
Kepler-1388 d,Kepler-1388,283.336,47.1745,453.795,2.86,8.55,20.9568,2016,Transit,4098,0.61,
Kepler-622 b,Kepler-622,284.478,40.9332,284.761,2.13,5.18,14.2823,2016,Transit,4201,0.61,
Kepler-1530 b,Kepler-1530,288.162,48.1651,489.876,1.64,3.33,2.59044,2016,Transit,5477,0.88,
Kepler-1530 c,Kepler-1530,288.162,48.1651,489.876,1.65,3.36,5.32274,2016,Transit,5477,0.88,
Kepler-1632 b,Kepler-1632,294.495,43.9136,716.76,2.47,6.66,448.304,2016,Transit,6137,1.19,
Kepler-1631 b,Kepler-1631,294.633,43.8077,1305.99,1.35,2.39,4.09514,2016,Transit,5679,0.95,
Kepler-1534 b,Kepler-1534,292.395,43.8691,1107,1.89,4.23,5.71669,2016,Transit,5442,0.86,
Kepler-1531 b,Kepler-1531,285.147,39.3708,666.334,1.11,1.41,1.13854,2016,Transit,6260,1.27,
Kepler-1093 c,Kepler-1093,284.978,41.4202,1072.88,1.96,4.5,89.7223,2016,Transit,6166,1.2,
Kepler-714 b,Kepler-714,282.699,43.2727,2083.37,9.67,67.6,8.09889,2016,Transit,5995,1.12,
Kepler-1633 b,Kepler-1633,288.515,44.9233,1114.91,1.58,3.12,186.404,2016,Transit,6256,1.32,
Kepler-713 b,Kepler-713,295.651,43.0298,1089.87,2.48,6.71,7.41114,2016,Transit,5785,0.99,
Kepler-1480 b,Kepler-1480,292,49.3018,500.892,1.67,3.43,22.1268,2016,Transit,5156,0.81,
Kepler-1479 b,Kepler-1479,285.712,49.7068,728.668,1.83,4.01,14.5326,2016,Transit,5796,0.98,
Kepler-1481 b,Kepler-1481,289.439,49.7312,459.076,1.23,2.04,5.94221,2016,Transit,4908,0.75,
Kepler-990 c,Kepler-990,297.938,46.8813,802.163,1.53,2.96,0.53835,2016,Transit,5948,1.08,
Kepler-969 c,Kepler-969,288.373,47.9336,390.354,0.99,0.937,1.68293,2016,Transit,5214,0.82,
Kepler-489 b,Kepler-489,290.833,38.1842,369.645,7.72,46.1,17.2763,2016,Transit,5014,0.76,
Kepler-1532 b,Kepler-1532,296.903,41.1981,798.246,1.35,2.39,1.09366,2016,Transit,5559,0.88,
Kepler-605 b,Kepler-605,287.295,43.2799,556.58,1.44,2.67,3.38354,2016,Transit,5462,0.88,
Kepler-1635 b,Kepler-1635,285.349,45.5562,1069.45,3.64,12.9,469.631,2016,Transit,5347,0.85,
Kepler-1483 b,Kepler-1483,295.41,42.1508,1273.78,1.52,2.92,9.50852,2016,Transit,6337,1.4,
Kepler-545 b,Kepler-545,290.566,40.6921,818.001,2.69,7.7,13.2493,2016,Transit,5882,1.07,
Kepler-636 b,Kepler-636,293.592,41.0951,310.301,4.45,18.1,16.0807,2016,Transit,5203,0.8,
Kepler-1016 c,Kepler-1016,294.614,45.9846,1402.82,3.68,13.1,105.655,2016,Transit,5821,1,
Kepler-1535 b,Kepler-1535,286.614,38.892,897.733,2.55,7.04,138.944,2016,Transit,6021,1.11,
Kepler-600 b,Kepler-600,283.833,41.9786,619.723,2.9,8.75,23.6752,2016,Transit,5279,0.81,
Kepler-717 b,Kepler-717,292.966,43.3463,2805.48,2.42,6.44,4.4084,2016,Transit,5485,0.85,
Kepler-1485 b,Kepler-1485,298.095,44.7371,615.66,1.47,2.76,19.9158,2016,Transit,6087,1.12,
Kepler-1484 b,Kepler-1484,292.684,38.1263,2879.83,2.11,5.1,30.4549,2016,Transit,5730,0.92,
Kepler-1486 b,Kepler-1486,290.59,45.4397,1769.14,2.32,5.99,54.6496,2016,Transit,5965,1.12,
Kepler-342 e,Kepler-342,292.678,46.7267,781.611,0.88,0.615,1.64422,2016,Transit,6366,1.34,
Kepler-582 b,Kepler-582,297.504,41.057,613.179,3.68,13.1,18.4924,2016,Transit,5564,0.91,
Kepler-1129 c,Kepler-1129,291.604,41.3093,1183.88,2.73,7.9,76.537,2016,Transit,5831,1,
Kepler-1538 b,Kepler-1538,283.346,45.2744,1125.3,2.82,8.35,175.139,2016,Transit,5837,1.03,
Kepler-644 b,Kepler-644,295.476,43.4931,1318.05,3.15,10.1,3.17392,2016,Transit,6747,1.81,
Kepler-1487 b,Kepler-1487,295.498,38.6444,1014.62,2.13,5.18,7.31946,2016,Transit,6541,1.63,
Kepler-581 b,Kepler-581,295.433,40.6482,703.758,2.63,7.41,40.607,2016,Transit,5772,1,
Kepler-1516 b,Kepler-1516,291.495,44.5234,1358.95,1.75,3.71,7.25932,2016,Transit,5904,1.07,
Kepler-1047 c,Kepler-1047,288.646,50.789,817.647,0.99,0.937,3.18898,2016,Transit,5754,1.13,
Kepler-1409 b,Kepler-1409,290.085,51.2086,694.89,1.04,1.12,0.76486,2016,Transit,5160,0.79,
Kepler-585 b,Kepler-585,286.528,43.8734,585.187,2.83,8.4,2.75236,2016,Transit,5593,0.93,
Kepler-1488 b,Kepler-1488,286.646,49.9378,905.825,1.86,4.12,39.819,2016,Transit,5820,1.31,
Kepler-697 b,Kepler-697,283.864,41.3464,1277.33,4.13,16,3.70987,2016,Transit,5513,0.88,
Kepler-1425 b,Kepler-1425,294.951,43.0124,863.873,0.94,0.779,14.4541,2016,Transit,5718,0.95,
Kepler-1350 c,Kepler-1350,288.251,46.6795,340.691,1.73,3.64,1.76679,2016,Transit,3827,0.53,
Kepler-719 b,Kepler-719,295.536,43.8844,2497.51,8.52,54.5,5.00732,2016,Transit,5777,0.98,
Kepler-1491 b,Kepler-1491,293.63,45.7406,2065.59,1.51,2.89,16.5862,2016,Transit,5728,0.99,
Kepler-1492 b,Kepler-1492,288.597,41.0363,331.553,1.49,2.83,16.7525,2016,Transit,4712,0.72,
Kepler-698 b,Kepler-698,288.51,41.3017,1995.57,3.68,13.1,16.3298,2016,Transit,5612,0.91,
Kepler-1454 b,Kepler-1454,284.223,48.8317,780.566,1.88,4.19,47.032,2016,Transit,5448,0.86,
Kepler-460 c,KIC 5437945,288.475,40.6513,1274.01,5.52,26.1,220.13,2016,Transit,6146,1.26,
Kepler-720 b,Kepler-720,298.636,44.1709,1065.37,8.41,53.4,4.70833,2016,Transit,5618,0.92,
Kepler-547 b,Kepler-547,286.119,44.3452,378.972,4,15.1,6.01038,2016,Transit,4828,0.73,
Kepler-1494 b,Kepler-1494,282.657,43.1625,1285.48,3.07,9.64,91.0805,2016,Transit,5659,0.94,
Kepler-1520 b,Kepler-1520,290.966,51.5048,607.917,5.77,28.1,0.65355,2016,Transit,4677,0.71,
Kepler-1065 c,Kepler-1065,294.511,38.7905,1122.48,1.6,3.19,2.37031,2016,Transit,5635,0.93,
Kepler-707 b,Kepler-707,290.008,42.1165,591.776,1.33,2.33,2.23749,2016,Transit,5099,0.76,
Kepler-602 b,Kepler-602,296.032,42.1419,1159.31,2.09,5.02,15.2847,2016,Transit,6062,1.13,
Kepler-606 b,Kepler-606,292.427,44.3812,1215.11,3.31,11,24.3158,2016,Transit,6161,1.22,
Kepler-721 b,Kepler-721,284.431,44.4804,926.598,2.64,7.46,5.39203,2016,Transit,5075,0.78,
Kepler-937 c,Kepler-937,294.169,46.7146,1571.46,2.67,7.61,153.343,2016,Transit,6095,1.22,
Kepler-638 b,Kepler-638,284.919,41.6172,991.214,1.83,4.01,6.07973,2016,Transit,5382,0.93,
Kepler-1073 c,Kepler-1073,294.153,38.2331,809.897,1.64,3.33,4.02582,2016,Transit,5792,1,
MOA-2010-BLG-353L b,MOA-2010-BLG-353L,271.304,-27.2932,6430,11.1,86,,2015,Microlensing,,,
HATS-30 b,HATS-30,5.61852,-59.9426,342.14,13.171,224.388,3.17435,2016,Transit,5943,1.061,G
K2-84 c,K2-84,55.8094,16.6344,284.876,2.03,4.78,27.86,2016,Transit,5652,0.93,
K2-88 b,K2-88,54.7515,19.12,110.561,1.23,2.04,4.6122,2016,Transit,3537,0.256,
Kepler-615 b,Kepler-615,282.451,46.3214,330,1.74,3.68,10.3559,2016,Transit,4655,0.69,
Kepler-506 b,Kepler-506,284.635,40.7198,228.439,2.73,7.9,6.88341,2016,Transit,6236,1.19,
Kepler-668 b,Kepler-668,285.499,49.2773,784.618,2.7,7.75,8.35391,2016,Transit,5352,0.82,
Kepler-669 b,Kepler-669,291.936,49.254,2063.41,4.83,20.8,4.12555,2016,Transit,6038,1.2,
HATS-15 b,HATS-15,311.092,-19.4375,1139.55,12.386,689.691,1.74749,2016,Transit,5311,0.922,G9 V
HATS-16 b,HATS-16,358.559,-30.013,757.044,14.572,1039.3,2.6865,2016,Transit,5738,1.238,G3 V
K2-89 b,K2-89,57.0671,20.4595,86.039,0.615,0.17,1.09603,2016,Transit,3691,0.318,
K2-91 b,K2-91,63.2182,24.2047,62.578,1.1,1.37,1.41955,2016,Transit,3622,0.284,
Kepler-737 b,Kepler-737,291.863,46.4292,205.118,1.96,4.5,28.5992,2016,Transit,3813,0.48,
Kepler-670 b,Kepler-670,297.015,49.2253,939.744,13.18,,2.8165,2016,Transit,5709,0.99,
Kepler-671 b,Kepler-671,294.266,49.3141,1168.26,2.69,7.7,4.28096,2016,Transit,5624,0.95,
K2-5 c,K2-5,169.303,-1.87783,202.943,2.26,5.73,10.9324,2015,Transit,3930,0.57,K7.5 V
K2-5 b,K2-5,169.303,-1.87783,202.943,1.91,4.31,5.73594,2015,Transit,3930,0.57,K7.5 V
Kepler-223 c,Kepler-223,298.318,47.2795,1859.71,3.44,5.1,9.84564,2014,Transit,5803,1.72,
WASP-98 b,WASP-98,58.429,-34.3283,281.742,12.823,293.039,2.96264,2014,Transit,5473,0.741,G7
Kepler-223 b,Kepler-223,298.318,47.2795,1859.71,2.99,7.4,7.38449,2014,Transit,5803,1.72,
Kepler-672 b,Kepler-672,291.722,49.4808,1033.93,2.5,6.8,38.3775,2016,Transit,5627,0.92,
Kepler-571 b,Kepler-571,286.551,49.4187,723.875,2.64,7.46,4.7986,2016,Transit,5527,0.9,
K2-16 b,K2-16,175.097,4.55743,334.967,2.02,4.74,7.6188,2015,Transit,4742,0.66,K3 V
K2-16 c,K2-16,175.097,4.55743,334.967,2.54,6.99,19.0786,2015,Transit,4742,0.66,K3 V
K2-8 c,K2-8,169.794,-0.28444,403.513,2.41,6.39,5.06416,2016,Transit,4870,0.74,K3 V
Kepler-223 d,Kepler-223,298.318,47.2795,1859.71,5.24,8,14.7887,2014,Transit,5803,1.72,
Kepler-653 b,Kepler-653,282.213,46.7178,595.634,1.95,4.46,14.7075,2016,Transit,5665,1.19,
Kepler-742 b,Kepler-742,283.866,46.7897,489.253,3.24,10.6,8.36087,2016,Transit,4642,0.71,
Kepler-673 b,Kepler-673,290.786,50.0541,918.21,6.54,34.8,3.72873,2016,Transit,5355,0.84,
Kepler-154 d,Kepler-154,289.781,49.8966,915.212,3.84,14.1,20.5498,2016,Transit,5769,0.98,
HD 87646 b,HD 87646,151.67,17.895,73.584,12.4,3941.09,13.481,2016,Radial Velocity,5770,1.55,G
Kepler-80 e,Kepler-80,296.113,39.9787,369.451,1.6,4.13,4.64489,2014,Transit,4540,0.678,K5
Kepler-654 b,Kepler-654,297.068,46.8342,974.124,2.07,4.94,13.7247,2016,Transit,5865,1.11,
Kepler-148 d,Kepler-148,289.786,46.8588,791.163,8.68,56.3,51.8469,2016,Transit,5172,0.81,
Kepler-676 b,Kepler-676,296.222,50.2874,295.196,3.04,9.48,11.5982,2016,Transit,3701,0.49,
OGLE-2012-BLG-0026L b,OGLE-2012-BLG-0026L,263.578,-27.1427,4019,7.72,46.1,,2012,Microlensing,,,G5 V
WASP-85 A b,WASP-85 A,175.908,6.56378,141.887,13.899,402.055,2.65568,2016,Transit,6112,0.935,G5 V
Kepler-80 f,Kepler-80,296.113,39.9787,369.451,1.21,4459.73,0.98679,2016,Transit,4540,0.678,K5
Kepler-656 b,Kepler-656,288.328,47.3815,890.352,3.12,9.91,1.26026,2016,Transit,5281,0.82,
Kepler-655 b,Kepler-655,297.259,46.8432,752.562,2.71,7.8,46.4063,2016,Transit,6170,1.24,
Kepler-678 b,Kepler-678,295.455,50.4945,1826.15,5.14,23.1,7.27504,2016,Transit,5520,0.91,
Kepler-572 b,Kepler-572,291.221,50.5814,504.667,2.58,7.18,17.2052,2016,Transit,5212,0.79,
WASP-114 b,WASP-114,327.666,10.4629,523.337,15.009,562.241,1.54877,2016,Transit,5940,1.43,G0
WASP-113 b,WASP-113,224.873,46.9601,435.156,15.793,150.969,4.54217,2016,Transit,5890,1.608,G1
HD 59686 A b,HD 59686 A,112.952,17.0857,89.272,12.7,2199.38,299.36,2016,Radial Velocity,4658,13.2,K2 III
Kepler-679 b,Kepler-679,296.021,50.5678,922.244,3.01,9.32,12.3936,2016,Transit,5403,0.84,
Kepler-680 b,Kepler-680,291.622,50.6182,1492.48,2.42,6.44,3.68993,2016,Transit,5890,1.11,
K2-47 b,K2-47,168.583,2.78056,349.881,1.89,4.23,31.6372,2016,Transit,5054,0.76,
K2-48 b,K2-48,176.123,3.27238,313.764,2.24,5.65,20.5065,2016,Transit,4899,0.73,
Kepler-617 b,Kepler-617,283.741,47.5161,173.354,1.32,2.3,1.6827,2016,Transit,3712,0.48,M1 V
Kepler-588 b,Kepler-588,284.257,47.6889,1209.4,2.63,7.41,4.22163,2016,Transit,5835,1,
Kepler-573 b,Kepler-573,289.521,51.2374,771.471,2.79,8.2,22.1833,2016,Transit,5746,1.02,
Kepler-681 b,Kepler-681,289.4,51.2502,686.923,3.08,9.69,26.3944,2016,Transit,5021,0.76,
K2-49 b,K2-49,177.32,3.47552,457.125,1.93,4.38,2.77065,2016,Transit,4175,0.45,
K2-58 b,K2-58,333.822,-14.0499,181.746,2.68,7.65,7.05254,2016,Transit,5413,0.86,
Kepler-1600 b,Kepler-1600,291.399,38.7878,1030.81,3.13,9.96,386.371,2016,Transit,5214,0.82,
Kepler-727 b,Kepler-727,294.847,45.0344,831.842,2.53,6.94,5.15448,2016,Transit,5441,0.86,
Kepler-589 b,Kepler-589,280.641,47.7521,612.803,2.27,5.77,16.5496,2016,Transit,5296,0.83,
Kepler-660 b,Kepler-660,288.138,47.7246,568.431,2.57,7.13,9.27358,2016,Transit,4779,0.71,
K2-58 c,K2-58,333.822,-14.0499,181.746,1.62,3.26,2.53726,2016,Transit,5413,0.86,
K2-58 d,K2-58,333.822,-14.0499,181.746,1.71,3.57,22.8827,2016,Transit,5413,0.86,
Kepler-560 b,Kepler-560,300.207,45.0182,109.308,1.72,3.61,18.4776,2016,Transit,3556,0.33,
Kepler-550 b,Kepler-550,297.7,47.8637,531.944,4.42,17.9,8.6001,2016,Transit,5322,0.83,
Kepler-496 b,Kepler-496,291.641,41.2411,605.274,2.32,5.99,8.30865,2016,Transit,5293,0.82,
KELT-10 b,KELT-10,284.548,-47.0033,188.404,15.681,215.807,4.16627,2016,Transit,5948,1.209,G0 V
Kepler-712 c,Kepler-712,294.91,42.9352,872.493,4.85,21,226.89,2016,Transit,5148,0.78,
K2-59 c,K2-59,338.943,-14.0277,311.313,2.3,5.9,11.2954,2016,Transit,5055,0.731,
K2-59 b,K2-59,338.943,-14.0277,311.313,2.41,6.39,20.6921,2016,Transit,5055,0.731,
Kepler-650 b,Kepler-650,289.001,45.1543,884.378,2.96,9.06,3.03215,2016,Transit,5849,1.35,
Kepler-728 b,Kepler-728,291.092,45.1155,1765.23,3.34,11.1,5.74348,2016,Transit,5660,0.93,
Kepler-663 b,Kepler-663,297.808,47.9466,1063.09,2.6,7.27,4.99678,2016,Transit,5264,0.82,
Kepler-1629 b,Kepler-1629,280.207,43.7743,336.09,0.77,0.381,3.87596,2016,Transit,5776,1.01,
K2-64 b,K2-64,332.414,-11.4287,499.891,2.07,4.94,6.53044,2016,Transit,5312,0.726,
K2-63 b,K2-63,333.427,-12.0663,517.534,3.22,10.5,20.257,2016,Transit,6771,1.63,
Kepler-729 b,Kepler-729,286.36,45.4143,1921.15,3.58,12.5,3.16635,2016,Transit,5633,0.91,
Kepler-487 b,Kepler-487,295.287,41.222,872.343,11.42,,15.3588,2016,Transit,5444,0.88,
Kepler-618 b,Kepler-618,286.25,48.0609,1221.96,2.6,7.27,3.59577,2016,Transit,5860,1.08,
WASP-129 b,WASP-129,176.299,-42.064,301.462,10.424,317.83,5.74815,2016,Transit,5900,0.9,G1
WASP-133 b,WASP-133,314.575,-35.7966,559.084,13.563,368.683,2.17642,2016,Transit,5700,1.44,G4
K2-69 b,K2-69,335.76,-10.4887,180.697,2.32,5.99,7.06599,2016,Transit,4127,0.491,
K2-68 b,K2-68,334.02,-10.5674,168.652,1.58,3.12,8.05428,2016,Transit,4746,0.675,
Kepler-590 b,Kepler-590,296.386,48.2334,1421.81,4.02,15.2,5.85296,2016,Transit,6000,1.15,
Kepler-664 b,Kepler-664,288.755,48.2262,1210.12,2.66,7.56,2.52559,2016,Transit,5754,1.02,
MOA-2013-BLG-605L b,MOA-2013-BLG-605L,272.019,-29.7316,850,1.62,3.24,,2016,Microlensing,,,
K2-75 b,K2-75,338.845,-7.4699,561.93,2.67,7.61,7.8142,2016,Transit,5995,1.56,
K2-71 b,K2-71,341.725,-9.88161,153.192,2.15,5.27,6.98541,2016,Transit,4006,0.426,
Kepler-591 b,Kepler-591,286.024,48.4317,785.137,3.39,11.4,81.1694,2016,Transit,5677,0.94,
HATS-25 b,HATS-25,207.908,-23.7812,471.158,14.123,194.83,4.29864,2016,Transit,5715,1.107,G
HATS-26 b,HATS-26,144.927,-28.5856,861.843,19.616,206.589,3.30239,2016,Transit,6071,2.04,F
K2-80 b,K2-80,59.0375,13.559,200.802,2.01,4.7,19.0918,2016,Transit,5441,0.87,
K2-75 c,K2-75,338.845,-7.4699,561.93,2.77,8.1,18.311,2016,Transit,5995,1.56,
Kepler-736 b,Kepler-736,285.391,46.1809,1005.43,2.93,8.91,3.60147,2016,Transit,5217,0.81,
Kepler-735 b,Kepler-735,284.689,46.1721,695.059,2.95,9.01,11.5152,2016,Transit,5107,0.8,
Kepler-569 b,Kepler-569,283.507,48.5526,638.301,3.16,10.1,34.1889,2016,Transit,5616,0.93,
Kepler-592 b,Kepler-592,285.791,48.6832,1153.13,2.39,6.3,2.82019,2016,Transit,5913,1.04,
HATS-27 b,HATS-27,193.552,-46.5877,816.988,16.814,168.45,4.63704,2016,Transit,6438,1.74,F
K2-83 c,K2-83,59.9014,15.5588,125.529,1.483,2.8,9.99767,2016,Transit,3910,0.424,
K2-84 b,K2-84,55.8094,16.6344,284.876,2.41,6.39,6.4215,2016,Transit,5652,0.93,
Kepler-562 b,Kepler-562,290.12,46.2737,992.769,5.21,23.7,18.0093,2016,Transit,5575,0.9,
Kepler-651 b,Kepler-651,287.333,46.2034,509.408,2.37,6.21,21.3852,2016,Transit,5522,0.87,
Kepler-593 b,Kepler-593,294.951,48.6512,973.76,2.87,8.6,21.2171,2016,Transit,5967,1.1,
Kepler-570 b,Kepler-570,290.438,48.7919,568.148,2.45,6.57,4.30166,2016,Transit,5496,0.9,
MOA-2016-BLG-227L b,MOA-2016-BLG-227L,271.474,-27.7143,6500,13.2,890,,2017,Microlensing,,,
Kepler-1650 b,Kepler-1650,297.729,42.8667,134.397,0.96,0.84,1.53818,2017,Transit,3410,0.334,
K2-178 b,K2-178,52.8888,22.4348,214.753,3.558,12.4,8.74782,2018,Transit,5525,0.887,
K2-72 c,K2-72,334.623,-9.61201,66.432,1.16,1.65,15.189,2016,Transit,3360,0.331,
WASP-53 b,WASP-53,31.9092,-20.6618,201.338,12.038,677.614,3.30984,2017,Transit,4953,0.798,
K2-60 b,K2-60,338.606,-13.7318,491.87,7.656,135.396,3.00265,2016,Transit,5500,1.12,G4 V
Kepler-1651 b,Kepler-1651,283.628,48.3908,66.407,1.84,4.04,9.87864,2017,Transit,3713,0.503,
BD+03 2562 b,BD+03 2562,177.565,2.76011,1070.63,12.7,2034.11,481.9,2017,Radial Velocity,4095,32.35,
K2-72 e,K2-72,334.623,-9.61201,66.432,1.29,2.21,24.1589,2016,Transit,3360,0.331,
K2-72 d,K2-72,334.623,-9.61201,66.432,1.01,1.01,7.76018,2016,Transit,3360,0.331,
K2-81 b,K2-81,57.4855,14.5021,252.318,1.97,4.54,6.10233,2016,Transit,4674,0.635,
WASP-81 b,WASP-81,304.208,3.29395,398.505,16.018,231.698,2.71648,2017,Transit,5870,1.283,
HD 177565 b,HD 177565,286.718,-37.8122,16.918,4,15.1,44.505,2017,Radial Velocity,5627,0.971,G8V
MOA-2012-BLG-505L b,MOA-2012-BLG-505L,268.143,-32.0401,7210,2.48,6.7,,2017,Microlensing,,,
K2-201 c,K2-201,293.561,-23.1313,197.932,3.286,10.8,22.7799,2018,Transit,5507,0.878,
K2-201 b,K2-201,293.561,-23.1313,197.932,1.4,2.54,1.05979,2018,Transit,5507,0.878,
GJ 1148 b,GJ 1148,175.433,42.7516,11.014,11.9,96.7,41.38,2010,Radial Velocity,3287,0.359,M5
HD 17674 b,HD 17674,42.7685,30.2866,44.426,13.9,276.512,623.8,2017,Radial Velocity,5904,1.18,G0 V
HATS-22 b,HATS-22,174.01,-29.5434,229.518,10.682,870.854,4.72281,2017,Transit,4803,0.689,K V
TYC 4282-00605-1 b,TYC 4282-00605-1,343.872,62.2392,464.128,12.4,3426.21,101.54,2017,Radial Velocity,4300,16.21,
K2-206 b,K2-206,11.2564,0.59319,244.443,2.795,8.22,18.2946,2018,Transit,5043,0.758,
K2-207 b,K2-207,11.6997,0.64062,363.064,2.606,7.3,12.4875,2018,Transit,5522,0.928,
K2-132 b,K2-132,182.166,-8.74722,609.818,14.572,155.737,9.1751,2017,Transit,4840,3.85,
WASP-153 b,WASP-153,279.262,40.0187,610.176,17.374,123.954,3.33261,2017,Transit,5914,1.73,G0
HATS-23 b,HATS-23,286.367,-50.0673,639.004,20.849,467.21,2.16052,2017,Transit,5780,1.199,G V
HD 219134 b,HD 219134,348.337,57.1696,6.531,1.602,4.74,3.09293,2015,Radial Velocity,4699,0.778,K3 V
HD 40956 b,HD 40956,91.6628,63.4539,116.593,13.2,858.141,578.6,2017,Radial Velocity,4869,8.56,K0
Ross 128 b,Ross 128,176.938,0.79929,3.375,1.11,1.4,9.8658,2017,Radial Velocity,3192,0.197,M4
K2-219 b,K2-219,12.8453,8.86755,325.4,1.348,2.38,3.90129,2018,Transit,5753,1.189,
OGLE-2013-BLG-1721L b,OGLE-2013-BLG-1721L,268.127,-30.2927,6300,14.1,200,,2017,Microlensing,,,
HD 34445 c,HD 34445,79.4207,7.35272,46.091,8.42,53.5,214.67,2017,Radial Velocity,5836,1.38,G0 V
HD 219134 d,HD 219134,348.337,57.1696,6.531,1.61,16.17,46.859,2015,Radial Velocity,4699,0.778,K3 V
HD 219134 f,HD 219134,348.337,57.1696,6.531,1.31,7.3,22.717,2015,Radial Velocity,4699,0.778,K3 V
OGLE-2016-BLG-1190L b,OGLE-2016-BLG-1190L,269.718,-27.6136,6770,12.3,4253,1220,2017,Microlensing,,,
HD 113996 b,HD 113996,196.795,27.6244,116.334,12.7,2002.33,610.2,2017,Radial Velocity,4181,25.11,K5 III
K2-213 b,K2-213,13.1404,3.50777,389.702,1.514,2.9,8.13087,2018,Transit,5794,1.204,
K2-215 b,K2-215,18.4701,6.12386,403.964,2.124,5.16,8.26965,2018,Transit,5704,0.974,
HD 34445 d,HD 34445,79.4207,7.35272,46.091,6.07,30.7,117.87,2017,Radial Velocity,5836,1.38,G0 V
HD 34445 g,HD 34445,79.4207,7.35272,46.091,13.6,120.6,5700,2017,Radial Velocity,5836,1.38,G0 V
Kepler-20 g,Kepler-20,287.698,42.3386,282.563,4.71,19.96,34.94,2016,Radial Velocity,5495,0.964,
NGC 2682 Sand 978 b,NGC 2682 Sand 978,132.823,11.7563,821.918,13.3,692.869,511.21,2017,Radial Velocity,4200,21.017,K4 III
Kepler-80 g,Kepler-80,296.113,39.9787,369.451,1.13,0.065,14.6456,2017,Transit,4540,0.678,K5
K2-217 b,K2-217,11.2984,6.48159,381.878,3.579,12.5,14.0745,2018,Transit,5967,1.334,
K2-218 b,K2-218,12.8096,6.84643,394.083,2.569,7.13,8.67989,2018,Transit,5757,1.008,
GJ 3293 c,GJ 3293,67.1484,-25.1713,20.19,4.87,21.09,122.62,2015,Radial Velocity,3466,0.404,M2.5
GJ 3293 b,GJ 3293,67.1484,-25.1713,20.19,5.19,23.54,30.5987,2015,Radial Velocity,3466,0.404,M2.5
Wolf 1061 b,Wolf 1061,247.575,-12.6677,4.306,1.21,1.91,4.8869,2015,Radial Velocity,3342,0.307,M3.5
K2-80 d,K2-80,59.0375,13.559,200.802,2.552,7.04,28.8672,2018,Transit,5377,0.841,
Kepler-1652 b,Kepler-1652,294.366,49.915,252,1.6,3.19,38.0972,2017,Transit,3638,0.382,
Wolf 1061 c,Wolf 1061,247.575,-12.6677,4.306,1.66,3.41,17.8719,2015,Radial Velocity,3342,0.307,M3.5
PSR J2322-2650 b,PSR J2322-2650,350.644,-26.8495,230,13.9,252.643,0.32296,2017,Pulsar Timing,,,
HATS-50 b,HATS-50,300.428,-26.0776,756.742,12.666,123.954,3.8297,2017,Transit,5990,1.117,
tau Cet f,tau Cet,26.0093,-15.9338,3.603,1.81,3.93,636.13,2017,Radial Velocity,5310,0.83,G8.5V
WASP-91 b,WASP-91,357.846,-70.1529,149.942,11.545,425.892,2.79858,2017,Transit,4920,0.86,K3
HD 9174 b,HD 9174,22.5043,-19.6053,81.489,13.7,352.791,1179,2016,Radial Velocity,5577,1.67,G8 IV
HD 68402 b,HD 68402,121.347,-74.4101,78.429,12.6,2510.84,1103,2016,Radial Velocity,5950,1.02,G5 IV/V
GJ 3138 b,GJ 3138,32.2977,-16.3392,28.471,1.18,1.78,1.22003,2017,Radial Velocity,3717,0.5,M0
MOA-2012-BLG-006L b,MOA-2012-BLG-006L,270.443,-29.1088,5300,12.6,2700,,2017,Microlensing,,,
WASP-105 b,WASP-105,24.1679,-50.6593,169.272,10.761,572.094,7.87288,2017,Transit,5070,0.9,K2
HD 147873 c,HD 147873,246.438,-33.5672,109.055,13.3,731.009,491.54,2016,Radial Velocity,5972,2.29,G1 V
HD 128356 b,HD 128356,219.27,-25.8032,26.155,13.9,282.869,298.2,2016,Radial Velocity,4875,0.85,K3 V
GJ 3138 d,GJ 3138,32.2977,-16.3392,28.471,3.23,10.5,257.8,2017,Radial Velocity,3717,0.5,M0
TYC 3318-01333-1 b,TYC 3318-01333-1,45.5826,49.7441,490.61,13.1,1086.98,562,2018,Radial Velocity,4776,5.9,
GJ 625 b,GJ 625,246.356,54.3034,6.472,1.49,2.82,14.628,2017,Radial Velocity,3499,0.31,M2
GJ 3323 c,GJ 3323,75.4869,-6.94851,5.375,1.32,2.31,40.54,2017,Radial Velocity,3159,0.119,M4
BD+48 740 b,BD+48 740,40.7425,48.9301,666.589,13.5,540.311,733,2018,Radial Velocity,4534,10.33,K3 III
K2-21 b,K2-21,340.304,-14.4893,83.645,1.84,4.04,9.32504,2015,Transit,4222,0.647,M0.0
K2-4 b,K2-4,174.746,-3.90557,231.828,2.1,5.06,10.0034,2015,Transit,4015,0.569,
K2-21 c,K2-21,340.304,-14.4893,83.645,2.49,6.76,15.5019,2015,Transit,4222,0.647,M0.0
WASP-141 b,WASP-141,71.8244,-17.1152,516.543,13.563,854.963,3.31065,2016,Transit,5900,1.37,F9
K2-31 b,K2-31,245.441,-23.5483,110.527,11.882,563.83,1.25785,2016,Transit,5280,0.78,G7 V
GJ 3293 e,GJ 3293,67.1484,-25.1713,20.19,1.63,3.28,13.2543,2017,Radial Velocity,3466,0.404,M2.5
GJ 3293 d,GJ 3293,67.1484,-25.1713,20.19,2.67,7.6,48.1345,2017,Radial Velocity,3466,0.404,M2.5
K2-149 b,K2-149,9.82175,7.27699,123.676,1.64,3.33,11.332,2018,Transit,3745,0.568,M1.0 V
KELT-21 b,KELT-21,304.8,32.581,470.878,17.777,1242.71,3.61276,2018,Transit,7598,1.638,A8 V
K2-125 b,K2-125,204.142,-14.9478,124.156,2.18,5.39,21.7503,2017,Transit,3654,0.402,
V830 Tau b,V830 Tau,68.2918,24.5619,130.111,14,222.481,4.927,2016,Radial Velocity,4250,2,
HATS-31 b,HATS-31,191.703,-24.4274,773.974,18.383,279.69,3.37796,2016,Transit,6050,1.87,
Kepler-150 f,Kepler-150,288.234,40.5209,891.092,3.64,12.9,637.209,2017,Transit,5528,0.905,
Qatar-3 b,Qatar-3,359.152,36.213,735.601,12.285,1369.85,2.50792,2017,Transit,6007,1.272,G0 V
K2-160 b,K2-160,184.055,-3.55309,315.363,3.178,10.2,3.70587,2018,Transit,5649,0.914,
K2-128 b,K2-128,204.438,-8.59709,114.637,1.42,2.6,5.67582,2017,Transit,4470,0.778,
HATS-34 b,HATS-34,0.77449,-62.4693,508.842,16.029,299.078,2.10616,2016,Transit,5380,0.98,
KELT-18 b,KELT-18,216.524,59.4443,321.376,17.598,375.039,2.87175,2017,Transit,6670,1.908,F4 V
K2-163 b,K2-163,182.329,-0.53934,208.529,2.466,6.65,6.67312,2018,Transit,4937,0.762,
K2-165 b,K2-165,184.9,0.96833,134.591,1.274,2.17,2.35499,2018,Transit,5185,0.804,
K2-35 c,K2-35,170.103,1.28587,252.596,1.93,4.38,5.60835,2016,Transit,4403,0.62,K4 V
HATS-35 b,HATS-35,296.688,-63.5656,514.555,16.41,388.388,1.821,2016,Transit,6300,1.433,
OGLE-2016-BLG-1195L b,OGLE-2016-BLG-1195L,268.848,-30.2072,3910,1.11,1.43,,2017,Microlensing,,,
K2-175 b,K2-175,52.5035,17.5841,247.266,2.038,4.81,9.52599,2018,Transit,5909,1.42,
K2-165 c,K2-165,184.9,0.96833,134.591,1.554,3.03,4.38274,2018,Transit,5185,0.804,
K2-116 b,K2-116,336.152,-11.5793,49.386,0.69,0.257,4.65541,2017,Transit,4348,0.669,
K2-102 b,K2-102,130.056,19.7787,188.175,1.3,2.24,9.91562,2016,Transit,4695,0.71,K5
XO-6 b,XO-6,94.793,73.8276,235.479,23.203,1398.45,3.765,2016,Transit,6720,1.93,F5
HD 6434 b,HD 6434,16.1663,-39.4905,42.358,14.2,155.737,21.998,2003,Radial Velocity,5769,1.12,G2/3 V
HD 68988 b,HD 68988,124.594,61.4609,60.845,13.4,626.125,6.27711,2001,Radial Velocity,5932,1.19,G2 V
HD 220074 b,HD 220074,350.06,61.9701,324.54,12.2,5288.69,672.1,2012,Radial Velocity,3787,54.92,M2 III
WASP-58 b,WASP-58,274.701,45.1722,290.404,16.029,308.295,5.01718,2012,Transit,5800,1.22,G2 V
K2-231 b,K2-231,289.092,-15.7712,321.215,2.5,6.8,13.8419,2018,Transit,5695,0.95,
HATS-39 b,HATS-39,112.419,-29.9379,878.521,17.598,200.233,4.57763,2018,Transit,6572,1.621,
HD 137388 b,HD 137388,233.915,-80.2044,40.484,9.32,63.566,330,2011,Radial Velocity,5181,0.88,K2 IV
HD 13931 b,HD 13931,34.198,43.7722,47.396,13.2,889.92,4218,2009,Radial Velocity,5867,1.25,G0
HD 7199 b,HD 7199,17.6979,-66.1887,36.153,,3639.14,615,2011,Radial Velocity,5371,0.97,K1 IV
HD 75289 b,HD 75289,131.918,-41.7378,29.116,14.2,155.737,3.50927,1999,Radial Velocity,6117,1.23,G0
WASP-72 b,WASP-72,41.0401,-30.1691,434.754,14.46,731.009,2.21673,2012,Transit,6250,2.18,F7
HATS-40 b,HATS-40,100.571,-29.7768,1342.29,17.71,505.35,3.26427,2018,Transit,6460,2.26,
HATS-41 b,HATS-41,103.517,-27.0504,737.668,14.908,3082.95,4.19365,2018,Transit,6424,1.71,
HD 142022 A b,HD 142022 A,242.548,-84.2318,34.28,12.9,1433.41,1928,2005,Radial Velocity,5421,1.04,G9 IV-V
HD 145377 b,HD 145377,242.902,-27.0781,53.488,12.8,1913.34,103.95,2008,Radial Velocity,6014,1.05,G3 V
HD 76700 b,HD 76700,133.478,-66.8005,60.883,9.6,66.744,3.97097,2002,Radial Velocity,5644,1.37,G6 V
HD 82886 b,HD 82886,143.938,34.7806,127.061,13.3,740.544,705,2011,Radial Velocity,4953,5.26,G0
HD 24040 b,HD 24040,57.5962,17.4753,46.622,12.9,1589.14,3668,2006,Radial Velocity,5802,1.3,G0 V
HD 222155 b,HD 222155,354.503,48.996,50.608,13.4,581.626,3999,2011,Radial Velocity,5701,1.85,G2 V
HD 158996 b,HD 158996,259.905,80.1364,283.659,12.3,4449.62,820.2,2018,Radial Velocity,4069,50.3,K5 III
KPS-1 b,KPS-1,165.167,64.9638,262.706,11.545,346.435,1.70629,2018,Transit,5165,0.907,K1 V
HD 154672 b,HD 154672,257.521,-56.4498,63.048,12.8,1706.75,163.94,2008,Radial Velocity,5743,1.32,G3 IV
KELT-6 b,KELT-6,195.982,30.6401,240.726,14.572,165.272,7.8457,2014,Transit,6102,1.73,F8
HAT-P-49 b,HAT-P-49,305.441,26.6927,350.351,17.822,699.226,2.69155,2014,Transit,6820,2.06,F3
K2-155 c,K2-155,65.4696,21.3533,72.8,2.6,7.27,13.85,2018,Transit,4258,0.58,K7
HD 158038 b,HD 158038,261.44,27.3031,94.862,13.5,486.28,521,2011,Radial Velocity,4860,4.5,K0
HR 810 b,HR 810,40.6417,-50.7993,17.318,12.7,1970.54,302.8,1999,Radial Velocity,6167,1.13,G0V
BD-13 2130 b,BD-13 2130,114.288,-13.9067,925.214,12.5,3108.38,714.3,2007,Radial Velocity,4545,19.17,G5 IV/V
HD 285507 b,HD 285507,61.7557,15.3349,45.029,13.8,311.473,6.0881,2013,Radial Velocity,4503,0.69,K4.5 V
WASP-117 b,WASP-117,36.7758,-50.2844,157.963,11.882,95.349,10.0216,2014,Transit,6040,1.22,F9
K2-155 d,K2-155,65.4696,21.3533,72.8,1.9,4.27,40.718,2018,Transit,4258,0.58,K7
HD 16175 b,HD 16175,39.2577,42.0624,59.859,12.8,1875.19,990,2009,Radial Velocity,5981,1.72,G2
HD 16141 b,HD 16141,38.8324,-3.56249,37.786,10.9,82.636,75.523,2000,Radial Velocity,5757,1.48,G5 IV
WASP-11 b,WASP-11,47.3689,30.6734,124.73,12.442,251.086,3.72247,2008,Transit,4800,0.89,K3 V
WASP-13 b,WASP-13,140.103,33.8823,227.537,13.675,114.419,4.35301,2009,Transit,5950,1.37,
WASP-95 b,WASP-95,337.458,-48.0031,137.544,13.787,457.675,2.18467,2014,Transit,5830,1.23,G2
WASP-97 b,WASP-97,24.6051,-55.772,151.068,12.778,432.249,2.07276,2014,Transit,5640,1.08,G5
11 UMi b,11 UMi,229.275,71.8239,125.321,12.3,4684.81,516.22,2009,Radial Velocity,4213,29.79,K4 III
BD-08 2823 b,BD-08 2823,150.197,-9.51657,41.334,,2948.49,5.6,2009,Radial Velocity,4816,0.71,K3 V
HD 1690 b,HD 1690,5.30559,-8.28114,752.615,12.5,2793.73,533,2010,Radial Velocity,4374,21.66,K1 III
WASP-14 b,WASP-14,218.277,21.8947,161.997,15.468,2809.62,2.24375,2008,Transit,6475,1.4,
WASP-101 b,WASP-101,98.3511,-23.4861,201.224,16.029,162.093,3.58572,2014,Transit,6380,1.31,F6
BD-10 3166 b,BD-10 3166,164.619,-10.7704,84.407,14.1,187.52,3.48777,2000,Radial Velocity,5393,0.91,K0 V
GJ 86 b,GJ 86,32.6225,-50.821,10.784,12.9,1404.81,15.7649,1999,Radial Velocity,5182,0.77,K1V
WASP-22 b,WASP-22,52.818,-23.8198,317.652,13.787,212.946,3.53269,2010,Transit,6000,1.24,G1 V
HD 95127 b,HD 95127,164.896,43.8144,676.579,12.4,3378.53,482,2015,Radial Velocity,4218,41.01,K0
WASP-82 b,WASP-82,72.6606,1.89384,275.664,18.159,371.861,2.70579,2015,Transit,6480,2.1,F5
HD 204941 b,HD 204941,323.097,-20.958,28.716,10.1,73.101,1733,2011,Radial Velocity,5026,0.78,K1/2V
WASP-29 b,WASP-29,357.879,-39.9071,87.595,8.631,73.101,3.92273,2010,Transit,4800,0.79,
WASP-26 b,WASP-26,4.60304,-15.2674,252.759,13.563,270.156,2.7566,2010,Transit,6034,1.22,G0
K2-164 b,K2-164,171.934,-0.06285,375.67,3.249,10.6,17.3551,2018,Transit,5791,2.196,
K2-169 b,K2-169,337.044,-14.5993,235.867,1.273,2.16,6.3808,2018,Transit,5548,0.919,
HAT-P-22 b,HAT-P-22,155.681,50.1287,81.765,12.89,785.04,3.21222,2010,Transit,5302,1.11,G5 V
HAT-P-24 b,HAT-P-24,108.825,14.2626,415.344,14.572,238.373,3.35524,2010,Transit,6373,1.38,F8
HD 212301 b,HD 212301,336.88,-77.7183,54.23,14.2,162.093,2.24571,2005,Radial Velocity,6239,1.16,F8 V
WASP-38 b,WASP-38,243.96,10.0324,136.24,13.787,1093.34,6.87188,2010,Transit,6180,1.52,F8 V
K2-170 b,K2-170,335.451,-14.5934,392.872,1.418,2.6,7.57654,2018,Transit,5748,0.982,
K2-171 b,K2-171,332.341,-13.4289,606.128,2.687,7.69,5.62847,2018,Transit,5250,1.717,
HAT-P-29 b,HAT-P-29,33.1311,51.7788,313.576,13.115,279.69,5.72319,2011,Transit,6087,1.3,F8
HD 213240 b,HD 213240,337.751,-49.4341,40.871,12.8,1655.89,882.7,2001,Radial Velocity,5979,1.51,G0/1 V
HD 215497 b,HD 215497,341.653,-56.5998,40.547,,1588.82,3.93404,2009,Radial Velocity,5110,0.85,K3 V
WASP-41 b,WASP-41,190.619,-30.6398,163.371,12.33,270.156,3.0524,2011,Transit,5545,0.83,
WASP-48 b,WASP-48,291.162,55.473,454.144,16.814,254.264,2.14363,2011,Transit,5920,1.58,
K2-172 b,K2-172,335.308,-12.557,249.742,1.666,3.42,14.3169,2018,Transit,5569,0.869,
K2-172 c,K2-172,335.308,-12.557,249.742,3.206,10.4,29.6268,2018,Transit,5569,0.869,
K2-190 b,K2-190,205.363,-13.1609,160.679,1.357,2.41,10.0989,2018,Transit,5631,0.912,
HAT-P-5 b,HAT-P-5,274.406,36.6215,303.336,13.563,311.473,2.78849,2007,Transit,5960,1.12,G
HAT-P-6 b,HAT-P-6,354.774,42.466,275.358,16.589,419.536,3.85298,2007,Transit,6570,1.62,
HD 218566 b,HD 218566,347.297,-2.26116,28.827,9.32,63.566,225.7,2010,Radial Velocity,4730,0.85,K3V
HD 240237 b,HD 240237,348.926,58.0432,933.377,12.2,5050.32,745.7,2011,Radial Velocity,3926,71.23,K2 III
XO-1 b,XO-1,240.549,28.1696,163.553,12.778,263.799,3.94153,2006,Transit,5750,0.88,G1 V
XO-4 b,XO-4,110.388,58.2681,272.655,14.011,451.319,4.12508,2010,Transit,6397,1.45,F5 V
K2-191 b,K2-191,201.639,-12.8067,287.188,1.579,3.12,2.85865,2018,Transit,5176,0.84,
K2-200 b,K2-200,202.251,-4.61005,184.131,1.364,2.43,2.84988,2018,Transit,5233,0.792,
HD 101930 b,HD 101930,175.876,-58.0054,30.027,10.6,79.457,70.46,2005,Radial Velocity,5108,0.86,K1 V
HD 2638 b,HD 2638,7.499,-5.76496,54.962,14.3,133.489,3.4442,2005,Radial Velocity,5186,0.94,K1 V
HD 30562 b,HD 30562,72.153,-5.67512,26.16,13.6,467.208,1157,2009,Radial Velocity,5882,1.61,G2 IV
KELT-2 A b,KELT-2 A,92.664,30.9571,134.058,15.132,540.311,4.11379,2012,Transit,6327,1.93,F8
Pr0201 b,Pr0201,130.432,20.2268,180.64,14.2,171.628,4.4264,2012,Radial Velocity,6174,1.15,
K2-173 b,K2-173,60.3752,15.6251,228.641,1.608,3.22,5.8687,2018,Transit,5580,0.843,
HD 102195 b,HD 102195,176.425,2.82099,29.339,14.2,130.31,4.11377,2006,Radial Velocity,5301,0.82,K0 V
HD 102117 b,HD 102117,176.21,-58.704,39.579,8.47,54.031,20.8133,2005,Radial Velocity,5655,1.23,G6 V
HD 330075 b,HD 330075,237.405,-49.9639,45.299,14.3,152.558,3.38773,2004,Radial Velocity,5000,0.84,K1
HD 34445 b,HD 34445,79.4207,7.35272,46.091,13.9,260.621,1049,2009,Radial Velocity,5879,1.38,G0 V
HD 77338 b,HD 77338,135.302,-25.5282,45.935,4.12,15.9,5.7361,2012,Radial Velocity,5341,0.97,K0 IV
HAT-P-40 b,HAT-P-40,335.513,45.4573,464.469,17.038,152.558,4.45724,2012,Transit,6080,1.94,
HD 215152 c,HD 215152,340.838,-6.40207,21.597,,468.797,7.28243,2018,Radial Velocity,4935,0.73,K3 V
HD 215152 d,HD 215152,340.838,-6.40207,21.597,,770.416,10.865,2018,Radial Velocity,4935,0.73,K3 V
HD 103197 b,HD 103197,178.22,-50.2928,57.146,5.83,28.605,47.84,2011,Radial Velocity,5250,0.88,K1 V(P)
HD 108874 b,HD 108874,187.613,22.8794,59.517,13.6,451.319,394.481,2002,Radial Velocity,5600,1.05,G5
HD 40979 b,HD 40979,91.1253,44.2598,34.088,12.9,1484.27,264.15,2002,Radial Velocity,6165,1.21,F8 V
HD 4203 b,HD 4203,11.1722,20.4484,81.379,13.3,708.761,431.88,2001,Radial Velocity,5596,1.42,G5
WASP-49 b,WASP-49,91.0897,-16.9654,194.553,12.442,117.597,2.78174,2012,Transit,5600,0.97,G6 V
UKIRT-2017-BLG-001L b,UKIRT-2017-BLG-001L,266.654,-29.2114,6300,13.7,407,,2018,Microlensing,,,
HD 121504 b,HD 121504,209.32,-56.0404,41.659,13.6,479.923,63.33,2003,Radial Velocity,6027,1.07,G2 V
HD 47186 b,HD 47186,99.0367,-27.6234,37.457,5.02,22.248,4.0845,2008,Radial Velocity,5657,1.08,G6 V
WASP-66 b,WASP-66,158.225,-34.9899,500.258,15.693,746.9,4.08605,2012,Transit,6600,1.76,
WASP-67 b,WASP-67,295.744,-19.9497,189.469,12.89,136.667,4.61442,2012,Transit,5200,0.88,
K2-197 b,K2-197,202.393,-7.37398,247.637,2.56,7.08,8.35788,2018,Transit,5667,0.93,
HD 185269 b,HD 185269,294.299,28.4995,51.992,13.8,321.008,6.83776,2006,Radial Velocity,5923,2,G0 IV
HD 181342 b,HD 181342,290.267,-23.6197,120.391,13.2,807.288,564.1,2009,Radial Velocity,4945,4.71,K0 III
K2-240 b,K2-240,227.849,-17.8755,72.91,2,4.66,6.034,2018,Transit,3810,0.54,M0.5 V
CoRoT-20 c,CoRoT-20,97.7204,0.22689,844.061,12.2,5403.11,1675,2018,Radial Velocity,5880,1.02,G2 V
HD 89345 b,HD 89345,154.671,10.1288,132.345,7.398,34.961,11.8143,2018,Transit,5576,1.747,G5
WASP-158 b,WASP-158,4.14635,-10.9764,524.993,11.994,886.746,3.65633,2018,Transit,6350,1.39,F6 V
HD 200964 b,HD 200964,316.666,3.80334,72.592,13.5,508.21,606.3,2010,Radial Velocity,4982,4.92,G8 IV
K2-238 b,K2-238,347.704,-7.85756,537.963,14.572,273.334,3.20466,2018,Transit,5630,1.59,G2 V
WASP-162 b,WASP-162,168.293,-17.6578,310.841,11.209,1652.72,9.62468,2018,Transit,5300,1.11,K0
WASP-168 b,WASP-168,96.7446,-46.8214,303.941,16.814,133.489,4.15366,2018,Transit,6000,1.12,F9 V
HD 28678 b,HD 28678,67.8561,4.57525,189.908,13.5,490.094,380.2,2011,Radial Velocity,4972,6.48,G8 IV
HD 30856 b,HD 30856,72.5745,-24.3689,131.199,13.5,491.683,847,2011,Radial Velocity,4895,4.4,K0 III
OGLE-2014-BLG-1722L c,OGLE-2014-BLG-1722L,268.752,-31.4691,6400,11,83.7,,2018,Microlensing,,,
K2-244 b,K2-244,183.469,-3.83181,212.902,1.75,3.71,21.0688,2018,Transit,5677,0.92,
K2-266 b,K2-266,157.936,0.93728,77.559,3.3,11.268,0.65852,2018,Transit,4285,0.703,
K2-266 c,K2-266,157.936,0.93728,77.559,0.705,0.29,7.814,2018,Transit,4285,0.703,
WASP-173 A b,WASP-173 A,354.169,-34.6113,232.98,13.451,1172.79,1.38665,2018,Transit,5800,1.11,G3
OGLE-2011-BLG-0173L b,OGLE-2011-BLG-0173L,269.316,-28.2339,6100,9.01,60,,2018,Microlensing,,,
HD 5319 b,HD 5319,13.7558,0.78934,121.405,13.5,494.543,637.1,2007,Radial Velocity,4871,4.06,G5
K2-159 b,K2-159,180.541,-3.58091,170.998,2.26,5.73,12.4221,2018,Transit,5425,0.83,
K2-266 e,K2-266,157.936,0.93728,77.559,2.73,14.3,19.482,2018,Transit,4285,0.703,
K2-266 d,K2-266,157.936,0.93728,77.559,2.93,8.9,14.697,2018,Transit,4285,0.703,
WASP-147 b,WASP-147,359.192,-22.1532,436.098,12.498,87.403,4.60273,2018,Transit,5702,1.429,G4
WASP-160 B b,WASP-160 B,87.6796,-27.6233,288.326,12.218,88.357,3.7685,2018,Transit,5298,0.868,K0 V
HD 95089 c,HD 95089,164.699,1.72901,136.957,13.1,1096.51,1785,2016,Radial Velocity,4918,5.08,G8/K0 IV
K2-166 b,K2-166,185.188,2.28238,476.882,2.19,5.43,8.52695,2018,Transit,5960,1.61,
HATS-36 b,HATS-36,291.479,-23.2028,856.436,12.92,1022.14,4.17519,2018,Transit,5950,1.1,G0 V
WASP-165 b,WASP-165,357.581,-17.0776,602.236,14.123,209.132,3.46551,2018,Transit,5599,1.75,G6
HD 96063 b,HD 96063,166.185,-2.5133,140.065,13.7,403.644,362.5,2011,Radial Velocity,5020,4.75,G6 V
K2-228 b,K2-228,187.295,-6.8342,129.46,1.21,1.92,2.69828,2018,Transit,4715,0.65,
K2-283 b,K2-283,13.1944,9.69292,402.915,3.52,12.2,1.92104,2018,Transit,5060,0.82,
K2-151 b,K2-151,19.3048,9.50127,69.48,1.49,2.83,3.83548,2018,Transit,3695,0.45,M1.5 V
K2-281 b,K2-281,16.2275,7.26922,458.139,8.18,50.9,8.68772,2018,Transit,4812,0.76,
K2-216 b,K2-216,11.4802,6.34703,115.461,1.75,8,2.1748,2018,Transit,4503,0.72,K5 V
HD 5319 c,HD 5319,13.7558,0.78934,121.405,13.8,334.675,872.2,2014,Radial Velocity,4871,4.06,G5
K2-230 b,K2-230,191.363,-6.57605,540.773,1.96,4.5,2.86041,2018,Transit,5945,1.39,
K2-188 b,K2-188,129.814,23.3574,446.821,1.35,2.39,1.74217,2018,Transit,5977,1.19,
GJ 96 b,GJ 96,35.5624,47.8802,11.931,4.67,19.66,73.94,2018,Radial Velocity,3785,0.581,M2
KMT-2016-BLG-1820L b,KMT-2016-BLG-1820L,268.765,-29.5169,6260,12.9,1450,,2018,Microlensing,,,
HD 94834 b,HD 94834,164.313,24.1429,98.161,13.7,400.466,1576,2018,Radial Velocity,4798,4.2,K0
K2-153 b,K2-153,183.809,2.02088,143.125,2,4.66,7.51574,2018,Transit,3845,0.53,M3.0 V
HATS-11 b,HATS-11,289.401,-22.39,944.603,18.03,263.799,3.61919,2016,Transit,6563,1.54,G0
KMT-2016-BLG-2142L b,KMT-2016-BLG-2142L,268.112,-29.3846,7010,12.2,4923,,2018,Microlensing,,,
MOA-2015-BLG-337L b,MOA-2015-BLG-337L,271.949,-28.1703,7100,6.42,33.7,,2018,Microlensing,,,
K2-241 b,K2-241,181.239,-6.8053,149.464,2.55,7.04,26.8199,2018,Transit,5262,0.75,
K2-117 c,K2-117,133.856,10.4692,101.632,2.06,4.9,5.44402,2017,Transit,3778,0.51,M1.0 V
K2-284 b,K2-284,79.1408,20.2549,107.272,2.78,8.15,4.79507,2018,Transit,4140,0.607,
MOA-2016-BLG-319L b,MOA-2016-BLG-319L,268.742,-29.7505,6800,14.1,200,,2018,Microlensing,,,
HD 12648 b,HD 12648,34.7481,85.7365,182.192,13.4,622.947,133.6,2015,Radial Velocity,4835,11.02,G5
K2-243 b,K2-243,181.121,-4.89914,266.864,2.17,5.35,11.5418,2018,Transit,6570,1.39,
K2-117 b,K2-117,133.856,10.4692,101.632,2.03,4.78,1.2916,2017,Transit,3778,0.51,M1.0 V
K2-312 c,HD 80653,140.339,14.3679,109.86,12.8,1681.31,871.32,2023,Radial Velocity,5959,1.199,G0 V
K2-245 b,K2-245,185.182,-1.59091,456.064,4.34,17.4,11.8931,2018,Transit,5793,1.25,
K2-270 c,K2-270,131.267,13.5497,280.518,2.95,9.01,4.40003,2018,Transit,4877,0.77,
HATS-59 b,HATS-59,170.324,-22.3882,642.884,12.621,256.171,5.41608,2018,Transit,5670,1.036,
KELT-15 b,KELT-15,117.415,-52.1204,324.683,19.504,416.357,3.32944,2016,Transit,6003,1.78,
K2-247 b,K2-247,188.894,-10.0693,258.113,2.12,5.14,2.25021,2018,Transit,4667,0.69,
EPIC 211945201 b,EPIC 211945201,136.574,19.4021,181.69,5.76,11,19.4922,2018,Transit,6069,1.39,G0
CoRoT-21 b,CoRoT-21,101.053,-0.29915,1398.83,14.572,718.296,2.72474,2012,Transit,6200,1.95,F8 IV
70 Vir b,70 Vir,202.106,13.7763,17.901,12.6,2380.45,116.688,1996,Radial Velocity,5495,1.89,G5V
K2-39 b,K2-39,338.368,-9.02294,307.47,6.277,28.605,4.60543,2016,Transit,4881,2.97,
K2-248 b,K2-248,182.817,-9.41417,406.254,2.57,7.13,7.17256,2018,Transit,5528,0.92,
K2-276 b,K2-276,125.953,22.6339,488.152,3.77,13.7,18.7183,2018,Transit,5139,0.85,
HD 102956 b,HD 102956,177.844,57.6407,121.89,13.8,305.117,6.4947,2010,Radial Velocity,4985,4.55,G5
HD 108863 b,HD 108863,187.583,21.9481,164.742,13.3,767.242,437.7,2011,Radial Velocity,4878,5.74,K0
HATS-46 b,HATS-46,6.70264,-56.3161,453.808,10.122,54.985,4.74237,2018,Transit,5495,0.853,
HATS-7 b,HATS-7,208.857,-21.2079,240.707,6.311,38.14,3.18532,2015,Transit,4985,0.815,K2
K2-252 b,K2-252,182.366,-8.30961,228.839,1.74,3.68,13.8151,2018,Transit,5152,0.82,
K2-188 c,K2-188,129.814,23.3574,446.821,2.83,8.4,7.81025,2018,Transit,5977,1.19,
HD 131496 b,HD 131496,223.346,18.2353,131.849,13.4,572.094,896,2011,Radial Velocity,4846,4.44,K0
HD 1502 b,HD 1502,4.82144,14.0547,190.953,13.2,874.033,428.5,2011,Radial Velocity,4947,4.67,K0
NGTS-3 A b,NGTS-3 A,94.4448,-35.7064,743.972,16.589,756.435,1.67537,2018,Transit,5600,0.93,G6 V
K2-254 b,K2-254,185.551,-4.71729,227.775,1.63,3.29,4.09639,2018,Transit,4629,0.67,
K2-192 b,K2-192,206.582,-11.5564,221.753,1.52,2.92,4.16282,2018,Transit,5222,0.81,
K2-239 c,K2-239,160.594,4.44138,31.085,1,0.972,7.775,2018,Transit,3420,0.36,M3.0 V
K2-258 b,K2-258,187.631,-1.16092,661.873,3,9.27,19.0921,2018,Transit,6351,1.31,
HD 70642 b,HD 70642,125.366,-39.7044,29.276,13,1239.53,2124.54,2003,Radial Velocity,5732,0.984,G6 V
HATS-69 b,HATS-69,289.297,-60.8918,414.537,10.593,183.388,2.22526,2018,Transit,5137,0.878,
HD 202696 b,HD 202696,319.225,27.2583,188.546,,634.389,517.8,2019,Radial Velocity,5040,6.43,K0 III-IV
HD 202696 c,HD 202696,319.225,27.2583,188.546,,592.435,946.6,2019,Radial Velocity,5040,6.43,K0 III-IV
KMT-2017-BLG-1038L b,KMT-2017-BLG-1038L,266.171,-25.143,6000,13.4,640,,2019,Microlensing,,,
HD 117618 b,HD 117618,203.107,-47.2719,37.778,8.59,55.302,25.8,2004,Radial Velocity,5990,1.2,G2 V
NGTS-4 b,NGTS-4,89.5989,-30.8118,280.555,3.18,20.6,1.33735,2019,Transit,5143,0.84,
K2-295 b,K2-295,19.6101,6.81673,232.801,10.054,106.473,4.02487,2018,Transit,4444,0.7,K5 V
HIP 79098 AB b,HIP 79098 AB,242.182,-23.6855,145.798,12.1,6515.52,,2019,Imaging,9194,,B9 V
Kepler-730 b,Kepler-730,285.555,45.5788,1935.04,12.33,,6.49168,2016,Transit,5620,1.411,
K2-133 c,K2-133,70.1494,25.0098,75.17,1.603,3.2,4.86784,2017,Transit,3655,0.455,M1.5 V
K2-133 d,K2-133,70.1494,25.0098,75.17,2.003,4.67,11.0245,2017,Transit,3655,0.455,M1.5 V
HAT-P-25 b,HAT-P-25,48.4355,25.1974,300.384,12.722,180.845,3.65282,2012,Transit,5519,0.919,G5
HD 89744 b,HD 89744,155.543,41.2289,38.636,12.6,2653.88,256.78,1999,Radial Velocity,6291,2.133,F7 V
HD 65216 c,HD 65216,118.421,-63.6467,35.12,13.4,645.195,5370,2013,Radial Velocity,5612,0.88,G5 V
K2-133 e,K2-133,70.1494,25.0098,75.17,1.73,3.64,26.5841,2019,Transit,3655,0.455,M1.5 V
EPIC 201497682 b,EPIC 201497682,168.937,0.48806,253.026,0.692,0.26,2.13174,2019,Transit,4991,0.554,
OGLE-2015-BLG-1670L b,OGLE-2015-BLG-1670L,268.159,-28.5519,6700,4.42,17.9,,2019,Microlensing,,,
K2-290 c,K2-290,234.858,-20.1989,272.909,11.276,246,48.3668,2019,Transit,6302,1.511,
HAT-P-34 b,HAT-P-34,303.195,18.1048,249.325,13.417,1058.37,5.45265,2011,Transit,6442,1.53,
EPIC 201754305 d,K2-16,175.097,4.55743,334.967,1.03,1.08,2.71578,2019,Transit,4761,0.544,K3 V
EPIC 201833600 c,K2-50,169.484,5.98829,257.443,1,0.972,3.96151,2019,Transit,4326,0.634,
HAT-P-36 b,HAT-P-36,188.266,44.9154,294.419,14.314,587.413,1.32735,2011,Transit,5620,1.041,G5 V
K2-52 b,K2-52,246.611,-24.97,1038.41,18,,3.53505,2016,Transit,7147,2.192,
K2-53 b,K2-53,244.142,-20.4006,138.018,2.6,7.27,12.2077,2016,Transit,5263,0.807,
K2-293 b,K2-293,351.606,-6.02791,392.251,2.45,6.57,13.1225,2019,Transit,5532,0.947,
TOI-172 b,TOI-172,316.632,-26.6929,342.831,10.817,1722.64,9.47725,2019,Transit,5645,1.777,
EPIC 206024342 b,EPIC 206024342,331.277,-14.1218,369.888,1.7,3.53,4.50756,2019,Transit,5724,0.823,
EPIC 206032309 b,EPIC 206032309,341.24,-13.9011,161.365,1.01,1.01,2.87814,2019,Transit,3489,0.373,
HAT-P-9 b,HAT-P-9,110.169,37.1406,455.203,15.614,238.055,3.92281,2008,Transit,6350,1.338,F7
HATS-24 b,HATS-24,268.891,-61.7474,494.182,15.637,718.296,1.3485,2017,Transit,6125,1.12,F V
K2-90 b,K2-90,59.1527,22.4724,134.188,2.6,7.27,13.7333,2016,Transit,4484,0.619,
K2-294 b,K2-294,352.052,-7.60379,373.078,1.66,3.39,2.50387,2019,Transit,5612,1.2,
GJ 685 b,GJ 685,263.896,61.6793,14.316,2.95,9,24.16,2019,Radial Velocity,3816,0.54,M0.5
EPIC 206317286 b,EPIC 206317286,337.618,-7.97246,314.35,0.96,0.84,1.58252,2019,Transit,4752,0.669,
K2-308 b,K2-308,78.3391,16.4142,1314.53,9.916,70.6,3.38628,2019,Transit,6100,1.24,
Kepler-9 c,Kepler-9,285.574,38.4008,628.257,8.08,29.9,38.9853,2010,Transit,5774,0.958,
K2-124 b,K2-124,133.641,23.133,140.385,2.9,8.75,6.41365,2017,Transit,3570,0.388,
HD 92788 b,HD 92788,160.702,-2.18472,34.654,13,1195.04,325.803,2000,Radial Velocity,5744,1.14,G6 V
Kepler-25 c,Kepler-25,286.638,39.4879,243.249,5.217,15.2,12.7207,2011,Transit,6354,1.316,F8
WASP-33 b,WASP-33,36.7127,37.5504,121.944,17.856,665.218,1.21987,2010,Transit,7430,1.444,A
HD 134060 c,HD 134060,227.685,-61.4224,24.012,5.91,29.29,1291.56,2019,Radial Velocity,5966,1.164,G3 IV
WASP-177 b,WASP-177,334.797,-1.83443,176.818,17.71,161.458,3.07172,2019,Transit,5017,0.885,K2
WASP-181 b,WASP-181,26.7932,3.13293,437.495,13.271,95.031,4.51951,2019,Transit,5839,0.965,G2
Kepler-25 b,Kepler-25,286.638,39.4879,243.249,2.748,8.7,6.2383,2011,Transit,6354,1.316,F8
WASP-161 b,WASP-161,126.338,-11.501,343.08,12.812,791.397,5.40604,2018,Transit,6400,1.712,
WASP-163 b,WASP-163,256.538,-10.413,261.386,13.473,594.342,1.60969,2018,Transit,5500,1.015,
HD 20781 b,HD 20781,50.014,-28.7841,35.971,1.21,1.93,5.3135,2019,Radial Velocity,5256,0.834,K0 V
HD 20003 b,HD 20003,46.909,-72.3219,41.832,3.43,11.66,11.8482,2019,Radial Velocity,5494,0.922,G8 V
Kepler-47 c,Kepler-47,295.298,46.9204,1025.02,4.65,3.17,303.227,2012,Transit,5636,0.936,
Gl 49 b,Gl 49,15.6687,62.3454,9.853,2.24,5.63,13.8508,2019,Radial Velocity,3805,0.511,M1.5 V
HD 21693 b,HD 21693,51.804,-58.3233,33.255,2.8,8.23,22.6786,2019,Radial Velocity,5430,0.914,G8 V
HD 20781 c,HD 20781,50.014,-28.7841,35.971,2.17,5.33,13.8905,2019,Radial Velocity,5256,0.834,K0 V
Kepler-47 d,Kepler-47,295.298,46.9204,1025.02,7.04,19.02,187.366,2019,Transit,5636,0.936,
LSPM J2116+0234 b,LSPM J2116+0234,319.115,2.58077,17.63,3.71,13.3,14.4399,2019,Radial Velocity,3475,0.431,M3.0 V
K2-285 e,K2-285,349.384,1.30015,154.961,1.95,10.7,14.7629,2018,Transit,4975,0.787,K2 V
K2-285 d,K2-285,349.384,1.30015,154.961,2.48,6.5,10.4558,2018,Transit,4975,0.787,K2 V
HD 31527 b,HD 31527,73.9096,-23.2413,38.447,3.22,10.47,16.5535,2019,Radial Velocity,5898,1.074,G2 V
HD 31527 d,HD 31527,73.9096,-23.2413,38.447,3.46,11.82,271.674,2019,Radial Velocity,5898,1.074,G2 V
HD 21749 c,GJ 143,51.7502,-63.5002,16.32,0.892,3.7,7.78993,2019,Transit,4640,0.695,K4.5
HD 114729 b,HD 114729,198.183,-31.8747,37.806,13.9,262.21,1121.79,2002,Radial Velocity,5844,1.473,G0 V
K2-286 b,K2-286,233.37,-16.7737,76.149,2.1,5.06,27.359,2018,Transit,3926,0.62,M0 V
Qatar-9 b,Qatar-9,160.748,60.9641,213.771,11.31,378.218,1.54073,2019,Transit,4309,0.696,K5 V
NGTS-5 b,NGTS-5,221.058,5.60537,306.779,12.733,72.783,3.35699,2019,Transit,4987,0.739,K2 V
HD 126525 b,HD 126525,216.885,-51.9329,37.651,10.3,75.326,960.41,2018,Radial Velocity,5638,0.979,G4 V
HD 117207 b,HD 117207,202.337,-35.5713,32.355,13.4,669.347,2621.75,2004,Radial Velocity,5732,1.074,G7 IV-V
HD 143361 b,HD 143361,240.459,-44.4351,68.515,12.9,1382.55,1039.15,2008,Radial Velocity,5507,0.916,G6 V
K2-288 B b,K2-288 B,55.4443,18.2685,65.614,1.9,4.27,31.3935,2018,Transit,3341,0.32,M3 V
HATS-60 b,HATS-60,341.364,-14.9918,486.474,12.924,210.403,3.56083,2018,Transit,5688,1.46,
HD 20781 e,HD 20781,50.014,-28.7841,35.971,3.83,14.03,85.5073,2019,Radial Velocity,5256,0.834,K0 V
HD 45184 c,HD 45184,96.182,-28.7806,21.953,2.91,8.81,13.1354,2019,Radial Velocity,5869,1.075,G1.5 V
HD 152079 b,HD 152079,253.373,-46.3334,87.889,13.2,845.746,2918.92,2009,Radial Velocity,5907,1.128,G6 V
HATS-62 b,HATS-62,312.449,-24.3035,523.067,11.825,56.892,3.27688,2018,Transit,5416,0.933,
HATS-63 b,HATS-63,67.4186,-28.1972,623.232,13.529,305.117,3.05665,2018,Transit,5627,1.07,
HATS-70 b,HATS-70,109.105,-31.2444,1458.83,15.513,4100.01,1.88824,2019,Transit,7930,1.881,
K2-264 b,K2-264,131.358,19.6984,185.605,2.231,5.61,5.84,2018,Transit,3660,0.473,M2.5 V
KMT-2016-BLG-1107L b,KMT-2016-BLG-1107L,266.418,-26.0318,6651,13.1,1043,,2019,Microlensing,,,
HD 103949 b,HD 103949,179.548,-23.9241,26.5,3.35,11.2,120.878,2019,Radial Velocity,4792,0.753,K3 V
HIP 35173 b,HIP 35173,109.045,-3.66613,33.156,3.61,12.7,41.516,2019,Radial Velocity,4881,0.773,K2 V
HD 23127 b,HD 23127,54.8491,-60.0772,93.856,13.5,485.326,1211.17,2006,Radial Velocity,5843,1.49,G2 V
HD 25171 b,HD 25171,58.9575,-65.1863,55.615,13.9,290.814,1802.29,2010,Radial Velocity,6125,1.23,F8 V
HATS-65 b,HATS-65,292.94,-26.7402,493.32,16.825,260.938,3.10516,2018,Transit,6277,1.31,
HATS-66 b,HATS-66,101.395,-33.8817,1477.98,15.816,1694.03,3.14144,2018,Transit,6626,1.841,
HD 1397 b,HD 1397,4.44716,-66.3589,79.57,11.5,131.899,11.5353,2018,Transit,5521,2.336,G5 III/IV
HD 64114 b,HD 64114,117.983,-11.0337,31.526,4.41,17.8,45.791,2019,Radial Velocity,5676,0.883,G7 V
HD 206255 b,HD 206255,325.592,-50.0936,75.236,6.47,34.2,96.045,2019,Radial Velocity,5635,2.221,G5 IV/V
HD 38801 b,HD 38801,86.9963,-8.32803,91.435,12.5,3082.32,685.25,2009,Radial Velocity,5338,2.029,K0
HATS-67 b,HATS-67,180.209,-46.1364,960.109,18.887,460.853,1.60918,2018,Transit,6594,1.441,
HATS-68 b,HATS-68,15.0061,-58.9047,603.955,13.809,410.001,3.58622,2018,Transit,6147,1.748,
Gl 378 b,Gl 378,150.587,48.0825,14.954,3.66,13.02,3.822,2019,Radial Velocity,3879,0.56,M1
WASP-190 b,WASP-190,7.70953,-40.5735,542.251,12.89,317.83,5.36775,2019,Transit,6400,1.6,F6 IV-V
Kepler-1610 c,Kepler-1610,295.905,45.4054,864.331,2.09,5.02,44.9852,2023,Transit,5295,0.8,
XO-7 b,XO-7,277.478,85.2333,234.149,15.39,225.341,2.86414,2019,Transit,6250,1.48,G0 V
HATS-55 b,HATS-55,114.283,-32.7554,609.838,14.022,292.721,4.2042,2019,Transit,6214,1.126,
Kepler-1996 c,Kepler-1996,285.254,46.5822,440.561,2.81,8.3,92.7297,2023,Transit,4580,0.675,
Kepler-1988 b,Kepler-1988,298.674,43.7955,513.426,1.53,2.96,11.495,2023,Transit,6033,1.788,
TOI-813 b,TOI-813,72.694,-60.9055,263.145,6.71,36.4,83.8911,2020,Transit,5907,1.94,G0 IV
GJ 433 b,GJ 433,173.862,-32.5436,9.065,2.33,6.043,7.3705,2013,Radial Velocity,3461,0.5,M2V
HATS-58 A b,HATS-58 A,186.787,-48.9784,403.591,12.274,327.365,4.21809,2019,Transit,7175,1.433,
HR 5183 b,HR 5183,206.736,6.3499,31.461,13.1,1052.01,27000,2019,Radial Velocity,5794,1.53,G0 V
Kepler-1991 b,Kepler-1991,285.036,45.071,855.82,1.47,2.76,13.2608,2023,Transit,5478,1.053,
Kepler-1471 c,Kepler-1471,289.665,50.0201,978.678,1.88,4.19,11.6045,2023,Transit,5533,1.166,
GJ 180 b,GJ 180,73.4601,-17.7762,11.941,2.43,6.49,17.133,2014,Radial Velocity,3371,0.413,M3
WASP-169 b,WASP-169,127.387,-12.9448,627.066,14.617,178.303,5.61141,2019,Transit,6110,2.011,F8
Kepler-1998 b,Kepler-1998,283.429,47.5924,340.965,0.6,0.156,3.03267,2023,Transit,5640,0.921,
Kepler-164 e,Kepler-164,287.781,47.6298,890.758,4.24,16.7,94.8869,2023,Transit,5888,1.097,
Kepler-1994 b,Kepler-1994,297.149,46.2969,241.991,0.51,0.087,4.61225,2023,Transit,5495,0.961,
GJ 433 d,GJ 433,173.862,-32.5436,9.065,2.14,5.223,36.059,2020,Radial Velocity,3461,0.5,M2V
GJ 3082 b,GJ 3082,18.6432,-53.9408,16.619,2.79,8.2,11.949,2020,Radial Velocity,3910,0.465,M4
WASP-175 b,WASP-175,166.319,-34.1228,539.36,13.54,314.652,3.06529,2019,Transit,6229,1.204,F7
Kepler-619 d,Kepler-619,290.849,48.416,900.678,4.17,16.2,11.6789,2023,Transit,6122,0.964,
Kepler-1126 c,Kepler-1126,285.692,45.6894,635.736,1.45,2.7,199.669,2023,Transit,5678,0.921,
EPIC 249893012 b,EPIC 249893012,228.248,-16.7247,321.296,1.95,8.75,3.5951,2020,Transit,5430,1.71,G8 IV/V
Kepler-1661 b,Kepler-1661,285.167,41.9669,410.607,3.87,17,175.06,2020,Transit,5100,0.762,K
OGLE-2016-BLG-1067L b,OGLE-2016-BLG-1067L,273.204,-27.0126,3730,14.3,140,,2019,Microlensing,,,
Kepler-1987 c,Kepler-1987,295.825,42.9434,595.683,1.33,2.33,3.6483,2023,Transit,4769,0.714,
Kepler-1987 b,Kepler-1987,295.825,42.9434,595.683,1.23,2.04,2.34586,2023,Transit,4769,0.714,
Kepler-1801 c,Kepler-1801,295.164,39.2014,839.332,2.91,8.8,116.583,2023,Transit,5738,0.981,
EPIC 249893012 c,EPIC 249893012,228.248,-16.7247,321.296,3.67,14.67,15.624,2020,Transit,5430,1.71,G8 IV/V
EPIC 249893012 d,EPIC 249893012,228.248,-16.7247,321.296,3.94,10.18,35.747,2020,Transit,5430,1.71,G8 IV/V
WASP-180 A b,WASP-180 A,123.392,-1.98279,253.985,13.899,286.047,3.40926,2019,Transit,6600,1.19,F7 V
WASP-2 b,WASP-2,307.726,6.42933,153.242,12.117,295.9,2.15218,2007,Transit,5180,0.866,K1
Kepler-949 c,Kepler-949,298.608,46.4537,486.105,2.97,9.11,20.9976,2023,Transit,5211,0.895,
Kepler-311 d,Kepler-311,282.061,47.0855,778.654,2.05,4.86,232.04,2023,Transit,5903,1.156,
WASP-44 b,WASP-44,3.90327,-11.9383,364.512,12.33,276.512,2.4238,2011,Transit,5420,0.906,G8 V
WASP-45 b,WASP-45,5.23776,-35.9985,211.196,10.604,306.388,3.12609,2011,Transit,5150,0.855,K2 V
Kepler-1834 c,Kepler-1834,294.665,39.7839,500.395,1.22,1.98,0.76669,2023,Transit,4821,0.788,
HATS-47 b,HATS-47,287.484,-49.6649,300.67,12.52,117.279,3.9228,2020,Transit,4512,0.656,
GJ 15 A c,GJ 15 A,4.61267,44.0247,3.562,6.67,36,7600,2018,Radial Velocity,3607,0.38,M1
Kepler-763 c,Kepler-763,292.145,47.1574,962.459,1.42,2.6,4.09668,2023,Transit,4999,0.843,
Kepler-347 d,Kepler-347,289.2,49.3056,1298.88,3.04,9.48,85.5173,2023,Transit,5592,1.451,
EPIC 248847494 b,EPIC 248847494,159.389,11.8428,551.886,12.442,4131.79,3650,2018,Transit,4898,2.7,
WASP-184 b,WASP-184,209.517,-30.3482,663.231,14.908,181.163,5.1817,2019,Transit,6000,1.65,G0 V
WASP-185 b,WASP-185,214.06,-19.5423,279.35,14.011,311.473,9.38755,2019,Transit,5900,1.5,G0 V
Kepler-290 d,Kepler-290,286.41,42.6815,694.627,0.86,0.566,0.76402,2023,Transit,5142,0.755,
Kepler-549 d,Kepler-549,283.023,47.2611,635.145,4.2,16.4,24.6148,2023,Transit,5312,0.986,
KMT-2017-BLG-0165L b,KMT-2017-BLG-0165L,269.65,-28.1337,4530,6.45,34,,2018,Microlensing,,,
Kepler-865 c,Kepler-865,297.724,43.5273,586.137,0.89,0.64,6.2092,2023,Transit,5440,0.885,
TOI-150.01,TOI-150,112.965,-73.606,336.267,14.067,797.753,5.85749,2019,Transit,6255,1.526,F
GJ 682 c,GJ 682,264.261,-44.3233,5.007,2.89,8.7,57.32,2014,Radial Velocity,3028,0.298,M3.5 V
OGLE-2015-BLG-1649L b,OGLE-2015-BLG-1649L,271.205,-32.633,4230,13.2,807,,2019,Microlensing,,,
Kepler-2000 c,Kepler-2000,285.574,49.9621,320.588,1.57,3.09,20.618,2023,Transit,3757,0.576,
Kepler-448 c,KOI-12,297.454,41.011,399.398,12,6992.26,2500,2017,Transit Timing Variations,6635,1.4,
MOA-bin-29 b,MOA-bin-29,269.376,-29.7366,7120,14.1,190,,2019,Microlensing,,,
HD 97048 b,HD 97048,167.013,-77.6548,183.857,13.3,794.575,,2019,Disk Kinematics,10000,2.25,Be9.5/AO
7 CMa b,7 CMa,99.1713,-19.2562,19.81,13.4,587.986,735.1,2011,Radial Velocity,4826,4.87,K1III(+M)
Kepler-1983 b,Kepler-1983,297.042,39.9122,424.428,2.33,6.04,7.32852,2023,Transit,5135,0.874,
NGTS-8 b,NGTS-8,328.976,-14.0684,428.976,12.218,295.582,2.4997,2019,Transit,5241,0.98,K0 V
EPIC 205950854 c,K2-168,333.11,-16.3419,243.935,1.31,2.27,8.05072,2019,Transit,5503,0.83,
7 CMa c,7 CMa,99.1713,-19.2562,19.81,13.9,276.512,996,2019,Radial Velocity,4826,4.87,K1III(+M)
Kepler-1990 c,Kepler-1990,299.705,44.4357,392.739,0.98,0.904,4.06845,2023,Transit,5751,1.071,
HD 220197 b,HD 220197,350.495,16.6323,64.411,9.32,63.566,1728,2018,Radial Velocity,5683,0.98,G5
K2-43 c,K2-43,169.117,-3.97544,182.536,2.42,6.44,2.19888,2019,Transit,3841,0.542,
Kepler-763 d,Kepler-763,292.145,47.1574,962.459,1.67,3.43,6.50327,2023,Transit,4999,0.843,
Kepler-1162 c,Kepler-1162,283.292,45.434,940.211,1.81,3.93,59.2841,2023,Transit,5225,0.859,
HD 213885 b,HD 213885,338.984,-59.8648,48.088,1.745,8.83,1.00804,2019,Transit,5978,1.101,G
Kepler-896 c,Kepler-896,282.439,43.7344,2334.93,3.15,10.1,29.5423,2023,Transit,5510,0.803,
Kepler-1982 b,Kepler-1982,287.41,39.6586,558.855,0.77,0.381,3.82316,2023,Transit,6202,1.122,
HD 213885 c,HD 213885,338.984,-59.8648,48.088,4.71,19.95,4.78503,2019,Radial Velocity,5978,1.101,G
HAT-P-69 b,HAT-P-69,130.506,3.71057,341.263,18.786,1137.83,4.78695,2019,Transit,7394,1.926,
Kepler-2000 b,Kepler-2000,285.574,49.9621,320.588,2.73,7.9,6.38316,2023,Transit,3757,0.576,
TOI-763 c,TOI-763,194.468,-39.7581,95.127,2.63,9.32,12.2737,2020,Transit,5450,0.897,G
TOI-905 b,TOI-905,227.659,-71.3616,158.649,13.126,211.993,3.73949,2020,Transit,5570,0.918,
TOI-564 b,TOI-564,130.295,-16.0363,199.581,11.433,464.985,1.65114,2020,Transit,5640,1.088,
Kepler-29 b,Kepler-29,298.348,47.4913,832.532,2.55,5,10.3397,2011,Transit,5378,0.732,
Kepler-1674 b,Kepler-1674,294.816,45.3061,1012.48,3.206,10.4,62.5611,2020,Transit,5474,0.877,
Kepler-1675 b,Kepler-1675,283.81,41.0412,651.117,3.125,9.93,63.0382,2020,Transit,5853,1.129,
HD 108236 b,HD 108236,186.574,-51.3631,64.598,1.615,3.24,3.79596,2020,Transit,5660,0.877,G3 V
HD 164922 c,HD 164922,270.63,26.3104,22.002,3.66,13,75.74,2016,Radial Velocity,5390,0.946,G9 V
KMT-2019-BLG-0842L b,KMT-2019-BLG-0842L,268.458,-29.8774,3320,3.19,10.28,,2020,Microlensing,,,
HD 108236 e,HD 108236,186.574,-51.3631,64.598,3.083,9.71,19.59,2020,Transit,5660,0.877,G3 V
WASP-150 b,WASP-150,264.263,53.0213,527.995,11.994,2688.84,5.64421,2020,Transit,6218,1.651,F8
NGTS-13 b,NGTS-13,176.24,-38.1397,647.595,12.801,1538.3,4.11903,2021,Transit,5819,1.788,
MOA-2009-BLG-319L b,MOA-2009-BLG-319L,271.742,-26.8197,7050,9.64,67.3,,2010,Microlensing,,,
Kepler-1685 b,Kepler-1685,296.188,43.9368,1141.89,2.577,7.16,20.4905,2020,Transit,5484,0.835,
Kepler-1686 b,Kepler-1686,291.607,42.036,729.823,1.426,2.62,9.30987,2020,Transit,5715,1.2,
KMT-2016-BLG-2397L b,KMT-2016-BLG-2397L,266.213,-23.2014,4880,13.2,836,,2020,Microlensing,,,
OGLE-2017-BLG-0604L b,OGLE-2017-BLG-0604L,267.892,-30.9466,3950,14.2,160,,2020,Microlensing,,,
OGLE-2017-BLG-1375L b,OGLE-2017-BLG-1375L,269.155,-30.3114,3930,12.4,3585,,2020,Microlensing,,,
NGTS-14 A b,NGTS-14 A,328.517,-38.3774,322.148,4.977,29.24,3.53572,2021,Transit,5187,0.842,K1 V
HD 13808 b,HD 13808,33.1781,-53.7438,28.23,3.35,11.2,14.1815,2021,Radial Velocity,5035,0.781,K2 V
OGLE-2015-BLG-1771L b,OGLE-2015-BLG-1771L,268.799,-28.8627,7070,14.3,138,,2020,Microlensing,,,
OGLE-2018-BLG-1700L b,OGLE-2018-BLG-1700L,269.956,-28.5286,7600,12.9,1400,,2020,Microlensing,,,
Kepler-1687 b,Kepler-1687,289.743,50.7871,417.014,1.656,3.38,5.77954,2020,Transit,4132,0.726,
Kepler-1689 b,Kepler-1689,291.574,38.6559,294.122,0.947,0.799,8.483,2020,Transit,5731,0.996,
Kepler-462 b,Kepler-462,299.821,43.8143,596.625,3,53.9,84.6866,2016,Transit,7500,1.57,
HD 4760 b,HD 4760,12.4162,6.40714,537.873,12.3,4417.84,434,2021,Radial Velocity,4076,42.4,K2
HD 110113 c,HD 110113,190.037,-44.3121,106.307,2.114,10.5,6.744,2021,Radial Velocity,5732,0.968,G
HD 96992 b,HD 96992,167.597,43.919,396.082,13.7,362.326,514,2021,Radial Velocity,4725,7.43,K0
KMT-2018-BLG-1292L b,KMT-2018-BLG-1292L,263.428,-33.5207,3460,12.9,1400,,2020,Microlensing,,,
OGLE-2012-BLG-0838L b,OGLE-2012-BLG-0838L,273.003,-25.7116,6320,8.39,53.1,,2020,Microlensing,,,
Kepler-1691 b,Kepler-1691,286.254,41.0218,1267.67,1.835,4.02,3.8482,2020,Transit,6000,1.132,
Kepler-1692 b,Kepler-1692,286.924,47.0537,591.019,1.112,1.42,5.95966,2020,Transit,5146,0.866,
EPIC 201170410.02,EPIC 201170410,170.141,-4.807,134,1.047,1.15,6.7987,2020,Transit,3648,0.282,
Kepler-160 d,Kepler-160,287.774,42.8693,937.013,,100,30,2020,Transit Timing Variations,5471,1.118,
Kepler-160 c,Kepler-160,287.774,42.8693,937.013,3.76,13.6,13.6994,2014,Transit,5471,1.118,
Kepler-1694 b,Kepler-1694,293.794,40.241,513.329,1.18,1.76,3.89526,2020,Transit,4954,0.756,
Kepler-716 c,Kepler-716,290.393,43.3639,635.009,1.393,2.52,3.96999,2020,Transit,5012,0.742,
EPIC 201757695.02,EPIC 201757695,173.939,4.61643,577.6,0.908,0.688,2.0478,2020,Transit,4520,0.655,
HD 110082 b,HD 110082,192.589,-88.1211,105.096,3.2,10.3,10.1827,2021,Transit,6200,1.19,F8 V
Kepler-1664 b,Kepler-1664,286.853,49.2617,626.691,3.033,9.45,14.3868,2020,Transit,5736,1.072,
Kepler-1001 c,Kepler-1001,286.274,48.6187,928.978,1.578,3.11,9.18186,2020,Transit,5376,0.836,
TOI-954 b,TOI-954,61.9411,-25.2088,238.768,9.55,55.302,3.68497,2020,Transit,5710,1.892,
K2-329 b,K2-329,351.135,-5.16415,233.237,8.676,82.636,12.4551,2020,Transit,5282,0.822,
HATS-49 b,HATS-49,6.61359,-56.3443,324.413,8.575,112.194,4.14805,2020,Transit,4405,0.698,
TYC 8998-760-1 c,TYC 8998-760-1,201.3,-64.9392,94.618,12.33,1906.98,,2020,Imaging,4573,1.02,K3 IV
Wendelstein-1 b,Wendelstein-1,299.051,17.57,305.3,11.561,188.155,2.66342,2020,Transit,4251,0.61,K7 V
MOA-2013-BLG-220L b,MOA-2013-BLG-220L,270.985,-29.5447,6720,13.2,871,,2014,Microlensing,,,
KMT-2016-BLG-1836L b,KMT-2016-BLG-1836L,268.25,-30.0407,7100,13.3,700,,2019,Microlensing,,,
OGLE-2013-BLG-0911L b,OGLE-2013-BLG-0911L,268.883,-29.2538,3220,12.5,3020,,2019,Microlensing,,,
BD-11 4672 c,BD-11 4672,278.369,-11.6371,27.166,4.04,15.37,74.2,2020,Radial Velocity,4550,0.639,K7V
BD-11 4672 b,BD-11 4672,278.369,-11.6371,27.166,14.1,206.589,1634,2014,Radial Velocity,4550,0.639,K7V
HIP 65 A b,HIP 65 A,0.18561,-54.8308,61.786,22.754,1021.19,0.98097,2020,Transit,4590,0.724,K4 V
TOI-481 b,TOI-481,110.513,-57.385,179.366,11.097,486.28,10.3311,2020,Transit,5735,1.66,G
TIC 237913194 b,TIC 237913194,22.4458,-60.7399,306.063,12.52,617.226,15.1689,2020,Transit,5788,1.088,G3
TOI-157 b,TOI-157,73.7014,-76.6806,355.683,14.415,375.039,2.08454,2020,Transit,5404,1.167,G9 IV
TOI-169 b,TOI-169,16.7787,-75.1989,407.84,12.173,251.404,2.25545,2020,Transit,5880,1.288,G1 V
Kepler-1700 b,Kepler-1700,286.95,45.3538,717.597,2.901,8.76,234.239,2020,Transit,6031,1.094,
Kepler-1666 b,Kepler-1666,297.952,46.2647,1379.37,2.883,8.66,25.8476,2020,Transit,6293,1.146,
Gl 686 b,Gl 686,264.476,18.5959,8.157,2.46,6.624,15.53,2018,Radial Velocity,3656,0.427,M1.0 V
HD 180617 b,HD 180617,289.228,5.16316,5.911,3.53,12.214,105.911,2018,Radial Velocity,3534,0.481,M2.5 V
HD 158259 e,HD 158259,261.35,52.7905,27.05,2.34,6.08,7.951,2020,Radial Velocity,5802,1.21,G0
HD 158259 c,HD 158259,261.35,52.7905,27.05,2.23,5.6,3.432,2020,Radial Velocity,5802,1.21,G0
HATS-37 A b,HATS-37 A,199.802,-22.9868,211.896,6.793,31.465,4.33154,2020,Transit,5326,0.877,
GJ 687 b,GJ 687,264.104,68.3337,4.549,4.32,17.2,38.142,2014,Radial Velocity,3413,0.418,M3.0V
GJ 2056 b,GJ 2056,108.019,-24.8921,28.443,4.17,16.2,69.971,2020,Radial Velocity,4070,0.709,M0V:
TOI-237 b,TOI-237,353.244,-29.4165,38.075,1.44,2.67,5.4361,2020,Transit,3212,0.211,M4.5 V
HD 216520 c,HD 216520,341.877,83.6975,19.552,3.03,9.44,154.43,2020,Radial Velocity,5103,0.76,K2
CoRoT-30 b,CoRoT-30,277.601,6.83593,1032.23,11.31,921.707,9.06005,2020,Transit,5650,0.91,G3 V
CoRoT-31 b,CoRoT-31,94.8207,-4.4223,2005.76,16.365,266.977,4.62941,2020,Transit,5700,2.15,G2 IV
HIP 38594 b,HIP 38594,118.544,-25.3023,17.789,2.77,8.1,60.722,2020,Radial Velocity,4086,0.627,M0
WASP-186 b,WASP-186,18.9953,21.6169,278.514,12.442,1341.24,5.0268,2020,Transit,6361,1.47,F
Kepler-29 c,Kepler-29,298.348,47.4913,832.532,2.34,4.5,13.2861,2011,Transit,5378,0.732,
Kepler-783 c,Kepler-783,291.063,47.4848,516.09,2.332,6.04,7.05395,2020,Transit,5411,0.872,
Kepler-1667 b,Kepler-1667,283.533,48.0944,626.819,2.984,9.19,83.5781,2020,Transit,5942,1.088,
HIP 4845 b,HIP 4845,15.5882,-10.4246,21.097,3.89,14.4,34.15,2020,Radial Velocity,4010,0.604,K7V
HIP 48714 b,HIP 48714,149.033,62.7859,10.53,5.11,22.9,17.818,2020,Radial Velocity,4016,0.595,M0.5 Ve
TOI-251 b,TOI-251,353.062,-37.2559,99.523,2.74,317.83,4.93777,2021,Transit,5875,0.881,
HAT-P-68 b,HAT-P-68,118.483,23.9382,202.152,12.016,230.109,2.29841,2020,Transit,4508,0.67,K
Kepler-177 b,Kepler-177,286.047,45.0532,1435.44,3.5,5.84,36.8601,2013,Transit,5732,1.324,
Kepler-36 b,Kepler-36,291.25,49.2318,527.956,1.498,3.83,13.8682,2012,Transit,5979,1.634,
KOI-1783.01,KOI-1783,289.341,46.9881,865.73,8.86,71,134.463,2020,Transit,5922,1.143,
Kepler-1668 b,Kepler-1668,297.352,46.0959,1335.64,4.348,17.4,15.434,2020,Transit,5542,1.017,
Kepler-598 c,Kepler-598,293.123,40.9348,681.086,3.024,9.4,86.4945,2020,Transit,5245,0.9,
KMT-2019-BLG-1953L b,KMT-2019-BLG-1953L,269.116,-28.2011,7040,14.1,200,,2020,Microlensing,,,
Kepler-1514 c,Kepler-1514,292.627,37.8602,397.292,1.176,1.74,10.5142,2020,Transit,6145,1.289,
KOI-1783.02,KOI-1783,289.341,46.9881,865.73,5.44,15,284.215,2020,Transit,5922,1.143,
HD 156668 c,HD 156668,259.418,29.2282,24.332,6.17,31.497,811.3,2021,Radial Velocity,4904,0.775,K2
HD 211403 b,HD 211403,333.816,58.2756,83.092,12.8,1760.77,223.8,2021,Radial Velocity,6273,1.206,F7 V
K2-344 b,K2-344,136.361,21.6686,75.169,1.59,3.15,3.35585,2021,Transit,4374,0.49,
HD 24040 c,HD 24040,57.5962,17.4753,46.622,9.35,63.884,515.4,2021,Radial Velocity,5776,1.387,G0 V
HD 3765 b,HD 3765,10.2073,40.1843,17.926,8.56,54.984,1211,2021,Radial Velocity,5050,0.831,K2V
HD 213472 b,HD 213472,337.707,40.7222,64.453,13.1,1112.4,17000,2021,Radial Velocity,5730,1.434,
K2-348 c,K2-348,130.878,24.423,201.856,2.67,7.61,12.5502,2021,Transit,5077,0.85,
CD Cet b,CD Cet,48.353,4.77519,8.607,1.82,3.95,2.2907,2020,Radial Velocity,3130,0.175,M5.0 V
G 264-012 b,G 264-012,326.672,66.8038,16.009,1.39,2.5,2.30538,2021,Radial Velocity,3326,0.305,M4.0 V
K2-352 d,K2-352,140.445,18.4696,176.051,2.23,5.6,14.8714,2021,Transit,5791,0.95,
K2-339 b,K2-339,130.083,18.6929,360.36,1.92,4.35,19.5074,2021,Transit,4857,0.72,
K2-282 b,K2-282,13.4322,7.99529,496.289,2.5,6.8,4.16978,2018,Transit,5499,1,
K2-156 b,K2-156,182.7,-6.29436,150.21,1.1,1.37,0.81314,2018,Transit,4460,0.62,
TOI-257 b,TOI-257,47.5173,-50.8323,76.903,7.163,43.86,18.3882,2021,Transit,6095,1.867,
HAT-P-58 b,HAT-P-58,68.8465,56.8683,515.59,14.93,118.232,4.01384,2021,Transit,6078,1.53,
HAT-P-59 b,HAT-P-59,292.459,62.5292,265.471,12.588,489.456,4.14198,2021,Transit,5678,1.104,
K2-268 d,K2-268,133.709,11.8483,327.783,1.49,2.83,4.5286,2021,Transit,5106,0.78,
TOI-269 b,TOI-269,75.8463,-54.1777,57.023,2.77,8.8,3.69771,2021,Transit,3514,0.398,M2 V
K2-268 f,K2-268,133.709,11.8483,327.783,2.23,5.6,26.2706,2021,Transit,5106,0.78,
K2-187 b,K2-187,132.524,23.1925,330.916,1.2,1.87,0.77401,2018,Transit,5438,0.83,
K2-210 b,K2-210,17.6413,1.57841,176.51,0.86,0.566,0.57023,2018,Transit,5500,0.89,
K2-32 b,K2-32,252.426,-19.5431,157.682,5.299,15,8.992,2016,Transit,5271,0.86,G9 V
K2-32 e,K2-32,252.426,-19.5431,157.682,1.212,2.1,4.34934,2019,Transit,5271,0.86,G9 V
HAT-P-64 b,HAT-P-64,68.9744,2.43127,651.897,19.089,184.34,4.00723,2021,Transit,6457,1.735,
Kepler-129 c,Kepler-129,285.311,47.8485,408.845,2.52,43,82.2,2014,Transit,5770,1.653,G4 V
K2-331 b,K2-331,132.738,13.1703,211.43,1.79,3.86,9.39898,2021,Transit,5994,1.06,
EPIC 228836835 b,EPIC 228836835,189.575,-5.24462,150.124,1.1,1.37,0.72811,2021,Transit,3782,0.32,
K2-223 c,K2-223,185.306,-10.2821,198.604,1.5,2.86,4.56255,2018,Transit,5859,1,
K2-32 c,K2-32,252.426,-19.5431,157.682,3.134,8.1,20.6609,2016,Transit,5271,0.86,G9 V
K2-32 d,K2-32,252.426,-19.5431,157.682,3.484,6.7,31.717,2016,Transit,5271,0.86,G9 V
KIC 10068024 b,KIC 10068024,288.847,47.0229,721.105,13.4,635.657,2.07355,2021,Orbital Brightness Modulation,6118,1.574,
K2-350 b,K2-350,204.036,-14.0092,489.368,1.54,2.99,4.16387,2021,Transit,5789,1.04,
K2-353 b,K2-353,201.617,-2.2819,268.515,5.55,26.3,15.4668,2021,Transit,5698,0.99,
K2-137 b,K2-137,186.87,-6.19522,98.876,0.64,158.915,0.17972,2017,Transit,3697,0.29,M3 V
EPIC 206042996 b,EPIC 206042996,337.514,-13.6102,451.769,1.7,3.53,5.2986,2019,Transit,4114,0.5,
NGTS-15 b,NGTS-15,73.3553,-32.8004,786.485,12.33,238.689,3.27623,2021,Transit,5600,0.954,G6 V
K2-354 b,K2-354,129.13,10.1472,91.722,1.56,3.05,3.79331,2021,Transit,3669,0.41,
K2-330 b,K2-330,126.897,11.6674,160.125,2.77,8.1,13.7748,2021,Transit,6232,1.5,
TOI-1333 b,TOI-1333,325.015,48.4068,200.492,15.648,753.257,4.72022,2021,Transit,6274,1.925,
HD 238090 b,HD 238090,183.089,54.4862,15.235,2.52,6.89,13.671,2020,Radial Velocity,3933,0.57,M0.0 V
NGTS-18 b,NGTS-18,180.546,-35.5486,1096.19,13.563,129.992,3.05125,2021,Transit,5610,1.392,G5 V
HD 136352 b,HD 136352,230.44,-48.3188,14.682,1.664,4.72,11.578,2019,Radial Velocity,5664,1.058,G4 V
K2-336 b,K2-336,133.838,16.7941,239.289,1.22,1.98,21.1947,2021,Transit,5424,0.8,
GJ 414 A b,GJ 414 A,167.774,30.4452,11.889,2.63,7.6,50.8,2021,Radial Velocity,4120,0.68,K7 V
BD+55 362 b,BD+55 362,23.9637,56.6982,52.57,14,228.836,265.59,2021,Radial Velocity,5012,0.896,K3
HD 136352 d,HD 136352,230.44,-48.3188,14.682,2.562,8.82,107.245,2019,Radial Velocity,5664,1.058,G4 V
K2-337 b,K2-337,127.761,16.9005,421.636,2.62,7.37,16.2736,2021,Transit,5869,1.32,
K2-138 c,K2-138,348.949,-10.8497,202.585,2.299,6.31,3.56004,2017,Transit,5356,0.863,G8 V
KOI-1831 d,Kepler-324,286.471,49.6491,501.574,1.13,2.23,34.169,2018,Transit,5233,0.835,
K2-340 b,K2-340,127.937,19.0746,738.136,3.36,11.2,29.7404,2021,Transit,5532,1.13,
K2-138 d,K2-138,348.949,-10.8497,202.585,2.39,7.92,5.40479,2017,Transit,5356,0.863,G8 V
K2-138 e,K2-138,348.949,-10.8497,202.585,3.39,12.97,8.26146,2017,Transit,5356,0.863,G8 V
EPIC 212297394 c,EPIC 212297394,207.206,-17.6099,418.395,2.27,5.77,5.21396,2021,Transit,5171,0.8,
K2-138 f,K2-138,348.949,-10.8497,202.585,2.904,1.63,12.7576,2017,Transit,5356,0.863,G8 V
K2-100 b,K2-100,129.601,20.106,188.959,3.88,21.8,1.6739,2016,Transit,5945,1.24,G0 V
TOI-2202 c,TOI-2202,51.2284,-73.9575,235.933,13.4,117.279,24.6744,2021,Transit Timing Variations,5144,0.794,K8 V
KMT-2019-BLG-1715L b,KMT-2019-BLG-1715L,270.372,-28.7771,3860,13.2,813.641,,2021,Microlensing,,,
K2-349 b,K2-349,199.1,-14.4448,453.567,1.38,2.48,9.03218,2021,Transit,4385,0.49,
K2-350 c,K2-350,204.036,-14.0092,489.368,2.74,7.95,19.9919,2016,Transit,5789,1.04,
K2-351 b,K2-351,206.652,-11.805,694.734,2.54,6.99,7.80616,2021,Transit,5769,1.05,
GJ 740 b,GJ 740,284.5,5.90287,11.102,1.53,2.96,2.37756,2021,Radial Velocity,3913,0.56,M1.0 V
HD 60292 b,HD 60292,114.62,66.2351,315.211,12.7,2065.89,495.4,2020,Radial Velocity,4348,27,K0 III
TOI-1749 b,TOI-1749,282.737,64.4195,99.556,1.39,57,2.38839,2021,Transit,3985,0.55,M0 V
TOI-1749 d,TOI-1749,282.737,64.4195,99.556,2.52,15,9.0497,2021,Transit,3985,0.55,M0 V
KMT-2018-BLG-1025L b,KMT-2018-BLG-1025L,269.866,-27.8781,6705,2.34,6.059,,2021,Microlensing,,,
K2-185 b,K2-185,130.26,14.6902,268.357,1.15,1.6,10.6164,2018,Transit,5788,0.94,
EPIC 212587672 c,EPIC 212587672,205.445,-10.8626,320.07,2.32,5.99,23.2286,2021,Transit,6004,0.98,
HD 221420 b,HD 221420,353.332,-77.3853,31.142,12,7278.27,10090,2019,Radial Velocity,5847,1.947,G2 IV-V
K2-185 c,K2-185,130.26,14.6902,268.357,2.39,6.3,52.7135,2018,Transit,5788,0.94,
TOI-1201 b,TOI-1201,42.2477,-14.5373,37.887,2.415,6.28,2.49199,2021,Transit,3476,0.508,M2.0 V
HD 136925 b,HD 136925,230.716,13.3663,47.874,13.9,266.976,4540,2021,Radial Velocity,5773,1.193,
HD 109286 b,HD 109286,188.396,7.28091,55.416,13.2,950.307,520.1,2021,Radial Velocity,5694,1.089,G4 V
Kepler-1771 b,Kepler-1771,292.013,49.0191,565.752,4.055,15.5,88.644,2021,Transit,5661,0.934,
Kepler-1786 b,Kepler-1786,292.588,38.522,863.909,3.163,10.1,78.5461,2021,Transit,5808,1.397,
Kepler-1834 b,Kepler-1834,294.665,39.7839,500.395,1.459,2.73,4.60301,2021,Transit,4821,0.788,
TOI-559 b,TOI-559,46.8186,-31.163,233.266,12.229,1910.15,6.98391,2021,Transit,5925,1.233,G V
Kepler-418 c,Kepler-418,294.434,38.3555,1002.53,5.221,23.7,12.2183,2021,Transit,5822,1.081,
Kepler-1801 b,Kepler-1801,295.164,39.2014,839.332,2.709,7.8,10.4409,2021,Transit,5738,0.981,
Kepler-1838 b,Kepler-1838,298.992,40.1423,451.242,1.66,3.4,12.1468,2021,Transit,5877,1.963,
Kepler-1839 b,Kepler-1839,294.224,50.0756,1136.6,1.949,4.46,5.05676,2021,Transit,5926,0.939,
TOI-530 b,TOI-530,103.413,12.8816,148.762,9.303,127.131,6.3876,2021,Transit,3659,0.54,M0.5 V
Kepler-1749 b,Kepler-1749,290.295,45.5645,268.2,1.613,3.23,14.5341,2021,Transit,3957,0.553,
Kepler-1841 b,Kepler-1841,287.707,40.6852,631.7,1.489,2.82,25.886,2021,Transit,5190,0.899,
Kepler-1842 b,Kepler-1842,286.252,42.3784,923.551,2.354,6.14,14.0264,2021,Transit,5970,1.131,
HAT-P-43 b,HAT-P-43,128.926,10.2066,528.825,13.63,210.395,3.33264,2012,Transit,5693,1.08,F9
Kepler-1742 b,Kepler-1742,286.967,44.9924,669.573,2.178,5.38,49.4782,2021,Transit,5776,0.849,
Kepler-1743 b,Kepler-1743,290.552,48.1263,538.807,1.599,3.18,7.64971,2021,Transit,5855,1.613,
Kepler-1741 b,Kepler-1741,292.577,39.1209,270.739,1.273,2.16,2.75759,2021,Transit,3683,0.424,
Kepler-1810 b,Kepler-1810,291.813,38.0881,1009.87,3.918,14.6,101.133,2021,Transit,5492,1.016,
Kepler-1812 b,Kepler-1812,298.085,40.2833,1409.19,2.325,6.01,7.16522,2021,Transit,6174,1.103,
Kepler-1845 b,Kepler-1845,292.902,38.297,710.724,2.438,6.52,11.6065,2021,Transit,4703,0.701,
Kepler-1716 b,Kepler-1716,297.272,43.3331,195.439,2.425,6.46,35.581,2021,Transit,4894,0.684,
K2-95 b,K2-95,129.363,18.9766,179.854,3.31,11,10.1347,2016,Transit,3566,0.4,M3.0
Kepler-1746 b,Kepler-1746,288.32,42.2614,979.541,8.935,59.1,321.212,2021,Transit,6018,1.286,
Kepler-1745 b,Kepler-1745,293.469,42.8224,996.105,1.929,4.38,3.01619,2021,Transit,5611,1.4,
Kepler-1814 b,Kepler-1814,285.217,41.2824,726.346,2.37,6.21,2.93536,2021,Transit,4922,0.823,
Kepler-1815 b,Kepler-1815,300.17,43.9849,1006.63,2.749,7.99,12.1914,2021,Transit,5516,0.967,
Kepler-1856 b,Kepler-1856,295.909,51.3479,848.76,1.734,3.66,1.302,2021,Transit,4948,0.816,
K2-101 b,K2-101,130.344,18.9338,188.33,2,4.66,14.6762,2016,Transit,4927,0.76,K3
Kepler-1669 c,Kepler-1669,297.43,39.8479,543.444,1.901,4.27,1.60932,2021,Transit,4224,0.603,
Kepler-1165 c,Kepler-1165,286.971,44.7083,1575.2,3.361,11.2,29.9687,2021,Transit,6249,1.076,
Kepler-1816 b,Kepler-1816,296.851,50.6988,437.823,1.968,4.53,91.501,2021,Transit,5051,0.706,
Kepler-1847 b,Kepler-1847,296.601,44.3252,1693.86,2.745,7.97,11.1297,2021,Transit,6122,0.964,
K2-355 b,K2-355,124.643,13.5028,500.497,2.25,5.69,5.73856,2021,Transit,5790,0.92,
K2-356 b,K2-356,128.322,13.6614,355.54,2.29,5.86,21.0267,2021,Transit,5568,0.86,
Kepler-1757 b,Kepler-1757,297.74,46.9419,807.308,2.947,8.99,19.6564,2021,Transit,5288,0.74,
Kepler-1758 b,Kepler-1758,297.797,39.9213,1588.41,2.571,7.13,9.97721,2021,Transit,5557,1.616,
Kepler-1819 b,Kepler-1819,296.56,46.8575,1363.19,3.904,14.5,16.4869,2021,Transit,6090,1.071,
Kepler-1817 b,Kepler-1817,282.033,44.478,748.569,2.273,5.79,44.2992,2021,Transit,5316,0.915,
K2-357 b,K2-357,131.939,16.3289,517.687,3.72,13.4,16.3489,2021,Transit,5794,1,
K2-358 b,K2-358,133.808,18.9497,480.307,2.68,7.65,11.251,2021,Transit,5650,0.91,
Kepler-1731 b,Kepler-1731,291.254,36.7434,169.948,2.933,8.92,21.7613,2021,Transit,4859,0.72,
Kepler-1762 b,Kepler-1762,290.493,39.7855,1663.74,2.76,8.05,29.5391,2021,Transit,6572,1.238,
Kepler-1820 b,Kepler-1820,296.713,48.2723,1425.39,3.119,9.9,31.0325,2021,Transit,5841,0.931,
Kepler-1821 b,Kepler-1821,294.525,49.8725,799.699,2.592,7.24,16.4581,2021,Transit,5475,0.884,
Kepler-1788 b,Kepler-1788,291.224,45.7781,560.445,2.379,6.25,2.80012,2021,Transit,4786,0.704,
Kepler-1859 b,Kepler-1859,293.989,46.718,1331.25,1.583,3.13,2.7296,2021,Transit,5887,1.235,
Kepler-1860 b,Kepler-1860,294.351,50.081,438.703,1.139,1.55,12.7372,2021,Transit,5420,0.868,
K2-184 b,K2-184,129.141,14.4619,75.586,1.47,2.76,16.978,2018,Transit,5245,0.75,
Kepler-1712 b,Kepler-1712,284.999,50.1467,156.264,2.284,5.83,13.815,2021,Transit,3732,0.509,
Kepler-1763 b,Kepler-1763,294.113,40.3629,756.486,1.147,1.59,1.48028,2021,Transit,5897,1.259,
Kepler-1764 b,Kepler-1764,293.88,41.3938,1542.48,4.555,18.8,70.4683,2021,Transit,6461,1.131,
Kepler-1790 b,Kepler-1790,294.567,46.0757,1070.17,3.145,10,31.5889,2021,Transit,5866,1.367,
Kepler-1791 b,Kepler-1791,284.49,42.6483,602.218,3.121,9.91,7.72086,2021,Transit,5887,1.177,
EPIC 220554210 c,K2-282,13.4322,7.99529,496.289,1.6,3.19,0.70531,2019,Transit,5499,1,
K2-273 b,K2-273,129.777,19.01,308.105,3.05,9.53,11.7196,2018,Transit,5161,0.85,
K2-104 b,K2-104,129.637,19.7737,189.289,1.79,3.86,1.9742,2016,Transit,3712,0.48,M2.5e
Kepler-1792 b,Kepler-1792,294.84,39.086,601.029,2.52,6.89,4.19578,2021,Transit,5229,1.005,
Kepler-1090 c,Kepler-1090,295.663,44.5258,858.77,3.293,10.9,42.4272,2021,Transit,5330,1.013,
EPIC 220492298 b,EPIC 220492298,16.7615,6.5888,624.512,0.99,0.937,0.76241,2021,Transit,5620,0.89,
EPIC 206024342 c,EPIC 206024342,331.277,-14.1218,369.888,1.4,2.54,0.91172,2021,Transit,5724,1.1,
Kepler-1777 b,Kepler-1777,290.329,37.7231,619.146,2.132,5.19,12.1842,2021,Transit,5771,1.068,
K2-275 c,K2-275,132.17,20.455,123.438,2.21,5.52,8.43884,2018,Transit,4841,0.69,
K2-275 b,K2-275,132.17,20.455,123.438,2.34,6.08,3.28096,2018,Transit,4841,0.69,
Kepler-1775 b,Kepler-1775,286.402,38.7386,657.023,3.648,12.9,85.654,2021,Transit,5818,1.647,
Kepler-1797 b,Kepler-1797,292.464,45.9683,1338.49,3.058,9.58,23.3594,2021,Transit,6244,1.009,
Kepler-1798 b,Kepler-1798,291.726,37.529,395.196,2.309,5.94,16.8559,2021,Transit,3967,0.587,
TIC 172900988 b,TIC 172900988 Aa,128.662,31.554,250.956,11.25,942,200.452,2021,Transit,6050,1.384,F9
HD 93385 d,HD 93385,161.563,-41.4646,43.347,2.89,8.7,45.85,2021,Radial Velocity,5977,1.185,G2/G3 V
OGLE-2018-BLG-0567L b,OGLE-2018-BLG-0567L,269.018,-27.9871,7060,12.3,101.705,,2021,Microlensing,,,
OGLE-2018-BLG-0962L b,OGLE-2018-BLG-0962L,268.175,-32.3092,6500,13.6,425.89,,2021,Microlensing,,,
Kepler-487 d,Kepler-487,295.287,41.222,872.343,2.775,8.12,2.41839,2021,Transit,5422,0.887,
Kepler-1822 b,Kepler-1822,297.286,41.3056,897.597,2.648,7.5,22.1334,2021,Transit,5165,0.702,
Kepler-1823 b,Kepler-1823,283.755,45.3351,724.971,2.086,5,21.1034,2021,Transit,6000,1.126,
HD 96700 c,HD 96700,166.974,-30.1751,25.411,1.69,3.5,19.88,2021,Radial Velocity,5845,1.16,G0 V
HD 96700 d,HD 96700,166.974,-30.1751,25.411,3.61,12.7,103.5,2021,Radial Velocity,5845,1.16,G0 V
TOI-2257 b,TOI-2257,194.74,77.6617,57.791,2.194,5.45,35.1893,2021,Transit,3430,0.313,M3
Kepler-1769 b,Kepler-1769,294.743,43.4612,438.412,4.465,18.2,89.1935,2021,Transit,6071,1.295,
Kepler-1778 b,Kepler-1778,287.361,43.7388,1276.29,3.017,9.36,10.0874,2021,Transit,6310,1.095,
Kepler-1824 b,Kepler-1824,296.707,41.2036,1040.1,2.381,6.26,95.611,2021,Transit,6002,1.081,
HD 189567 b,HD 189567,301.396,-67.3238,17.905,2.85,8.5,14.288,2021,Radial Velocity,5726,1.04,G3 V
HD 189567 c,HD 189567,301.396,-67.3238,17.905,2.54,7,33.688,2021,Radial Velocity,5726,1.04,G3 V
HD 137496 c,HD 137496,231.742,-16.509,155.317,12.6,2434.57,479.9,2021,Radial Velocity,5799,1.59,G
Kepler-1782 b,Kepler-1782,280.926,44.0878,305.792,2.229,5.6,5.75623,2021,Transit,4931,0.734,
Kepler-1784 b,Kepler-1784,297.954,44.6675,883.045,2.799,8.24,13.5905,2021,Transit,5442,0.974,
Kepler-1828 b,Kepler-1828,292.428,37.3208,871.81,2.116,5.13,10.2738,2021,Transit,5806,0.899,
Kepler-1829 b,Kepler-1829,288.664,51.4984,679.921,2.479,6.71,5.18672,2021,Transit,5230,0.777,
Kepler-1776 b,Kepler-1776,291.534,47.0425,690.336,2.612,7.33,35.0119,2021,Transit,5872,1.153,
Kepler-1709 b,Kepler-1709,283.375,43.7884,273.946,3.124,9.93,65.7046,2021,Transit,5918,1.043,
Kepler-1833 b,Kepler-1833,290.871,45.4103,591.602,1.3,2.24,6.89213,2021,Transit,6164,1.446,
TOI-3362 b,TOI-3362,155.984,-56.8431,366.987,12.801,1598.36,18.0955,2021,Transit,6532,1.83,
Kepler-1738 b,Kepler-1738,296.131,47.4388,1302.87,2.825,8.37,7.67463,2021,Transit,6063,1.001,
Kepler-1739 b,Kepler-1739,296.232,47.6789,783.666,2.431,6.48,7.34371,2021,Transit,5757,0.762,
Kepler-1924 b,Kepler-1924,293.767,42.8292,1910.77,2.654,7.53,15.3317,2021,Transit,5726,1.285,
Kepler-1925 b,Kepler-1925,289.829,45.1027,1771.31,3.002,9.28,46.7164,2021,Transit,5856,1.092,
HATS-76 b,HATS-76,70.3398,-32.3204,385.689,12.094,835.571,1.94164,2021,Transit,4016,0.626,
Kepler-1130 d,Kepler-1130,285.207,45.3843,249.343,0.645,0.202,4.27225,2021,Transit,5450,0.842,
Kepler-1802 c,Kepler-1802,300.242,44.1413,636.694,2.322,6,33.1361,2021,Transit,4245,0.637,
Kepler-1942 b,Kepler-1942,294.981,44.4252,842.492,2.117,5.13,4.62605,2021,Transit,5834,0.797,
Kepler-1943 b,Kepler-1943,293.318,41.1167,1004.55,1.549,3.02,4.85018,2021,Transit,6032,0.973,
Kepler-1927 b,Kepler-1927,296.355,41.3356,1091,3.406,11.5,73.7504,2021,Transit,6056,2.481,
Kepler-1722 b,Kepler-1722,296.663,41.2612,772.283,2.867,8.58,9.17857,2021,Transit,5506,0.788,
HD 69123 b,HD 69123,123.555,-35.4899,75.116,13.1,982.09,1193.3,2022,Radial Velocity,4842,7.72,K1 III
Kepler-1266 c,Kepler-1266,285.869,42.728,849.312,1.68,3.46,4.86631,2021,Transit,4996,0.831,
Kepler-394 d,Kepler-394,296.302,50.6723,1058.72,1.501,2.86,5.61358,2021,Transit,6398,1.101,
Kepler-1944 b,Kepler-1944,296.51,39.1733,1076.48,2.76,8.05,9.84258,2021,Transit,5585,0.972,
Kepler-1946 b,Kepler-1946,282.336,42.8453,1002.12,2.488,6.75,3.03519,2021,Transit,5505,0.873,
Kepler-1929 b,Kepler-1929,299.583,47.4481,508.201,3.073,9.65,59.3625,2021,Transit,5786,1.471,
Kepler-913 c,Kepler-913,297.583,41.9524,991.618,3.858,14.2,5.93912,2021,Transit,6068,1.797,
Kepler-324 e,Kepler-324,286.471,49.6491,501.574,2.039,235.014,13.9794,2021,Transit,5191,0.826,
Kepler-1727 b,Kepler-1727,290.334,38.7283,894.187,3.173,10.2,9.0293,2021,Transit,5349,0.82,
Kepler-1931 b,Kepler-1931,290.872,43.333,620.091,2.653,7.53,38.5761,2021,Transit,6167,1.221,
Kepler-1530 d,Kepler-1530,288.162,48.1651,489.876,3.279,10.8,9.20761,2021,Transit,5678,1.303,
Kepler-1932 b,Kepler-1932,285.331,41.0638,713.733,1.515,2.91,0.52418,2021,Transit,5278,0.815,
YZ Cet b,YZ Cet,18.1331,-16.9962,3.712,0.913,0.7,2.02087,2017,Radial Velocity,3151,0.157,M4.5 V
YZ Cet c,YZ Cet,18.1331,-16.9962,3.712,1.05,1.14,3.05989,2017,Radial Velocity,3151,0.157,M4.5 V
Kepler-281 d,Kepler-281,294.108,44.7707,1745.45,5.937,654,148.272,2021,Transit,5717,0.884,
Kepler-495 c,Kepler-495,285.931,39.0981,658.924,1.219,1.98,5.89661,2021,Transit,5392,1.087,
Kepler-501 c,Kepler-501,297.201,41.7302,1125.24,1.681,3.47,3.62276,2021,Transit,5794,1.216,
Kepler-196 d,Kepler-196,284.969,42.0791,451.312,2.661,7.56,122.08,2021,Transit,5132,0.77,
Kepler-1950 b,Kepler-1950,287.087,42.6686,697.253,1.527,2.95,10.7769,2021,Transit,5455,0.852,
Kepler-1899 b,Kepler-1899,292.033,37.9745,711.509,1.551,3.02,4.09578,2021,Transit,4791,0.742,
Kepler-1869 b,Kepler-1869,292.615,42.7643,113.025,1.12,1.46,8.16736,2021,Transit,5808,0.902,
Kepler-1312 c,Kepler-1312,292.971,41.0358,299.104,1.027,1.07,1.11612,2021,Transit,5721,0.905,
Kepler-1952 b,Kepler-1952,288.076,43.9585,852.062,1.239,2.07,27.2108,2021,Transit,5973,1.305,
Kepler-1728 b,Kepler-1728,287.094,39.0608,651.783,2.955,9.04,4.783,2021,Transit,5170,0.807,
Kepler-1926 b,Kepler-1926,291.199,44.1662,667.405,2.315,5.97,42.8777,2021,Transit,5256,0.832,
Kepler-1729 b,Kepler-1729,296.694,42.6261,576.181,3.894,14.4,4.22097,2021,Transit,3837,0.517,
Kepler-1972 b,Kepler-1972,288.395,39.8725,287.339,0.802,2.02,7.54425,2022,Transit,5818,1.384,
Kepler-1321 d,Kepler-1321,294.529,46.6409,769.146,2.628,7.41,5.72092,2021,Transit,3640,0.503,
Kepler-1600 c,Kepler-1600,291.399,38.7878,1030.81,1.942,4.43,7.29805,2021,Transit,5119,0.834,
Kepler-1954 b,Kepler-1954,298.003,43.3546,1373.83,1.802,3.9,5.88343,2021,Transit,5840,0.849,
Kepler-1730 b,Kepler-1730,281.961,43.703,1427.08,4.485,18.4,13.8102,2021,Transit,5942,1.142,
Kepler-1721 b,Kepler-1721,283.544,45.2257,641.374,3.119,9.9,4.59238,2021,Transit,5351,0.796,
Kepler-1887 b,Kepler-1887,288.956,44.7057,1366.18,2.925,8.88,19.9475,2021,Transit,5749,0.864,
Kepler-1958 b,Kepler-1958,289.104,41.6901,1320.38,2.051,4.86,9.32862,2021,Transit,5749,0.864,
Kepler-1726 b,Kepler-1726,284.386,45.7197,390.552,2.509,6.84,18.3963,2021,Transit,5316,0.804,
Kepler-1723 b,Kepler-1723,294.463,46.8214,811.278,2.88,8.65,39.7529,2021,Transit,6072,1.01,
Kepler-1705 b,Kepler-1705,301.579,44.3122,1633.49,2.03,4.47,9.03502,2021,Transit,6312,1.259,
OGLE-2019-BLG-0960L b,OGLE-2019-BLG-0960L,274.014,-25.7747,980,1.39,2.5,,2021,Microlensing,,,
Kepler-1890 b,Kepler-1890,292.578,40.6679,529.596,0.869,0.587,4.82059,2021,Transit,6046,1.396,
Kepler-1892 b,Kepler-1892,299.081,42.0181,851.595,1.837,4.03,6.33123,2021,Transit,5383,0.759,
Kepler-1959 b,Kepler-1959,296.022,44.7327,479.263,1.143,1.57,6.38669,2021,Transit,5071,0.811,
Kepler-1960 b,Kepler-1960,294.697,46.7202,1527.56,1.307,2.26,2.29794,2021,Transit,6371,1.072,
Kepler-457 d,KOI-7892,282.378,44.6946,1072.3,2.985,9.19,10.6906,2021,Transit,6474,1.242,
Kepler-633 c,Kepler-633,295.217,40.5922,680.54,2.296,5.89,23.7832,2021,Transit,5877,1.265,
Kepler-1861 b,Kepler-1861,295.847,49.9362,829.985,2.207,5.5,40.0306,2021,Transit,5855,1.373,
Kepler-1863 b,Kepler-1863,282.24,43.2441,865.546,2.263,5.74,44.9976,2021,Transit,5871,0.983,
Kepler-1895 b,Kepler-1895,291.676,48.7625,984.187,2.119,5.14,6.07029,2021,Transit,5076,0.763,
Kepler-1911 b,Kepler-1911,299.304,41.441,269.912,1.011,1.01,5.9908,2021,Transit,5721,0.972,
Kepler-1865 b,Kepler-1865,293.941,41.5904,922.255,1.577,3.11,2.52401,2021,Transit,5420,0.871,
Kepler-1866 b,Kepler-1866,286.225,44.6545,976.737,2.082,4.99,11.6601,2021,Transit,5791,1.083,
Kepler-1897 b,Kepler-1897,294.29,39.1269,983.174,2.814,8.32,24.2203,2021,Transit,5165,0.761,
Kepler-1896 b,Kepler-1896,289.679,40.2497,1732.91,3.099,9.8,44.8702,2021,Transit,6122,0.996,
Kepler-1967 b,Kepler-1967,299.138,43.4985,249.102,0.73,0.315,7.28169,2021,Transit,4970,1.806,
b Cen AB b,b Cen A,220.49,-37.7936,98.094,12.4,3464.33,1.79e+06,2021,Imaging,,,B2.5 V
OGLE-2018-BLG-0532L b,OGLE-2018-BLG-0532L,269.983,-28.9977,773,2.37,6.228,,2020,Microlensing,,,
Kepler-1867 b,Kepler-1867,294.997,43.4359,680.583,1.16,1.65,9.88736,2021,Transit,5693,0.816,
Kepler-1868 b,Kepler-1868,293.298,43.5558,274.18,3.15,10.1,211.034,2021,Transit,4658,0.686,
Kepler-1903 b,Kepler-1903,290.888,51.2482,1775.44,2.286,5.85,17.0679,2021,Transit,6347,0.996,
Kepler-1969 b,Kepler-1969,294.784,49.4921,1204.54,1.682,3.47,6.64752,2021,Transit,6046,1.007,
Kepler-1968 b,Kepler-1968,291.508,45.3701,750.93,1.5,2.86,7.2811,2021,Transit,5008,0.788,
Kepler-1871 b,Kepler-1871,292.428,38.4729,854.623,2.422,6.44,1.9527,2021,Transit,5741,0.946,
Kepler-1872 b,Kepler-1872,281.049,43.3226,840.182,2.384,6.28,3.82591,2021,Transit,5223,0.885,
Kepler-1906 b,Kepler-1906,293.827,38.8566,1360.63,2.776,8.13,7.36269,2021,Transit,5868,0.894,
Kepler-1907 b,Kepler-1907,280.709,47.3279,292.111,0.87,0.589,5.65245,2021,Transit,5159,0.8,
Kepler-1913 b,Kepler-1913,290.217,44.7796,876.3,1.519,2.92,14.196,2021,Transit,6214,1.076,
HD 79181 b,HD 79181,137.994,-19.7474,103.335,14.1,203.41,273.1,2021,Radial Velocity,4862,11.06,G8 III
HD 10975 b,HD 10975,27.1628,37.9528,116.506,14.3,143.023,283.8,2021,Radial Velocity,4840,11.16,K0 III
HD 99283 b,HD 99283,171.487,55.8507,111.093,13.8,308.294,310.4,2021,Radial Velocity,4886,11.21,K0 III
Kepler-1873 b,Kepler-1873,294.597,46.0484,820.957,1.626,3.28,0.55884,2021,Transit,5151,0.792,
Kepler-1874 b,Kepler-1874,286.372,43.6921,408.007,2.211,5.52,56.5732,2021,Transit,4701,0.775,
Kepler-1909 b,Kepler-1909,290.889,42.4596,763.662,1.092,1.33,2.39161,2021,Transit,4935,0.685,
Kepler-1717 b,Kepler-1717,295.213,49.5622,1008.79,2.989,9.21,30.6528,2021,Transit,6200,1.64,
Kepler-1917 b,Kepler-1917,294.104,45.0014,909.037,1.89,4.23,12.9024,2021,Transit,5530,0.788,
Kepler-1918 b,Kepler-1918,292.531,42.2146,1030.11,2.298,5.89,47.0564,2021,Transit,5889,0.924,
ups Leo b,ups Leo,174.237,-0.82356,52.597,14.2,162.092,385.2,2021,Radial Velocity,4836,11.22,G9 III
HD 219139 b,HD 219139,348.36,11.065,104.935,14,247.906,275.5,2021,Radial Velocity,4831,11.22,G5 III
Kepler-616 d,Kepler-616,294.989,46.8383,945.775,2.653,7.52,51.0674,2021,Transit,6004,0.977,
Kepler-534 c,Kepler-534,296.419,49.5401,570.659,1.227,2.02,7.37869,2021,Transit,5936,0.965,
Kepler-1919 b,Kepler-1919,283.132,43.956,1177.53,2.624,7.38,37.8866,2021,Transit,5513,0.818,
Kepler-1488 c,Kepler-1488,286.646,49.9378,905.825,1.652,3.37,6.15827,2021,Transit,5710,1.524,
gam Psc b,gam Psc,349.295,3.28237,41.311,13.6,425.89,555.1,2021,Radial Velocity,4742,11.2,G7 III
HIP 34222 b,HIP 34222,106.426,27.4704,22.839,13.9,263.798,159.986,2021,Radial Velocity,4050,0.619,K7 V
Kepler-1881 b,Kepler-1881,293.639,44.9825,1057.21,2.981,9.17,159.394,2021,Transit,5135,0.874,
Kepler-1879 b,Kepler-1879,289.364,41.5333,627.171,2.065,4.92,10.6134,2021,Transit,5865,1.388,
Kepler-1934 b,Kepler-1934,290.919,37.2872,428.514,0.913,0.702,1.41976,2021,Transit,5925,1.035,
Kepler-1935 b,Kepler-1935,296.404,39.7227,904.702,2.503,6.82,3.9514,2021,Transit,5570,0.899,
Kepler-1921 b,Kepler-1921,300.316,45.4953,928.989,2.895,8.72,20.0348,2021,Transit,6120,2,
HIP 86221 b,HIP 86221,264.295,27.8964,29.49,14,225.658,2.224,2021,Radial Velocity,,,K5 V
Kepler-1883 b,Kepler-1883,291.923,42.0025,1377.61,3.251,10.6,103.427,2021,Transit,6208,1.024,
Kepler-1938 b,Kepler-1938,299.352,41.1957,421.152,1.828,4,13.0626,2021,Transit,4522,0.655,
TOI-1268 b,TOI-1268,198.389,62.3054,109.557,9.1,96.4,8.15771,2022,Transit,5300,0.92,K1-K2
K2-25 b,K2-25,63.2739,15.2477,44.956,3.44,24.5,3.48456,2015,Transit,3207,0.293,M4.5 V
TOI-2136 b,TOI-2136,281.176,36.5631,33.363,2.19,6.37,7.85193,2022,Transit,3342,0.34,M4.5 V
K2-382 b,K2-382,287.413,-19.6269,278.412,2.072,4.95,21.7002,2022,Transit,5452,0.811,
K2-376 b,K2-376,132.719,25.0381,161.61,1.736,3.66,5.77647,2022,Transit,5937,1.149,G1
iot Dra b,iot Dra,231.232,58.9661,31.328,12.4,3756.73,510.854,2002,Radial Velocity,4504,11.79,K2 III
CoRoT-35 b,CoRoT-35,289.314,-2.77471,1123.21,18.831,349.611,3.22748,2022,Transit,6390,1.65,F6 V
CoRoT-36 b,CoRoT-36,277.751,7.18335,925.958,15.805,216.123,5.61653,2022,Transit,6730,1.52,F3 V
K2-383 b,K2-383,282.009,-18.3796,203.788,1.564,3.07,1.86596,2022,Transit,5129,0.804,
K2-366 b,K2-366,243.68,-19.3469,185.947,2.359,6.16,15.937,2022,Transit,5601,0.94,
iot Dra c,iot Dra,231.232,58.9661,31.328,12.2,4958.12,25000,2021,Radial Velocity,4504,11.79,K2 III
K2-373 b,K2-373,123.136,13.6885,229.567,2.061,4.9,11.0207,2022,Transit,6138,1.486,
K2-367 b,K2-367,337.859,-13.2645,176.965,2.413,6.41,20.6451,2022,Transit,4348,0.625,
HD 160691 c,HD 160691,266.036,-51.8349,15.598,,1398.44,3947,2004,Radial Velocity,5773,1.33,G3 IV-V
HD 160691 d,HD 160691,266.036,-51.8349,15.598,3.23,10.49,9.6392,2004,Radial Velocity,5773,1.33,G3 IV-V
K2-384 f,K2-384,20.4998,0.75097,82.66,2.222,5.57,13.6275,2022,Transit,3623,0.348,M4 V
K2-369 b,K2-369,329.726,-10.8751,185.55,1.313,2.28,5.76161,2022,Transit,5682,0.881,
TOI-620 b,TOI-620,142.173,-12.1672,33.023,3.76,13.6,5.09882,2022,Transit,3708,0.55,M2.5 V
AB Aur b,AB Aur,73.941,30.5511,162.127,12.5,2860.46,,2022,Imaging,9770,2.959,
HD 33142 b,HD 33142,76.8981,-13.9863,121.375,13.7,400.464,330,2011,Radial Velocity,5025,4.17,K0 III
K2-384 e,K2-384,20.4998,0.75097,82.66,1.345,2.37,9.71504,2022,Transit,3623,0.348,M4 V
K2-371 b,K2-371,128.067,11.6307,442.813,13.024,,3.1149,2022,Transit,4925,0.736,
K2-372 b,K2-372,130.799,13.0094,463.88,2.945,8.98,9.84408,2022,Transit,5479,0.922,
TYC 2187-512-1 b,TYC 2187-512-1,320.527,22.9319,15.474,12.5,104.883,691.9,2022,Radial Velocity,3734,0.495,M1.0 V
TOI-1246 b,TOI-1246,251.116,70.43,169.422,3.01,8.1,4.30744,2022,Transit,5151,0.86,K V
HD 160691 e,HD 160691,266.036,-51.8349,15.598,,2224.8,307.9,2006,Radial Velocity,5773,1.33,G3 IV-V
K2-393 b,K2-393,348.516,-0.0821,265.914,2.352,6.13,10.4132,2022,Transit,5678,1.071,
K2-375 b,K2-375,130.501,20.3593,696.1,2.243,5.66,14.4539,2022,Transit,5822,1.543,
HIP 94235 b,HIP 94235,287.741,-60.2726,58.515,3,379,7.71306,2022,Transit,5991,1.08,G V
KOI-984 c,KOI-984,291.049,36.8401,252.667,14.1,209.8,21.512,2022,Transit Timing Variations,5295,0.818,
K2-389 c,K2-389,355.63,-9.71358,259.208,2.04,4.82,20.8513,2022,Transit,5782,1.084,G3
K2-390 b,K2-390,355.702,-9.58871,456.122,4.662,19.6,3.31279,2022,Transit,5558,0.966,G4
HD 73583 b,HD 73583,129.688,-13.2565,31.567,2.79,10.2,6.39804,2022,Transit,4511,0.65,K4 V
HD 103891 b,HD 103891,179.438,-8.54862,55.521,13.2,918.524,1919,2022,Radial Velocity,6072,2.22,F9
HD 105779 b,HD 105779,182.661,-16.9565,55.241,14.1,203.41,2412,2022,Radial Velocity,5792,0.94,G2
HD 33142 d,HD 33142,76.8981,-13.9863,121.375,9.32,63.566,89.9,2022,Radial Velocity,5025,4.17,K0 III
HD 19615 b,HD 19615,48.7813,73.868,265.155,12.6,2701.54,402,2022,Radial Velocity,4263,32.3,K0
K2-391 b,K2-391,356.226,-7.70152,507.94,1.371,2.45,4.62265,2022,Transit,5543,0.566,G7
HD 73583 c,HD 73583,129.688,-13.2565,31.567,2.39,9.7,18.8797,2022,Transit,4511,0.65,K4 V
GJ 411 b,GJ 411,165.834,35.9723,5.676,1.45,2.69,12.9394,2019,Radial Velocity,3719,0.368,M1.5 V
TOI-1064 c,TOI-1064,296.004,-47.562,68.073,2.651,2.5,12.2266,2022,Transit,4734,0.726,
K2-316 b,K2-316,233.625,-23.2595,112.486,1.33,2.33,1.133,2020,Transit,3436,0.379,
HD 95735 c,GJ 411,165.834,35.9723,5.676,3.76,13.6,2946,2021,Radial Velocity,3719,0.368,M1.5 V
TOI-2669 b,TOI-2669,134.723,-13.3126,393.443,19.728,193.875,6.2034,2022,Transit,4800,4.1,
TOI-4329 b,TOI-4329,329.564,71.1316,717.128,16.813,143.023,2.9223,2022,Transit,6000,2.31,
K2-397 b,K2-397,79.9517,21.2592,199.354,2.417,6.42,3.57233,2022,Transit,5387,0.966,G7
K2-316 c,K2-316,233.625,-23.2595,112.486,1.83,4.01,5.26,2020,Transit,3436,0.379,
TOI-2046 b,TOI-2046,16.1849,74.3313,289.668,16.141,731.005,1.49718,2022,Transit,6250,1.21,F8 V
Kepler-1656 c,Kepler-1656,284.472,39.9119,185.875,14,126.4,1919,2022,Radial Velocity,5569,1.1,
TOI-206 b,TOI-206,73.7382,-62.5219,47.746,1.3,2.24,0.73631,2022,Transit,3383,0.35,
K2-398 c,K2-398,161.735,1.9367,606.992,5.098,22.8,18.7878,2022,Transit,5946,1.239,G2
K2-319 b,K2-319,166.801,3.03994,209.071,2.79,8.2,26.68,2020,Transit,5440,0.898,
TOI-1693 b,TOI-1693,90.3084,34.7731,30.795,1.41,2.57,1.7667,2022,Transit,3499,0.46,
K2-402 b,K2-402,161.452,6.41932,523.055,2.678,7.65,17.2747,2022,Transit,5716,1.28,G2
K2-323 b,K2-323,159.421,6.28587,118.318,2.1,5.06,24.93,2020,Transit,3710,0.549,
HD 81040 b,HD 81040,140.946,20.3646,34.434,12.6,2301.08,1002.7,2005,Radial Velocity,5755,0.91,G2/G3
HD 171238 b,HD 171238,278.682,-28.0728,44.811,12.5,2796.89,1515,2009,Radial Velocity,5467,1.01,G8 V
HD 87883 b,HD 87883,152.179,34.242,18.291,12.7,2005.5,3006,2009,Radial Velocity,4980,0.799,K0
TOI-2411 b,TOI-2411,20.9225,-8.70179,59.536,1.68,3.46,0.78269,2022,Transit,4099,0.68,
TOI-2427 b,TOI-2427,52.2917,-31.3629,28.515,1.8,3.89,1.306,2022,Transit,4072,0.65,
K2-404 b,K2-404,160.325,12.1911,121.63,2.53,6.94,13.1154,2022,Transit,3748,0.552,M1
K2-325 b,K2-325,353.917,-7.68672,111.638,2.2,5.48,6.93,2020,Transit,3287,0.298,
HD 106515 A b,HD 106515 A,183.776,-7.25754,34.092,12.1,6006.96,3626,2012,Radial Velocity,5362,0.91,G5 V
KMT-2017-BLG-2509L b,KMT-2017-BLG-2509L,265.59,-26.3172,7040,13.4,664.261,,2021,Microlensing,,,
K2-406 b,K2-406,230.887,-25.3706,85.375,4.602,19.2,22.5494,2022,Transit,5784,0.961,G4
K2-326 b,K2-326,351.612,1.33759,282.308,2.28,5.82,1.256,2020,Transit,3924,0.688,
TOI-5153 b,TOI-5153,91.5403,-19.9534,390.484,11.882,1036.12,20.33,2022,Transit,6300,1.4,F8 V
NGTS-20 b,NGTS-20,46.2926,-21.9337,382.898,11.994,947.129,54.1891,2022,Transit,5980,1.78,G1 IV
HD 29021 b,HD 29021,69.4681,60.6763,30.994,12.9,1420.69,1365,2017,Radial Velocity,5560,0.85,G5
KMT-2021-BLG-0912L b,KMT-2021-BLG-0912L,269.821,-31.9976,5560,1.49,2.81,,2022,Microlensing,,,K
K2-407 c,K2-407,232.555,-23.0067,218.376,1.36,2.42,9.22453,2022,Transit,5563,0.927,G4
K2-199 b,K2-199,208.901,-6.13608,107.518,1.73,6.9,3.2254,2018,Transit,4491,0.682,
Ross 508 b,Ross 508,230.961,17.4605,11.21,1.83,4,10.77,2022,Radial Velocity,3071,0.211,M4.5 V
K2-387 b,K2-387,19.4418,11.3685,266.318,7.322,42.2,28.7353,2022,Transit,3572,0.585,
K2-374 b,K2-374,137.38,16.3558,359.439,1.593,3.16,4.52195,2022,Transit,5789,0.907,G3
HD 136118 b,HD 136118,229.731,-1.59229,51.436,12.3,4164.19,1187.6,2022,Radial Velocity,6097,1.678,F7 V
HD 140901 b,HD 140901,236.869,-37.9172,15.253,4.07,15.574,9.02378,2022,Radial Velocity,5610,0.95,G7 IV
HD 93351 c,HD 93351,161.678,-1.68858,56.163,12.3,4154.02,14010.3,2022,Radial Velocity,5408,0.911,
GJ 2030 b,GJ 2030,50.8238,-7.79504,37.079,2.03,4.767,2.38129,2022,Radial Velocity,5485,2.241,
TOI-2570 b,TOI-2570,87.188,32.084,361.857,13.641,260.619,2.98876,2022,Transit,5771,1.095,
HD 113337 b,HD 113337,195.444,63.6103,36.18,13.1,1035.8,317.586,2013,Radial Velocity,6774,1.5,F6 V
HIP 97233 b,HIP 97233,296.422,-0.69688,102.275,12.1,6098.17,1062.27,2014,Radial Velocity,5020,5.34,K0/1 III
HD 144899 b,HD 144899,242.572,-47.9147,115.665,4.77,20.341,40.4391,2022,Radial Velocity,6126,1.648,
HD 142 A d,HD 142,1.58368,-49.0754,26.185,10.9,82.635,108.453,2022,Radial Velocity,6245,1.47,F7V
GJ 2030 c,GJ 2030,50.8238,-7.79504,37.079,12.3,4069.16,25533.1,2022,Radial Velocity,5485,2.241,
GJ 3222 b,GJ 3222,50.8972,-40.0762,18.238,3.4,11.442,10.6667,2022,Radial Velocity,5257,0.931,K0V
GJ 680 b,GJ 680,263.807,-48.6788,9.673,12,7977.49,17281.7,2022,Radial Velocity,3563,0.459,K5
TOI-3331 A b,TOI-3331 A,271.324,-34.1072,217.193,12.98,721.47,2.01802,2022,Transit,5609,0.952,
TOI-3693 b,TOI-3693,15.6544,51.3039,176.436,12.599,324.185,9.08852,2022,Transit,5321,0.791,
HD 145934 b,HD 145934,243.291,13.2394,227.881,13.4,658.54,2751.53,2015,Radial Velocity,4824,6.931,K0
HD 151450 b,HD 151450,252.008,-15.9643,43.6,6.94,38.457,21.8929,2022,Radial Velocity,6092,1.172,
HD 149806 b,HD 149806,249.286,0.25468,20.273,12.3,4003.68,16521.5,2022,Radial Velocity,5352,0.89,K0V
HD 151450 c,HD 151450,252.008,-15.9643,43.6,12.8,1636.18,18144.8,2022,Radial Velocity,6092,1.172,
HD 115404 A b,HD 115404 A,199.216,17.016,10.982,6.09,30.829,10.4949,2022,Radial Velocity,5019,0.727,K2V
TOI-2196 b,TOI-2196,312.34,-70.4851,259.947,3.51,26,1.19473,2022,Transit,5634,1.043,G V
HD 191806 b,HD 191806,302.369,52.2767,65.667,12.5,2966.61,1603.39,2016,Radial Velocity,6010,1.402,K0
HD 153557 c,HD 153557,254.471,47.3679,17.941,4.36,17.481,15.2702,2022,Radial Velocity,4837,0.745,K0
HD 153557 d,HD 153557,254.471,47.3679,17.941,11.9,8725.66,40654.6,2022,Radial Velocity,4837,0.745,K0
HD 12235 c,HD 12235,30.0392,3.09591,31.763,12.5,3135.7,36336.7,2022,Radial Velocity,5986,1.802,
HD 56414 b,HD 56414,107.844,-68.8333,272.217,3.71,13.3,29.0499,2022,Transit,8500,1.751,
GJ 896 A b,GJ 896 A,352.97,19.937,6.26,13.3,718.292,284.39,2022,Astrometry,3345,0.395,M3.5 V
GJ 676 A c,GJ 676 A,262.545,-51.6378,16.027,12.3,4288.14,13921.4,2016,Radial Velocity,3734,0.69,M0
HD 219828 c,HD 219828,349.695,18.6457,73.114,12.2,5102.42,4789.87,2016,Radial Velocity,5891,1.56,G0 IV
HD 72892 b,HD 72892,128.72,-14.4574,69.731,12.8,1737.89,39.446,2016,Radial Velocity,5688,1.22,G5 V
HD 155918 b,HD 155918,260.536,-75.3492,27.561,2.67,7.628,1.87567,2022,Radial Velocity,5772,1.019,G2V
TOI-2048 b,TOI-2048,237.924,52.3063,116.567,2.61,7.32,13.7902,2022,Transit,5185,0.79,G V
HD 111232 b,HD 111232,192.216,-68.4247,28.957,12.6,2531.5,1169.13,2003,Radial Velocity,5512,0.9,G8 V
HD 10697 b,HD 10697,26.2324,20.0827,33.12,12.8,1825.29,1075.38,1999,Radial Velocity,5641,1.863,G3 V
HD 125612 b,HD 125612,215.223,-17.4818,57.621,13.2,945.222,557.7,2007,Radial Velocity,5900,1.07,G3 V
HIP 67537 b,HIP 67537,207.581,-39.9009,116.046,12.3,4309.12,2523.65,2017,Radial Velocity,4985,8.69,K1 III
HD 156098 c,HD 156098,259.265,-32.6631,48.249,12.8,1661.61,7841.58,2022,Radial Velocity,6419,2.757,
HD 156098 b,HD 156098,259.265,-32.6631,48.249,4.12,15.891,21.8585,2022,Radial Velocity,6419,2.757,
HD 168863 b,HD 168863,275.664,-18.022,39.898,12.7,2154.88,14773.9,2022,Radial Velocity,4905,0.778,
HIP 19976 b,HIP 19976,64.2598,-40.7985,40.271,4.94,21.612,50.6591,2022,Radial Velocity,4316,0.772,
HD 203387 c,HD 203387,320.562,-16.8345,61.748,12.6,2378.95,2481.07,2022,Radial Velocity,5174,10.585,
HIP 35965 b,HIP 35965,111.203,-51.3257,50.168,12.6,2589.98,26125.6,2022,Radial Velocity,4836,0.698,
HD 125612 c,HD 125612,215.223,-17.4818,57.621,4.07,15.574,4.15466,2009,Radial Velocity,5900,1.07,G3 V
HD 125612 d,HD 125612,215.223,-17.4818,57.621,12.7,2281.37,2822.73,2009,Radial Velocity,5900,1.07,G3 V
HD 156279 c,HD 156279,258.097,63.3528,36.194,12.5,3098.83,4818.25,2016,Radial Velocity,5453,0.95,G6
HD 27894 d,HD 27894,65.1976,-59.4097,43.821,12.7,2063.66,5019.54,2017,Radial Velocity,4875,0.892,K2 V
HD 181234 b,HD 181234,290,-9.32497,47.746,12.5,2980.91,7593.41,2019,Radial Velocity,5386,1.059,G8 IV
HD 18143 b,HD 18143,43.914,26.8724,22.524,3.28,10.806,10.2851,2022,Radial Velocity,5078,0.87,K2
HIP 948 b,HIP 948,2.92763,-39.2305,34.852,12.1,6547.27,24955.5,2022,Radial Velocity,4497,0.688,
HD 139357 b,HD 139357,233.817,53.9222,112.09,12.1,6315.57,1124.79,2008,Radial Velocity,4700,11.47,K4 III
HD 25015 b,HD 25015,59.4335,-20.2673,37.433,12.5,2884.93,6134.43,2019,Radial Velocity,5160,0.83,K2 V
HD 188641 b,HD 188641,299.405,-37.7449,64.34,11.9,9333.03,14583.8,2022,Radial Velocity,5897,1.945,
HD 168443 b,HD 168443,275.016,-9.59669,39.624,12.6,2424.39,58.1119,1998,Radial Velocity,5491,1.711,G5
HD 156279 b,HD 156279,258.097,63.3528,36.194,12.5,2997.76,133.404,2011,Radial Velocity,5453,0.95,G6
HD 168443 c,HD 168443,275.016,-9.59669,39.624,12.2,5500.34,1753.11,2000,Radial Velocity,5491,1.711,G5
GJ 229 A c,GJ 229,92.6436,-21.8677,5.756,2.87,8.581,121.933,2020,Radial Velocity,3564,0.46,M1.5V
HD 81817 b,HD 81817,144.272,81.3263,269.126,12,7668.56,1021.2,2020,Radial Velocity,4140,83.8,K3 III
HD 204313 e,HD 204313,322.051,-21.7274,47.794,12.2,4868.18,7325.65,2022,Radial Velocity,5767,1.1,G5 V
HD 169830 c,HD 169830,276.956,-29.8168,37.605,12.6,2437.43,1818.82,2003,Radial Velocity,6300,1.936,F7 V
HIP 56640 b,HIP 56640,174.201,-37.0391,122.324,12.7,2151.7,2675.58,2021,Radial Velocity,4769,4.93,K1 III
HD 213519 b,HD 213519,337.773,45.1452,41.001,2.99,9.217,11.1221,2022,Radial Velocity,5840,1.083,
HD 217786 c,HD 217786,345.784,-0.43036,55.485,2.61,7.31,2.52221,2022,Radial Velocity,5966,1.27,F8 V
TOI-3629 b,TOI-3629,359.793,39.3143,130.091,8.295,82.635,3.93655,2022,Transit,3870,0.6,M1
HD 183263 c,HD 183263,292.102,8.35792,54.196,12.5,2958.98,4667.98,2008,Radial Velocity,5948,1.23,G2 IV
HD 66428 c,HD 66428,120.869,-1.1636,53.282,13.5,560.649,10478.8,2021,Radial Velocity,5716,1.13,G8 IV (+ G)
HD 80869 b,HD 80869,140.791,33.9048,85.395,12.8,1609.8,1752.92,2021,Radial Velocity,5837,1.062,G5
HD 25912 b,HD 25912,60.9075,-51.9315,49.166,6.9,38.139,41.8316,2022,Radial Velocity,5921,0.996,
HD 217958 b,HD 217958,346.137,-25.6918,61.796,14.2,166.542,2560.2,2022,Radial Velocity,5931,1.326,
HD 25912 c,HD 25912,60.9075,-51.9315,49.166,12.2,5252.75,26308.7,2022,Radial Velocity,5921,0.996,
HD 109988 b,HD 109988,189.815,-32.7264,42.528,12.1,6935.33,17132.2,2022,Radial Velocity,5186,0.87,
HD 28192 b,HD 28192,66.7032,-1.72448,49.806,12.2,99.798,14.2328,2022,Radial Velocity,5920,1.071,
HD 43197 c,HD 43197,93.3993,-29.8972,62.411,12.6,2500.67,9295.97,2022,Radial Velocity,5508,1,G8 V
HD 38529 b,HD 38529,86.6451,1.16759,42.354,14.1,206.588,14.3099,2000,Radial Velocity,5697,2.858,G4 IV
HD 38529 c,HD 38529,86.6451,1.16759,42.354,12.5,3299.06,2127.61,2000,Radial Velocity,5697,2.858,G4 IV
HD 110537 b,HD 110537,190.746,-4.05011,45.086,11.9,8612.83,24469.7,2022,Radial Velocity,5718,1.166,G6/8 V
HD 56957 b,HD 56957,109.325,-40.6561,61.492,12.8,1880.91,5859.09,2022,Radial Velocity,5743,1.778,
HD 62364 c,HD 62364,113.905,-75.5443,53.112,12,7923.46,74839.9,2022,Radial Velocity,6255,1.401,F7 V
TOI-712 c,TOI-712,92.9361,-65.8258,58.621,2.701,7.76,51.6991,2022,Transit,4622,0.674,K4.5 V
TOI-712 d,TOI-712,92.9361,-65.8258,58.621,2.474,6.68,84.8396,2022,Transit,4622,0.674,K4.5 V
HD 43197 b,HD 43197,93.3993,-29.8972,62.411,14.2,175.759,308.921,2010,Radial Velocity,5508,1,G8 V
HD 4113 b,HD 4113,10.8027,-37.9831,41.873,13.5,541.262,526.524,2007,Radial Velocity,5688,1.078,G5 V
HD 111232 c,HD 111232,192.216,-68.4247,28.957,12.2,5740.94,26472.4,2022,Radial Velocity,5512,0.9,G8 V
HD 62549 b,HD 62549,116.082,-5.05412,49.331,12.6,2707.58,14306.9,2022,Radial Velocity,5930,1.232,
TOI-1452 b,TOI-1452,290.174,73.1951,30.521,1.672,4.82,11.062,2022,Transit,3185,0.275,M4 +/- 0.5 V
KMT-2021-BLG-0171L b,KMT-2021-BLG-0171L,269.242,-30.0931,4600,3.35,11.2,,2022,Microlensing,5200,,
HD 73267 b,HD 73267,129.074,-34.4594,50.409,13,1321.53,1257.99,2008,Radial Velocity,5387,0.909,K0 V
HD 11505 b,HD 11505,28.275,-1.32844,38.968,12.6,2510.53,32669.2,2022,Radial Velocity,5757,1.196,
HD 80913 b,HD 80913,138.102,-81.7685,61.36,12,7505.2,10839.8,2022,Radial Velocity,6013,1.654,
HD 81817 c,HD 81817,144.272,81.3263,269.126,12,7185.78,622.978,2022,Radial Velocity,4140,83.8,K3 III
TOI-2207 b,TOI-2207,307.597,-44.8876,373.345,11.153,203.41,8.00197,2022,Transit,6101,1.564,
HD 86264 b,HD 86264,149.241,-15.8954,67.811,12.5,3117.26,1488.79,2009,Radial Velocity,6210,1.88,F7 V
HD 7449 b,HD 7449,18.6215,-5.04797,38.662,12.6,2597.93,1270.55,2011,Radial Velocity,6024,0.97,F9.5 V
HD 8673 b,HD 8673,21.5378,34.5793,37.862,12.3,4210.59,1644.69,2009,Radial Velocity,6389,1.502,F5
HD 127506 b,HD 127506,217.685,35.4546,22.528,5.67,27.333,65.784,2022,Radial Velocity,4595,0.736,K3V
HD 135872 b,HD 135872,229.421,-5.20247,82.425,12.8,1744.56,2422.33,2022,Radial Velocity,4992,3.93,
HD 86065 b,HD 86065,148.926,-18.1069,40.366,12.5,2877.3,25775.8,2022,Radial Velocity,4928,0.78,
HD 88072 b,HD 88072,152.347,2.37105,35.91,12.6,2511.8,18538.8,2022,Radial Velocity,5785,1.032,
HD 93351 b,HD 93351,161.678,-1.68858,56.163,1.69,3.496,2.45946,2022,Radial Velocity,5408,0.911,
TOI-2421 b,TOI-2421,33.154,-35.3909,327.927,10.368,105.837,4.3474,2022,Transit,5607,1.75,
HD 142 c,HD 142,1.58368,-49.0754,26.185,12.4,3464.65,10159.6,2012,Radial Velocity,6245,1.47,F7V
TOI-2583 A b,TOI-2583 A,272.267,45.3369,566.189,14.46,79.457,4.52073,2023,Transit,5936,1.477,
OGLE-2018-BLG-1119L b,OGLE-2018-BLG-1119L,270.029,-32.3753,5760,13.9,289.224,,2022,Microlensing,,,
KMT-2021-BLG-1554L b,KMT-2021-BLG-1554L,267.803,-31.8644,7680,6.9,38.139,,2022,Microlensing,,,
TOI-2796 b,TOI-2796,84.1527,0.89628,350.343,17.262,139.844,4.8085,2023,Transit,5764,1.069,
TOI-2096 b,TOI-2096,151.619,74.8272,48.481,1.243,2.08,3.11906,2023,Transit,3300,0.235,M4
KMT-2021-BLG-1898L b,KMT-2021-BLG-1898L,265.692,-27.3758,6900,14,232.015,,2022,Microlensing,,,
GJ 338 B b,GJ 338 B,138.592,52.6835,6.333,3.25,10.6,24.422,2020,Radial Velocity,4014,0.58,M0 V
TOI-2842 b,TOI-2842,108.044,-10.6393,460.995,12.845,117.597,3.55141,2023,Transit,5910,1.265,
TOI-4603 b,TOI-4603,83.8659,21.2942,225.643,11.68,4096.81,7.24599,2023,Transit,6264,2.738,F
KMT-2021-BLG-0712L b,KMT-2021-BLG-0712L,269.286,-31.1845,3090,6.91,38.19,,2023,Microlensing,,,
KMT-2021-BLG-0909L b,KMT-2021-BLG-0909L,265.62,-27.6391,6480,13.7,400.464,,2023,Microlensing,,,
MASCARA-1 b,MASCARA-1,317.552,10.7389,182.273,17.901,1175.97,2.14877,2017,Transit,7490,2.082,A8
K2-38 b,K2-38,240.033,-23.1894,192.69,1.54,7.3,4.01593,2016,Transit,5731,1.06,G2 V
TOI-3364 b,TOI-3364,144.538,-49.3352,277.899,12.229,530.773,5.87689,2023,Transit,5706,1.419,
KMT-2021-BLG-2478L b,KMT-2021-BLG-2478L,269.309,-29.102,2970,13.9,286.046,,2023,Microlensing,,,
KMT-2021-BLG-1105L b,KMT-2021-BLG-1105L,265.732,-25.5089,4540,13.6,413.177,,2023,Microlensing,,,
K2-414 b,K2-414,351.636,-4.60666,260.036,1.219,1.98,4.3696,2022,Transit,4343,0.732,
TOI-4582 b,TOI-4582,256.86,68.8656,383.846,10.536,168.449,31.034,2023,Transit,5190,2.5,
TOI-3688 A b,TOI-3688 A,39.2823,54.8512,396.378,13.081,311.472,3.24607,2023,Transit,5950,1.302,
TOI-942 c,TOI-942,76.6496,-20.2456,152.601,4.67,37,10.1563,2020,Transit,4969,0.894,K2.5 V
TOI-733 b,TOI-733,159.409,-40.8883,75.209,1.992,5.72,4.88476,2023,Transit,5585,0.949,G
Kepler-20 c,Kepler-20,287.698,42.3386,282.563,2.894,11.1,10.8541,2011,Transit,5495,0.916,
HIP 21152 b,HIP 21152,68.0205,5.41007,43.407,12,7627.88,22000,2022,Imaging,6655,1.592,F5 V
OGLE-2019-BLG-0468L c,OGLE-2019-BLG-0468L,266.406,-24.4473,4400,12.5,3248.21,,2022,Microlensing,,,G
OGLE-2019-BLG-0468L b,OGLE-2019-BLG-0468L,266.406,-24.4473,4400,13.1,1090.15,,2022,Microlensing,,,G
TOI-3976 A b,TOI-3976 A,224.356,44.2743,516.087,12.274,55.62,6.60766,2023,Transit,5975,1.501,
KMT-2017-BLG-1003L b,KMT-2017-BLG-1003L,265.411,-24.3739,7090,2.13,5.19,,2023,Microlensing,,,
TOI-4087 b,TOI-4087,217.926,83.3727,301.676,13.047,232.015,3.17748,2023,Transit,6060,1.112,
TOI-942 b,TOI-942,76.6496,-20.2456,152.601,3.89,826.358,4.32421,2020,Transit,4969,0.894,K2.5 V
KMT-2021-BLG-0240L b,KMT-2021-BLG-0240L,267.577,-30.005,6600,9.6,66.744,,2022,Microlensing,,,
KMT-2017-BLG-0673L b,KMT-2017-BLG-0673L,264.757,-33.808,5080,13,1166.43,,2022,Microlensing,,,
KMT-2019-BLG-1367L b,KMT-2019-BLG-1367L,272.471,-29.7622,4670,1.85,4.08,,2023,Microlensing,,,
OGLE-2017-BLG-1806L b,OGLE-2017-BLG-1806L,266.623,-24.2723,6400,2.15,5.27,,2023,Microlensing,,,
TOI-4791 b,TOI-4791,109.388,-19.8289,328.802,12.442,734.184,4.28088,2023,Transit,6058,1.409,
EPIC 229004835 b,EPIC 229004835,186.486,-1.40472,121.971,2.332,10.4,16.1411,2023,Transit,5868,0.999,
OGLE-2019-BLG-1053L b,OGLE-2019-BLG-1053L,270.166,-27.3416,6800,1.38,2.48,,2021,Microlensing,,,
KMT-2019-BLG-2974L b,KMT-2019-BLG-2974L,267.852,-29.4232,6100,11.4,88.992,,2022,Microlensing,,,
OGLE-2019-BLG-1470L AB c,OGLE-2019-BLG-1470L A,271.949,-27.0336,5900,13.3,699.222,,2022,Microlensing,,,
HD 23472 b,HD 23472,55.459,-62.7673,39.034,2,8.32,17.6671,2019,Transit,4684,0.71,K4 V
HD 191939 c,HD 191939,302.026,66.8503,53.609,3.195,8,28.5797,2020,Transit,5348,0.94,G9 V
OGLE-2018-BLG-0506L b,OGLE-2018-BLG-0506L,267.63,-31.9241,5600,4.18,16.3,,2022,Microlensing,,,
TIC 279401253 b,TIC 279401253,57.6572,-15.0262,285.584,11.209,1951.47,76.8,2023,Transit,5951,1.06,
HD 23472 c,HD 23472,55.459,-62.7673,39.034,1.87,3.41,29.7975,2019,Transit,4684,0.71,K4 V
HD 23472 f,HD 23472,55.459,-62.7673,39.034,1.137,0.77,12.1622,2022,Transit,4684,0.71,K4 V
OGLE-2019-BLG-1492L b,OGLE-2019-BLG-1492L,270.096,-28.6311,5600,6.79,37.1,,2022,Microlensing,,,
TIC 279401253 c,TIC 279401253,57.6572,-15.0262,285.584,12.6,2548.98,155.3,2023,Transit,5951,1.06,
TOI-1811 b,TOI-1811,188.922,27.2144,128.23,11.142,308.929,3.71308,2023,Transit,4766,0.769,
HD 23472 d,HD 23472,55.459,-62.7673,39.034,0.75,0.55,3.97664,2022,Transit,4684,0.71,K4 V
HD 23472 e,HD 23472,55.459,-62.7673,39.034,0.818,0.72,7.90754,2022,Transit,4684,0.71,K4 V
HATS-54 b,HATS-54,200.635,-44.6888,748.585,11.377,239.325,2.54418,2019,Transit,5621,1.23,G6 V
HD 45364 c,HD 45364,96.4106,-31.481,34.354,14.2,174.488,345.43,2008,Radial Velocity,5466,0.89,K0 V
KMT-2021-BLG-1253L b,KMT-2021-BLG-1253L,267.617,-29.2793,6640,4.59,19.05,,2022,Microlensing,,,
TOI-2152 A b,TOI-2152,26.339,77.7901,303.006,14.359,899.454,3.37735,2023,Transit,6630,1.612,F4 V
NGTS-23 b,NGTS-23,70.4323,-40.0445,1074.95,14.202,194.829,4.07643,2022,Transit,6057,1.24,F9 V
NGTS-24 b,NGTS-24,168.564,-37.9101,683.062,13.608,165.271,3.46788,2022,Transit,5820,1.64,G2 IV
NGTS-25 b,NGTS-25,307.418,-39.0324,521.233,11.467,203.092,2.82309,2022,Transit,5321,0.86,K0 V
KMT-2021-BLG-1372L b,KMT-2021-BLG-1372L,264.489,-28.1484,5970,9.12,61.27,,2022,Microlensing,,,
TOI-2497 b,TOI-2497,90.0626,11.8841,285.289,11.142,1531.93,10.6557,2023,Transit,7360,2.36,
TOI-5542 b,TOI-5542,302.798,-61.1355,348.849,11.31,419.533,75.1238,2022,Transit,5700,1.058,G3 V
TOI-2338 b,TOI-2338,81.3446,-34.6683,313.996,11.209,1900.61,22.654,2023,Transit,5581,1.05,
KMT-2021-BLG-1077L b,KMT-2021-BLG-1077L,266.489,-33.8428,8240,9.86,69.922,,2022,Microlensing,,,M V
PZ Tel b,PZ Tel,283.275,-50.1809,47.065,11.9,8581.37,44000,2023,Imaging,5169,1.256,G9 IV
KMT-2018-BLG-0030L b,KMT-2018-BLG-0030L,264.517,-28.0416,6480,13.6,460.851,,2022,Microlensing,,,
MOA-2020-BLG-135L b,MOA-2020-BLG-135L,268.423,-29.8076,7900,3.37,11.3,,2022,Microlensing,,,
TOI-2364 b,TOI-2364,89.13,-5.01203,219.614,8.608,71.511,4.01975,2023,Transit,5306,0.886,
OGLE-2018-BLG-0298L b,OGLE-2018-BLG-0298L,264.284,-29.7091,6540,7.56,44.496,,2022,Microlensing,,,
TOI-969 c,TOI-969,115.137,2.09859,77.255,12.4,3591.46,1700,2022,Radial Velocity,4435,0.671,K V
OGLE-2006-BLG-284L A b,OGLE-2006-BLG-284L A,269.659,-29.1367,4000,14.3,144,,2020,Microlensing,,,
K2-3 d,K2-3,172.335,-1.45514,44.073,1.458,2.2,44.556,2015,Transit,3844,0.546,M V
K2-3 c,K2-3,172.335,-1.45514,44.073,1.582,2.68,24.6467,2015,Transit,3844,0.546,M V
HD 111998 b,HD 111998,193.295,-3.55311,33.224,12.9,1525.58,810,2016,Radial Velocity,6557,1.45,F6 V
HIP 70849 b,HIP 70849,217.327,-46.4647,24.057,12.9,1430.23,3649,2011,Radial Velocity,4105,0.633,K7 V
HD 114783 c,HD 114783,198.182,-2.26499,21.063,13.4,603.874,4352,2016,Radial Velocity,5135,0.841,K1 V
Kepler-409 b,Kepler-409,293.679,46.8527,68.173,1.199,6,68.9583,2014,Transit,5421,0.897,
Kepler-20 f,Kepler-20,287.698,42.3386,282.563,0.952,1.4,19.5783,2011,Transit,5495,0.916,
KMT-2022-BLG-0440L b,KMT-2022-BLG-0440L,269.584,-32.2953,3500,4.05,15.4,,2023,Microlensing,,,
TOI-411 c,HD 22946,54.8195,-42.763,62.779,2.328,9.72,9.57308,2022,Transit,6169,1.117,F7/F8V
HD 140901 c,HD 140901,236.869,-37.9172,15.253,13.4,572.091,14386,2022,Radial Velocity,5610,0.95,G7 IV
Kepler-102 c,Kepler-102,281.482,47.2078,107.796,0.567,1.7,7.07139,2014,Transit,4909,0.724,
K2-416 b,K2-416,349.221,-5.2015,120.311,2.66,1652.71,13.102,2023,Transit,3746,0.554,M V
TOI-411 b,HD 22946,54.8195,-42.763,62.779,1.362,13.71,4.0403,2022,Transit,6169,1.117,F7/F8V
HIP 54597 b,HIP 54597,167.608,-29.4143,39.743,13.3,762.788,3274,2023,Radial Velocity,4799,0.66,K5 V
HD 75302 b,HD 75302,132.302,3.48501,30.329,12.8,1716.27,4356,2023,Radial Velocity,5697,0.941,G5 V
Kepler-68 c,Kepler-68,291.032,49.0402,144.166,0.979,1.3,9.60503,2013,Transit,5847,1.256,
MOA-2020-BLG-208L b,MOA-2020-BLG-208L,268.433,-32.5893,7490,7.71,46,,2023,Microlensing,,,
HD 15906 b,HD 15906,38.2713,-10.3522,45.562,2.24,5.65,10.9247,2023,Transit,4757,0.762,K V
HIP 81208 C b,HIP 81208 C,248.808,-35.7248,147.533,12.3,4703.86,104100,2023,Imaging,,,M
HD 108202 b,HD 108202,186.461,-1.11092,38.685,13.1,953.485,2990,2023,Radial Velocity,4556,0.664,K4/5 V
Kepler-323 b,Kepler-323,291.382,38.1275,454.883,1.381,3.9,1.67833,2014,Transit,6004,1.12,
HD 15906 c,HD 15906,38.2713,-10.3522,45.562,2.93,8.91,21.5833,2023,Transit,4757,0.762,K V
TOI-622 b,TOI-622,125.305,-46.4843,123.297,9.236,96.302,6.40251,2023,Transit,6400,1.415,F6 V
TOI-4201 b,TOI-4201,90.4747,-13.4614,189.011,13.675,788.214,3.58192,2023,Transit,3794,0.63,M1.0+/-0.5
HD 99492 b,HD 99492,171.69,3.00713,18.204,5.44,25.5,17.0503,2004,Radial Velocity,4929,0.823,K2 V
Kepler-454 b,Kepler-454,287.479,38.2291,230.869,2.37,5.4,10.5738,2015,Transit,5687,1.066,
Kepler-109 b,Kepler-109,290.393,40.2849,474.861,2.49,4.9,6.48163,2014,Transit,5950,1.387,
GJ 1252 b,GJ 1252,306.929,-56.4623,20.373,1.193,1.32,0.51823,2020,Transit,3458,0.391,M3
HAT-P-2 c,HAT-P-2,245.151,41.048,127.774,12.4,3400.76,8500,2023,Radial Velocity,6412,1.416,F8
TOI-4600 b,TOI-4600,258.45,64.5662,216.056,6.8,959.842,82.6869,2023,Transit,5170,0.81,K V
TOI-858 B b,TOI-858 B,60.1998,-54.5929,250.489,14.067,349.611,3.27972,2023,Transit,5842,1.308,G0
K2-36 b,K2-36,169.449,3.8665,109.749,1.43,4.3,1.42261,2016,Transit,4916,0.718,K2 V
K2-36 c,K2-36,169.449,3.8665,109.749,3.2,7.9,5.34089,2016,Transit,4916,0.718,K2 V
Kepler-538 b,Kepler-538,297.487,49.6234,155.956,2.215,12.9,81.7378,2016,Transit,5534,0.872,
TOI-1235 b,TOI-1235,152.218,69.2766,39.635,1.69,6.69,3.44471,2020,Transit,3997,0.619,M0.5 V
TOI-1052 b,TOI-1052,337.51,-75.6466,129.804,2.87,16.9,9.1397,2023,Transit,6146,1.264,
K2-110 b,K2-110,207.35,-12.2849,116.474,2.592,15.9,13.8637,2017,Transit,5010,0.713,K3 V
TOI-1634 c,TOI-1634,56.3906,37.1123,35.274,,,103,2022,Radial Velocity,3472,0.45,M2
TOI-2018 b,TOI-2018,229.837,29.2079,27.996,2.268,9.2,7.43558,2023,Transit,4174,0.62,K V
TOI-1052 c,TOI-1052,337.51,-75.6466,129.804,6.48,34.3,35.806,2023,Radial Velocity,6146,1.264,
TOI-519 b,TOI-519,124.607,-19.6628,115.557,11.545,147.155,1.26523,2021,Transit,3322,0.35,M V
TOI-244 b,TOI-244,10.5698,-36.718,22.034,1.52,2.68,7.39722,2023,Transit,3433,0.426,M2.5 V
TOI-2084 b,TOI-2084,259.255,72.747,114.549,2.47,6.66,6.07842,2023,Transit,3551,0.475,M2+/-0.5
TOI-4184 b,TOI-4184,43.8285,-79.4147,69.365,2.43,6.48,4.90198,2023,Transit,3238,0.235,M5.5+/-0.5
TOI-470 b,TOI-470,94.0099,-25.0314,130.46,4.34,17.4,12.1915,2023,Transit,5190,0.831,G
TOI-1470 b,TOI-1470,10.0891,61.2134,51.95,2.18,7.32,2.52709,2023,Transit,3709,0.469,M1.5 V
Kepler-21 b,Kepler-21,287.362,38.7141,108.522,1.639,7.5,2.78582,2012,Transit,6305,1.902,F6 IV
Kepler-78 b,Kepler-78,293.742,44.4483,124.376,1.201,1.68,0.35501,2013,Transit,5058,0.748,G
OGLE-2018-BLG-1126L b,OGLE-2018-BLG-1126L,268.356,-31.7247,5700,4.41,17.798,,2022,Microlensing,,,
HD 6860 b,HD 6860,17.433,35.6205,61.125,11.9,8981.83,663.87,2023,Radial Velocity,3802,86.4,M0 III
TOI-1470 c,TOI-1470,10.0891,61.2134,51.95,2.47,7.24,18.0882,2023,Transit,3709,0.469,M1.5 V
K2-12 b,K2-12,173.192,2.24468,326.381,2.44,5.2,8.28246,2015,Transit,5672,1.117,F9
OGLE-2018-BLG-1212L b,OGLE-2018-BLG-1212L,271.078,-28.1941,1550,9.32,63.566,,2022,Microlensing,,,
GJ 649 b,GJ 649,254.536,25.742,10.38,10.8,82,600.1,2009,Radial Velocity,3734,0.5,M1.0
HD 36384 b,HD 36384,84.932,75.044,209.309,12.7,2097.67,490,2023,Radial Velocity,3940,38.4,M0 III
MWC 758 c,MWC 758,82.6147,25.3324,159.537,,,,2023,Imaging,7314,2.014,A8Ve
K2-2016-BLG-0005L b,K2-2016-BLG-0005L,269.88,-27.6075,5200,13.7,349.611,4700,2023,Microlensing,,,
GJ 849 b,GJ 849,332.423,-4.64083,8.801,13.9,283.821,1925.31,2006,Radial Velocity,3467,0.45,M3.5
GJ 849 c,GJ 849,332.423,-4.64083,8.801,13.8,314.65,5990,2014,Radial Velocity,3467,0.45,M3.5
Kepler-68 b,Kepler-68,291.032,49.0402,144.166,2.357,8.03,5.39875,2013,Transit,5847,1.256,
Kepler-107 d,Kepler-107,297.028,48.2086,525.997,0.86,7.7,7.95839,2014,Transit,5854,1.447,
TOI-139 b,TOI-139,336.402,-34.9097,42.406,2.457,6.6,11.0709,2023,Transit,4570,0.701,
HD 62364 b,HD 62364,113.905,-75.5443,53.112,12.1,5965.64,5138,2022,Radial Velocity,6255,1.401,F7 V
BD-210397 b,BD-210397,33.3024,-21.1962,23.732,14,214,1891,2023,Radial Velocity,4051,0.747,K7 V
KMT-2022-BLG-0371L b,KMT-2022-BLG-0371L,265.362,-34.6987,7140,10.9,82.635,,2023,Microlensing,,,
WASP-79 b,WASP-79,66.3709,-30.6004,246.69,17.15,270.154,3.66239,2012,Transit,6600,1.51,F5
Kepler-454 d,Kepler-454,287.479,38.2291,230.869,13.3,734.184,4073,2023,Radial Velocity,5687,1.066,
HD 74698 b,HD 74698,130.074,-71.8769,52.065,5.12,23,15.017,2023,Radial Velocity,5783,1.333,G5 V
HD 74698 c,HD 74698,130.074,-71.8769,52.065,14,126,3449,2023,Radial Velocity,5783,1.333,G5 V
GJ 9404 b,GJ 9404,184.847,28.3827,23.884,3.48,11.9,13.4586,2023,Radial Velocity,3811,0.626,M2V
GJ 832 b,GJ 832,323.391,-49.0125,4.964,13.8,314.65,3853,2008,Radial Velocity,3472,0.442,M2/3 V
Kepler-323 c,Kepler-323,291.382,38.1275,454.883,1.57,6.8,3.55382,2014,Transit,6004,1.12,
TOI-5803 b,TOI-5803,327.249,6.27818,84.013,3.273,10.7,5.38305,2023,Transit,5134,0.762,
KMT-2019-BLG-1216L b,KMT-2019-BLG-1216L,268.481,-35.1366,2740,5.98,29.876,,2023,Microlensing,,,
TOI-1680 b,TOI-1680,292.314,65.9738,37.221,1.466,2.75,4.80263,2023,Transit,3225,0.211,M4.5+/-0.5
HD 100777 b,HD 100777,173.965,-4.75554,49.534,13.7,390.929,383,2007,Radial Velocity,5533,1.04,G8 V
HD 215497 c,HD 215497,341.653,-56.5998,40.547,13,111.24,566,2009,Radial Velocity,5113,0.85,K3 V
Kepler-107 c,Kepler-107,297.028,48.2086,525.997,1.597,10,4.90145,2014,Transit,5854,1.447,
K2-3 b,K2-3,172.335,-1.45514,44.073,2.078,5.11,10.0547,2015,Transit,3844,0.546,M V
Kepler-107 b,Kepler-107,297.028,48.2086,525.997,1.536,3.8,3.18002,2014,Transit,5854,1.447,
HD 167677 b,HD 167677,274.207,-11.4068,54.326,13.2,905.811,1820,2023,Radial Velocity,5474,0.953,G5 V
HD 165131 b,HD 165131,271.344,-21.6737,57.426,12.1,5943.39,2342.6,2023,Radial Velocity,5870,1.064,G3/5 V
HIP 39017 b,HIP 39017,119.767,-4.3326,66.322,12,7500.75,31000,2024,Imaging,7201,1.52,A9/F0
omi UMa b,omi UMa,127.565,60.7177,54.915,13,1160.39,1569.81,2012,Radial Velocity,5075,13.84,G4 II-III
omi CrB b,omi CrB,230.035,29.616,84.788,13.7,355.968,187.01,2012,Radial Velocity,4769,11.87,K0 III
TOI-544 b,TOI-544,82.2901,-0.3429,41.117,2.018,2.89,1.54835,2022,Transit,4169,0.623,
Teegarden's Star d,Teegarden's Star,43.2691,16.8649,3.831,0.954,0.82,26.13,2024,Radial Velocity,3034,0.12,M7.0 V
TOI-782 b,TOI-782,183.92,-18.9103,52.512,2.734,19.1,8.024,2024,Transit,3370,0.413,
HD 4732 c,HD 4732,12.3085,-24.1369,54.784,13.1,1069.49,3184.2,2012,Radial Velocity,4898,5.03,K0 IV
HD 4732 b,HD 4732,12.3085,-24.1369,54.784,13.4,631.207,371.74,2012,Radial Velocity,4898,5.03,K0 IV
ome Ser b,ome Ser,237.573,2.1963,76.756,14,233.922,278.59,2013,Radial Velocity,4724,10.99,G8 III
TOI-2010 b,TOI-2010,292.167,53.4874,109.19,11.814,408.727,141.834,2023,Transit,5929,1.079,F0
TOI-1273 b,TOI-1273,214.121,58.3903,177.118,11.097,70.558,4.6313,2024,Transit,5690,1.06,
TOI-904 b,TOI-904,89.3713,-83.1297,46.089,2.426,6.46,10.8772,2023,Transit,3770,0.527,
KMT-2023-BLG-0469L b,KMT-2023-BLG-0469L,269.407,-28.7151,7070,7.04,39.411,,2024,Microlensing,,,
HD 2952 b,HD 2952,8.29384,54.8948,110.103,13.9,284.774,312.08,2013,Radial Velocity,4853,10.9,K0 III
TOI-2416 b,TOI-2416,57.3389,-60.7872,557.733,9.864,953.485,8.27548,2023,Transit,5808,1.236,
TOI-2373 b,TOI-2373,61.6862,-16.7557,508.686,10.424,2955.8,13.3367,2023,Transit,5651,1.102,
TOI-904 c,TOI-904,89.3713,-83.1297,46.089,2.167,5.34,83.9997,2023,Transit,3770,0.527,
TOI-4860 b,TOI-4860,183.564,-13.1748,80.142,8.7,86.7,1.52276,2023,Transit,3260,0.358,M3.5 V
TOI-4633 c,TOI-4633,256.843,62.4755,95.202,3.2,123,271.945,2024,Transit,5800,1.05,G V
gam Lib b,gam Lib,233.882,-14.7895,47.402,13.7,357.875,414.88,2018,Radial Velocity,4879,12.38,K0 III
KMT-2021-BLG-1770L b,KMT-2021-BLG-1770L,270.44,-27.4187,6920,12.1,6674.4,,2023,Microlensing,,,
OGLE-2019-BLG-1180L b,OGLE-2019-BLG-1180L,269.247,-27.9754,6070,13.5,555.246,,2023,Microlensing,,,
HD 47366 b,HD 47366,99.42,-12.9857,84.355,13.4,661.719,360.08,2016,Radial Velocity,4866,7.3,K1 III
HD 47366 c,HD 47366,99.42,-12.9857,84.355,13.5,483.735,677.53,2016,Radial Velocity,4866,7.3,K1 III
Kepler-100 e,Kepler-100,291.386,41.9901,304.645,5.27,24.143,60.8886,2023,Radial Velocity,5884,1.5,
NGTS-27 b,NGTS-27,206.027,-32.523,942.122,15.648,188.472,3.37042,2024,Transit,5700,1.77,
HD 134606 d,HD 134606,228.81,-70.5203,26.791,7.59,44.8,966.5,2024,Radial Velocity,5576,1.158,G5IV
HATS-2 b,HATS-2,176.739,-22.563,341.925,12.576,435.425,1.35413,2013,Transit,5227,0.876,K
gam Cep b,gam Cep,354.836,77.6331,14.102,12.7,2097.67,913,2003,Radial Velocity,4775,4.74,K1 III-IV
TOI-5398 c,TOI-5398,161.88,36.3294,130.855,3.52,11.8,4.77271,2023,Transit,6000,1.051,G V
HD 134606 f,HD 134606,228.81,-70.5203,26.791,2.24,5.63,26.915,2024,Radial Velocity,5576,1.158,G5IV
HD 134606 e,HD 134606,228.81,-70.5203,26.791,1.33,2.34,4.3203,2024,Radial Velocity,5576,1.158,G5IV
TOI-238 c,TOI-238,349.231,-18.6066,80.541,2.18,6.7,8.46565,2024,Radial Velocity,5059,0.733,K2V
2MASS J11550485-7919108 b,2MASS J11550485-7919108,178.769,-79.3198,100.862,12.1,6356.57,,2024,Imaging,3021,0.6,
2MASS J21252752-8138278 b,2MASS J21252752-8138278,321.366,-81.6415,34.115,12.4,3813.94,,2024,Imaging,3592,0.673,
Kepler-1513 c,Kepler-1513,289.792,39.2853,349.247,11,84.542,841.4,2023,Transit Timing Variations,5491,0.95,G V
HIP 66074 b,HIP 66074,203.164,75.0071,35.444,12.9,1589.14,310.9,2023,Astrometry,4300,0.69,
HAT-P-19 b,HAT-P-19,9.51658,34.7114,202.078,11.299,88.038,4.00878,2010,Transit,4962,0.773,K1
Kepler-849 b,Kepler-849,290.852,48.5213,822.134,8.082,298.759,394.625,2016,Transit,5950,1.822,
TOI-1853 b,TOI-1853,211.459,16.9924,165.105,3.46,73.2,1.24363,2023,Transit,4985,0.808,K2.5 V
TOI-5126 b,TOI-5126,151.66,18.6341,160.414,4.74,20.2,5.45884,2023,Transit,6150,1.241,F V
Kepler-1513 b,Kepler-1513,289.792,39.2853,349.247,8.594,48.31,160.884,2016,Transit,5491,0.95,G V
HAT-P-51 b,HAT-P-51,21.0651,32.8107,440.089,13.507,97.573,4.21802,2015,Transit,5453,0.995,G7
Kepler-553 c,Kepler-553,298.551,48.3325,728.525,11.579,2129.45,328.24,2016,Transit,5191,0.902,
Kepler-111 c,Kepler-111,291.653,44.6883,657.223,7.084,222.48,224.778,2014,Transit,5914,1.145,
14 And b,14 And,352.824,39.2358,75.439,13.1,1131.15,186.76,2008,Radial Velocity,4888,11.55,K0 III
18 Del b,18 Del,314.608,10.8391,76.222,12.5,2926.25,982.85,2008,Radial Velocity,4980,8.8,G6 III
GJ 724 b,GJ 724,280.238,-13.3825,16.966,3.27,10.75,5.10128,2023,Radial Velocity,3799,0.522,M1.0 V
KMT-2019-BLG-0335L b,KMT-2019-BLG-0335L,262.84,-29.5907,7710,12.1,6674.4,,2023,Microlensing,,,
Kepler-553 b,Kepler-553,298.551,48.3325,728.525,4.741,116.007,4.03047,2016,Transit,5191,0.902,
6 Lyn b,6 Lyn,97.696,58.1612,54.66,13.4,597.835,919.86,2008,Radial Velocity,4941,4.94,K0 IV
4 UMa b,4 UMa,130.053,64.3281,73.46,12.6,2511.48,270.27,2006,Radial Velocity,4415,18.11,K1 III
TOI-4641 b,TOI-4641,42.5582,25.3335,86.35,8.183,1230,22.0934,2023,Transit,6560,1.72,
CI Tau c,CI Tau,68.4668,22.8416,157.998,13,1144.18,25.2,2024,Radial Velocity,3807,1.881,K7
TOI-1994 b,TOI-1994,147.175,-51.7566,515.603,13.675,7024.01,4.03371,2024,Transit,7700,2.3,
TOI-4515 b,TOI-4515,21.1862,21.5131,193.499,12.17,637,15.2665,2024,Transit,5433,0.86,G8/G9
HD 145457 b,HD 145457,242.516,26.7429,135.292,13.2,888.013,176.13,2010,Radial Velocity,4757,9.9,K0
HD 167042 b,HD 167042,272.633,54.2876,49.663,13.6,444.006,417.67,2007,Radial Velocity,4919,4.63,K1 IV
LHS 1678 c,LHS 1678,68.179,-39.7909,19.878,0.941,1.4,3.69428,2021,Transit,3490,0.329,M2.0 V
HD 173416 b,HD 173416,280.901,36.5569,132.184,13.4,585.122,322.03,2008,Radial Velocity,4683,13.5,G8
HD 32518 b,HD 32518,77.4038,69.6391,122.115,13.2,905.493,157.35,2009,Radial Velocity,4580,10.22,K1 III
HS Psc b,HS Psc,24.3474,26.9528,37.66,13.6,464.029,3.986,2024,Radial Velocity,4203,0.65,K7 V
HD 81688 b,HD 81688,142.167,45.6009,85.718,13.5,525.688,183.93,2007,Radial Velocity,4797,11.13,K0 III-IV
kap CrB b,kap CrB,237.808,35.6559,30.065,13.3,689.691,1253.68,2007,Radial Velocity,4840,4.68,K0 III-IV
KMT-2021-BLG-1547L b,KMT-2021-BLG-1547L,272.4,-29.0839,5070,13.6,467.208,,2023,Microlensing,,,
TOI-4559 b,TOI-4559,211.014,-30.0141,31.635,1.415,2.59,3.96599,2024,Transit,3558,0.374,
11 Com b,11 Com,185.179,17.7933,93.185,12.2,4914.9,323.21,2007,Radial Velocity,4874,13.76,G8 III
nu Oph b,nu Oph,269.757,-9.77413,46.211,12,7057.73,529.93,2012,Radial Velocity,4887,12.24,K0 III
TOI-4377 b,TOI-4377,164.932,-82.2214,455.82,15.11,304.162,4.37808,2023,Transit,4974,3.52,
KMT-2023-BLG-0416L b,KMT-2023-BLG-0416L,266.324,-25.0795,5900,3.67,13.031,,2024,Microlensing,,,
HD 76920 b,HD 76920,133.82,-67.2654,184.031,13.1,994.803,415.891,2017,Radial Velocity,4664,8.33,K1 III
75 Cet b,75 Cet,38.0392,-1.03503,82.961,13.3,787.897,696.62,2012,Radial Velocity,4809,10.38,G3 III
LHS 3154 b,LHS 3154,241.637,40.9068,15.761,3.69,13.15,3.71778,2023,Radial Velocity,2861,0.141,M6.5
TOI-1269 b,TOI-1269,249.697,64.5592,172.138,2.401,6.4,4.25299,2024,Transit,5499,0.852,
Kepler-23 d,Kepler-23,294.219,49.4793,835.756,2.206,4.44,15.27,2014,Transit,5828,1.548,
TOI-3919 b,TOI-3919,208.945,40.3918,604.591,12.319,1233.17,7.43323,2024,Transit,6100,1.319,
TOI-1288 b,TOI-1288,313.167,65.6088,114.865,4.968,44.1,2.69983,2022,Transit,5388,0.958,G V
GJ 238 b,GJ 238,98.4549,-58.525,15.214,0.566,0.126,1.7447,2024,Transit,3485,0.431,M2.5 V
Kepler-49 c,Kepler-49,292.295,40.5918,311.222,2.444,8.38,10.91,2012,Transit,4096,0.618,M1 V
TOI-5301 b,TOI-5301,12.9908,13.0784,629.161,13.092,1182.32,5.85886,2024,Transit,6240,2.19,
TOI-5232 b,TOI-5232,294.337,35.2765,609.388,12.778,743.718,4.09667,2024,Transit,6500,1.785,
TOI-1410.01,TOI-1410,334.883,42.5603,72.751,3.101,12.5,1.21687,2024,Transit,4635,0.756,
TOI-1386 b,TOI-1386,334.504,54.319,146.858,6.216,45.8,25.8401,2024,Transit,5735,1.024,G5V
TOI-6029 b,TOI-6029,8.38626,61.8608,603.119,14.392,519.649,5.7987,2024,Transit,6223,2.338,
OGLE-2017-BLG-0448L b,OGLE-2017-BLG-0448L,268.669,-31.0319,7530,4.08,15.6,,2024,Microlensing,,,
Kepler-128 c,Kepler-128,282.492,43.9802,396.379,1.521,3.38,22.8,2013,Transit,6072,1.659,
TOI-1451 b,TOI-1451,186.524,61.2589,91.936,2.611,15.2,16.5379,2024,Transit,5801,1.016,
TIC 4672985 b,TIC 4672985,38.4707,-10.6574,253.385,11.5,4049.13,69.048,2024,Transit,5757,1.15,
TOI-5218 b,TOI-5218,292.663,71.763,377.483,9.86,657,4.29145,2024,Transit,4230,0.708,
Kepler-305 d,Kepler-305,299.224,40.3432,868.477,2.76,6.2,16.74,2014,Transit,5090,0.792,
TOI-1601 b,TOI-1601,38.3616,41.0134,336.608,14.199,387,5.33175,2021,Transit,5982,2.195,
TOI-1444 b,TOI-1444,305.475,70.9437,125.463,1.418,3.58,0.47027,2021,Transit,5460,0.91,G
TOI-1736 b,TOI-1736,43.4345,69.1013,88.948,3.182,12.3,7.07308,2023,Transit,5636,1.429,
TOI-5634 A b,TOI-5634 A,175.644,20.9653,306.144,10.42,588,2.20354,2024,Transit,3896,0.54,
TOI-1683.01,TOI-1683,65.9797,27.8224,51.188,2.638,7.45,3.05754,2024,Transit,4402,0.7,
TOI-1298 b,TOI-1298,241.323,70.19,319.036,9.658,99,4.53714,2021,Transit,5752,1.454,
TOI-1751 b,TOI-1751,243.489,63.5335,113.335,2.951,19.5,37.4685,2024,Transit,5970,1.314,
K2-419 A b,K2-419 A,135.019,13.2737,268.685,10.55,196,20.3585,2024,Transit,3711,0.541,
HIP 97166 b,HIP 97166,296.245,74.0629,65.95,2.48,19.1,10.2889,2021,Transit,5216,0.842,K0 V
TOI-1776 b,TOI-1776,164.777,40.9837,44.647,1.216,1.4,2.79987,2024,Transit,5785,0.936,
Kepler-963 c,Kepler-963,296.753,45.0411,771.494,0.6,0.156,0.91978,2024,Transit,5169,0.928,G
OGLE-2023-BLG-0836L b,OGLE-2023-BLG-0836L,267.187,-23.7415,5120,12.9,1385.73,,2024,Microlensing,,,
BD-14 3065 b,BD-14 3065 A,153.67,-15.6428,589.423,21.59,3932,4.28897,2024,Transit,6935,2.35,
HIP 97166 c,HIP 97166,296.245,74.0629,65.95,2.75,8,16.432,2021,Radial Velocity,5216,0.842,K0 V
TOI-1794 b,TOI-1794,203.397,49.0608,155.791,3.297,8.7,8.76553,2024,Transit,5631,1.316,
2MASS J03590986+2009361 b,2MASS J03590986+2009361,59.7911,20.16,117.435,12.2,5720.91,,2024,Imaging,2943,0.29,
TOI-663 c,TOI-663,160.066,-8.51108,64.231,2.26,3.65,4.69555,2024,Transit,3681,0.512,M1 V
TOI-1246 c,TOI-1246,251.116,70.43,169.422,2.451,9.1,5.90414,2022,Transit,5213,0.865,K V
TOI-1842 b,TOI-1842,201.963,9.03064,223.465,12.349,89.4,9.57392,2021,Transit,6039,2.032,
TOI-1824 b,TOI-1824,197.731,61.7448,59.431,2.744,16,22.8085,2024,Transit,5165,0.812,
HIP 77900 b,HIP 77900,238.625,-27.3387,150.862,12.1,6674.4,,2024,Imaging,13646,,
KMT-2023-BLG-1431L b,KMT-2023-BLG-1431L,271.184,-29.7439,6800,3.76,13.6,,2024,Microlensing,,,
TOI-3071 b,TOI-3071,173.279,-56.5034,485.219,7.16,68.2,1.26694,2024,Transit,6177,1.31,
TOI-1246 e,TOI-1246,251.116,70.43,169.422,3.514,14.5,37.9255,2022,Transit,5213,0.865,K V
TOI-2019 b,TOI-2019,234.432,48.9552,198.007,5.333,34.4,15.3444,2024,Transit,5626,1.746,
TIC 139270665 c,TIC 139270665,124.034,33.2914,189.875,12.9,1554.18,1010,2024,Radial Velocity,5844,1.016,G2
HD 48948 b,HD 48948,102.49,60.3373,16.904,2.06,4.88,7.34013,2024,Radial Velocity,4593,0.679,K3 V
HD 93963 A c,HD 93963 A,162.777,25.6411,82.343,3.12,18.4,3.64514,2022,Transit,5908,1.031,G0 V
HD 93963 A b,HD 93963 A,162.777,25.6411,82.343,1.47,2.8,1.03761,2022,Transit,5908,1.031,G0 V
TOI-815 c,TOI-815,155.872,-43.8349,59.712,2.62,23.5,34.9761,2024,Transit,4869,0.77,K3 V
HD 48948 c,HD 48948,102.49,60.3373,16.904,2.6,7.27,38.06,2024,Radial Velocity,4593,0.679,K3 V
HD 48948 d,HD 48948,102.49,60.3373,16.904,3.24,10.59,151.92,2024,Radial Velocity,4593,0.679,K3 V
HIP 8152 c,HIP 8152,26.2093,-18.4014,101.694,2.524,10.7,19.6056,2023,Transit,5618,0.96,
HIP 8152 b,HIP 8152,26.2093,-18.4014,101.694,2.536,8.9,10.751,2023,Transit,5618,0.96,
TOI-1669 b,TOI-1669,45.9565,83.5874,111.276,14.1,191,500,2023,Radial Velocity,5497,1.056,
OGLE-2014-BLG-0221L b,OGLE-2014-BLG-0221L,270.304,-27.4268,3680,12.9,1382.55,,2024,Microlensing,,,
TOI-329 b,TOI-329,351.321,-15.6346,284.388,4.941,40.4,5.70439,2024,Transit,5614,1.533,
TOI-480 b,TOI-480,88.3785,-16.2654,54.531,2.854,20.8,6.8662,2024,Transit,6174,1.488,
TOI-1410 c,TOI-1410,334.883,42.5603,72.751,5.63,27,47.56,2024,Radial Velocity,4635,0.756,
TOI-757 b,TOI-757,187.995,-35.5545,60.342,2.5,10.5,17.4682,2024,Transit,5278,0.78,K0 V
GJ 900 b,GJ 900 A,353.753,1.60552,20.806,12.4,3496.11,,2024,Imaging,3976,0.716,K7
TOI-1450 A c,TOI-1450 A,286.854,59.0866,22.447,1.13,1.527,5.0688,2024,Transit,3437,0.483,M3.0 V
TOI-1855 b,TOI-1855,205.354,17.6869,176.833,18.495,360.1,1.36415,2024,Transit,5359,1.041,
TOI-3261 b,TOI-3261,47.7285,-73.532,300.141,3.82,30.3,0.88313,2024,Transit,5068,0.849,K1.5+/-1
TOI-669 b,TOI-669,158.901,-5.18137,142.867,2.586,10,3.94515,2023,Transit,5597,0.988,
HD 25463 b,HD 25463,60.7483,9.20777,45.618,2.545,8.7,7.04914,2023,Transit,6353,1.418,
HD 73344 b,HD 73344,129.689,23.6853,35.26,2.884,10.48,15.611,2024,Transit,6253,1.22,F6 V
TOI-2368 b,TOI-2368,134.958,-48.4885,210.915,10.839,206.588,5.17501,2024,Transit,5360,0.846,
TOI-2107 b,TOI-2107,286.797,-58.6968,236.705,13.574,263.798,2.45455,2024,Transit,5627,0.932,
TOI-1248 b,TOI-1248,259.024,63.1056,168.735,6.808,27.4,4.36016,2024,Transit,5205,0.869,
TOI-837 b,TOI-837,157.037,-64.5052,142.488,9.169,120.457,8.32491,2020,Transit,5995,1.052,F9/G0
SWEEPS-11 b,SWEEPS-11,269.758,-29.1982,8500,12.666,3082.82,1.796,2006,Transit,,1.45,
Kepler-24 c,Kepler-24,290.413,38.3437,1156.81,2.514,9.99,12.33,2011,Transit,6028,1.099,
Kepler-57 b,Kepler-57,293.641,44.6571,644.14,3.135,25.06,5.72,2012,Transit,5188,0.826,
TOI-3894 b,TOI-3894,201.375,52.7681,417.365,15.278,260.619,4.33454,2024,Transit,6000,1.502,
TOI-3321 b,TOI-3321,265.76,-65.0083,285.895,15.558,176.077,3.65251,2024,Transit,5850,1.549,
TOI-1744.01,TOI-1744,294.291,60.8813,114.39,2.68,7.65,22.3417,2024,Transit,6179,1.14,
K2-360 c,EPIC 201595106,183.72,1.96817,232.1,4.02,15.23,9.79692,2024,Radial Velocity,5679,0.98,
WASP-132 b,WASP-132,217.609,-46.1595,122.91,10.099,136.031,7.13352,2016,Transit,4686,0.758,K4 V
TOI-469.01,TOI-469,93.0578,-14.6493,68.192,3.41,9.1,13.6308,2021,Transit,5289,0.98,
K2-260 b,K2-260,76.8673,16.8677,663.834,18.416,546.665,2.6267,2018,Transit,6860,1.755,F6 V
K2-237 b,K2-237,253.769,-28.7106,314.995,16.062,434.154,2.18053,2018,Transit,6180,1.236,F9 V
TOI-1772.01,TOI-1772,156.838,34.3909,97.756,2.905,8.78,8.05425,2024,Transit,5583,0.995,
WASP-132 c,WASP-132,217.609,-46.1595,122.91,1.841,6.26,1.01154,2022,Transit,4686,0.758,K4 V
BD-17 63 b,BD-17 63,7.14135,-16.2273,34.46,12.8,1639.99,655.57,2008,Radial Velocity,4714,0.74,K5 V
K2-261 b,K2-261,163.032,0.49317,213.283,9.27,68.969,11.6335,2018,Transit,5490,1.663,G7 IV/V
K2-321 b,K2-321,156.405,2.51388,77.689,2.051,4.86,2.29797,2020,Transit,3750,0.595,
TOI-1777.01,TOI-1777,151.807,46.1149,79.766,2.246,5.67,14.6501,2024,Transit,5859,0.98,
HD 20794 d,HD 20794,49.9998,-43.0667,6.003,2.04,4.8,89.68,2011,Radial Velocity,5368,0.93,G6 V
HD 175167 b,HD 175167,285.003,-69.9451,71.086,12.3,4703.86,1175,2009,Radial Velocity,5635,1.75,G5 IV/V
Kepler-289 d,Kepler-289,297.465,42.8828,704.438,3.03,5.33,66.0282,2014,Transit,5990,1,
Kepler-289 c,Kepler-289,297.465,42.8828,704.438,11.23,157.18,125.872,2014,Transit,5990,1,
K2-167 b,K2-167,336.576,-18.0117,80.899,2.365,6.5,9.97854,2018,Transit,6310,1.499,F7 V
K2-265 b,K2-265,342.032,-14.4948,138.671,1.708,7.342,2.36902,2018,Transit,5420,0.92,G8 V
Kepler-289 b,Kepler-289,297.465,42.8828,704.438,2.49,3.7,34.5383,2014,Transit,5990,1,
KELT-24 b,KELT-24,161.909,71.6557,96.517,12.711,1458.83,5.55149,2019,Transit,6426,1.338,F7
TOI-3568 b,TOI-3568,322.602,34.7396,197.906,5.3,26.4,4.41796,2024,Transit,4969,0.719,
K2-57 b,K2-57,342.692,-14.07,264.213,2.309,5.94,9.0073,2016,Transit,4413,0.671,
K2-54 b,K2-54,338.054,-17.5441,174.955,2.612,7.33,9.7833,2016,Transit,3990,0.643,
TOI-4638.01,TOI-4638,12.8207,12.788,168.248,2.933,8.92,10.2839,2024,Transit,5700,0.895,
TOI-5076 b,TOI-5076,50.5104,17.2392,82.857,3.489,16.146,23.4432,2024,Transit,4780,0.844,K2 V
K2-77 b,K2-77,55.2285,12.5724,141.731,2.5,603.877,8.20008,2016,Transit,5160,0.792,
K2-180 b,K2-180,126.464,10.2466,203.896,2.466,11.41,8.86566,2018,Transit,5365,0.719,K2 V
TOI-2458 c,TOI-2458,79.6215,1.25344,112.958,3.18,10.22,16.553,2024,Radial Velocity,6005,1.31,F9-F9.5
K2-97 b,K2-97,127.763,10.8476,878.43,13.451,174.488,8.40711,2016,Transit,4673,4.14,
K2-182 b,K2-182,130.18,10.983,154.83,2.713,20.977,4.73697,2018,Transit,5128,0.789,
NGTS-33 b,NGTS-33,107.833,-35.8505,437.855,18.383,1153.72,2.82797,2024,Transit,7437,1.47,
Kepler-105 b,Kepler-105,287.887,46.2761,459.223,2.53,10.8,5.4122,2013,Transit,5933,1.026,
TOI-2537 b,TOI-2537,54.3883,10.0578,184.986,11.254,415.402,94.1022,2024,Transit,4870,0.771,
K2-98 b,K2-98,126.488,11.5111,518.625,5.066,34.008,10.1367,2016,Transit,6260,1.518,F8 V
K2-114 b,K2-114,127.883,11.9223,475.758,10.592,638.835,11.3909,2017,Transit,4899,0.832,
TOI-4994 b,TOI-4994,283.133,-78.4344,329.304,8.541,88.992,21.492,2024,Transit,5640,1.055,
Kepler-105 c,Kepler-105,287.887,46.2761,459.223,1.44,5.6,7.12592,2014,Transit,5933,1.026,
TOI-2295 c,TOI-2295,281.576,50.4925,126.279,12.8,1783.02,966.5,2024,Radial Velocity,5730,1.459,
TOI-5110 b,TOI-5110,94.4043,31.6103,392.259,11.982,921.702,30.1586,2024,Transit,6160,2.333,
TOI-2537 c,TOI-2537,54.3883,10.0578,184.986,12.7,2297.9,1920,2024,Radial Velocity,4870,0.771,
MOA-2008-BLG-310L b,MOA-2008-BLG-310L,268.561,-34.7781,7700,5.18,23.4,,2009,Microlensing,,,
K2-115 b,K2-115,126.553,12.2819,413.591,11.803,321.007,20.273,2017,Transit,5870,0.855,G4
K2-277 b,K2-277,202.016,-15.938,113.123,2.186,7.4,6.32677,2018,Transit,5680,0.973,
TOI-406 c,TOI-406,49.2626,-42.2441,31.06,1.32,2.08,3.30744,2024,Transit,3392,0.41,M3
TOI-5005 b,TOI-5005,238.108,-48.1451,207.891,6.25,32.7,6.3085,2024,Transit,5749,0.93,G2 V
HD 86728 b,HD 86728,150.25,31.9218,14.92,3.03,9.43,31.1515,2025,Radial Velocity,5610,1.237,G1V
KMT-2021-BLG-2609L b,KMT-2021-BLG-2609L,263.519,-27.5969,7480,3.17,10.171,,2024,Microlensing,,,
TOI-5688 A b,TOI-5688 A,266.923,47.705,226.318,10.3,124,2.94816,2024,Transit,3713,0.57,
HD 222237 b,HD 222237,354.908,-72.7253,11.447,12.8,1649.53,14892,2024,Radial Velocity,4751,0.71,K3 V
HD 21520 b,HD 21520,51.6403,-43.6137,79.208,2.697,17.7,25.1292,2024,Transit,5871,1.044,
TOI-2768 b,TOI-2768,99.3641,-15.4812,78.453,2.63,7.41,1.50801,2024,Transit,4008,0.657,M
TOI-1174 b,TOI-1174,209.217,68.6182,94.638,2.562,32,8.95349,2024,Transit,5030,0.76,
TOI-2981 b,TOI-2981,163.487,-25.5246,527.789,13.4,638,3.6015,2024,Transit,5940,1.08,
TOI-1180 b,TOI-1180,214.556,82.1938,72.024,3.072,10,9.68676,2024,Transit,4738,0.73,
OGLE-2016-BLG-1800L b,OGLE-2016-BLG-1800L,269.903,-30.8654,6480,13.2,823.176,,2024,Microlensing,,,
TOI-5713 b,TOI-5713,208.459,52.6028,40.867,1.77,3.78,10.442,2024,Transit,3225,0.299,M3.5+/-0.5
TOI-6002 b,TOI-6002,299.614,32.2872,32.027,1.65,3.36,10.9048,2024,Transit,3229,0.243,M3.5+/-0.5
HD 135694 b,HD 135694,227.868,71.8413,73.871,2.857,6.1,15.9235,2023,Transit,5712,1.08,
TOI-1295 b,TOI-1295,256.672,67.8715,388.227,15.693,451.316,3.19688,2024,Transit,6280,1.7,F
TOI-6130 b,TOI-6130,339.205,16.8272,220.882,14.347,333.72,2.39268,2024,Transit,6110,1.51,F
TOI-1437 b,TOI-1437,256.139,56.8426,103.297,2.24,9.6,18.8409,2024,Transit,6008,1.17,
HD 183579 b,HD 183579,293.287,-54.5327,57.265,3.49,20.4,17.4713,2021,Transit,5784,0.96,G2 V
KMT-2023-BLG-1866L b,KMT-2023-BLG-1866L,273.482,-28.4474,6210,1.43,2.63,,2024,Microlensing,,,
K2-203 b,K2-203,12.7737,-1.19588,166.147,1.265,2.14,9.6952,2018,Transit,5026,0.765,
TOI-6651 b,TOI-6651,15.7886,35.389,212.128,5.09,61,5.05697,2024,Transit,5940,1.721,
TOI-1630.01,TOI-1630,352.017,75.5526,66.093,2.417,6.42,12.0557,2024,Transit,5504,0.83,
TOI-1467 b,TOI-1467,19.1146,49.2331,37.442,1.92,9,5.97115,2024,Transit,3834,0.491,
TOI-1659.01,TOI-1659,277.925,82.3059,122.494,2.255,5.71,5.87756,2024,Transit,5977,1.006,
HD 101581 c,HIP 56998,175.256,-44.4042,12.778,0.99,0.937,6.20401,2025,Transit,4675,0.63,K4/5V
K2-208 b,K2-208,20.779,0.88901,256.887,1.675,3.45,4.19097,2018,Transit,5500,0.872,
TOI-1716.01,TOI-1716,105.083,56.8242,104.158,3.143,10,8.08238,2024,Transit,5879,1.24,
TOI-6038 A b,TOI-6038 A,51.6573,40.8173,179.147,6.41,78.5,5.82673,2025,Transit,6110,1.648,
HIP 116454 b,HIP 116454,353.954,0.4447,62.449,2.469,9.7,9.10042,2014,Transit,5048,0.758,K1
TOI-2420 b,TOI-2420,14.8268,-19.7712,435.174,15.02,294.627,5.84264,2024,Transit,5707,2.369,
K2-225 b,K2-225,186.541,-9.62482,357.778,3.609,12.7,15.8723,2018,Transit,5520,1.7,
TOI-1739 b,TOI-1739,240.172,83.2587,70.982,1.946,4.45,8.30334,2024,Transit,4814,0.781,
HD 73344 d,HD 73344,129.689,23.6853,35.26,13.2,810.462,5823,2025,Radial Velocity,6148,1.22,F6 V
TOI-2485 b,TOI-2485,205.204,22.984,397.953,12.139,766.602,11.2348,2024,Transit,6016,1.72,
K2-7 b,K2-7,167.094,-1.06585,738.553,4.035,15.3,28.6781,2015,Transit,5700,1.533,
HD 118203 c,HD 118203,203.51,53.7282,92.259,12.4,3747.2,5103,2024,Radial Velocity,5742,2.04,K0 IV
TOI-4734 b,TOI-4734,90.3581,12.5479,563.068,10.918,61.659,6.23563,2025,Transit,6070,1.857,
TOI-1453 c,TOI-1453,258.223,57.1978,78.742,2.224,2.95,6.5887,2025,Transit,4975,0.72,
TOI-3493 b,TOI-3493,205.799,-22.5854,96.722,3.22,8.97,8.15947,2025,Transit,5844,1.228,G1/2 V
TOI-2969 b,TOI-2969,150.063,-47.4452,163.996,12.33,368.681,1.82371,2025,Transit,4738,0.7,K3 V
TOI-5300 b,TOI-5300,356.481,0.4588,162.51,9.864,190.697,2.2622,2025,Transit,4610,0.65,K4 V
TOI-4794 b,TOI-4794,110.484,-12.5655,543.008,14.359,308.294,3.56581,2025,Transit,6390,1.451,
TOI-2443 b,TOI-2443,40.1799,1.19968,23.926,2.363,4.8,15.6686,2023,Transit,4375,0.631,K5 V
OGLE-2016-BLG-0007L b,OGLE-2016-BLG-0007L,268.356,-29.6423,4300,1.09,1.32,14200,2025,Microlensing,,,
TOI-5340 b,TOI-5340,59.3095,22.3783,532.629,15.076,270.154,4.93944,2025,Transit,5990,1.842,
AT2021ueyL b,AT2021ueyL,324.545,26.4666,1040,13.6,425.89,4168.69,2025,Microlensing,3680,,M V
Kepler-10 c,Kepler-10,285.679,50.2415,185.506,2.355,11.29,45.2943,2011,Transit,5708,1.065,
TOI-2407 b,TOI-2407,49.7465,-46.458,92.437,4.26,16.8,2.70297,2025,Transit,3530,0.567,
TOI-5386 A b,TOI-5386 A,226.107,60.5362,394.486,14.706,155.1,3.62157,2025,Transit,6094,1.245,
TOI-2015 c,TOI-2015,232.133,27.3611,47.344,2.93,8.91,5.5828,2025,Transit Timing Variations,3297,0.327,M4 +/- 0.5
TOI-2015 b,TOI-2015,232.133,27.3611,47.344,3.309,9.2,3.34824,2023,Transit,3297,0.327,M4 +/- 0.5
GJ 3998 b,GJ 3998,259.002,11.0562,18.146,1.39,2.5,2.65033,2016,Radial Velocity,3726,0.5,M1
TOI-1117 b,TOI-1117,273.602,-66.42,167.598,2.46,8.9,2.22816,2025,Transit,5635,1.05,G5 V
GJ 3998 c,GJ 3998,259.002,11.0562,18.146,2.5,6.82,13.727,2016,Radial Velocity,3726,0.5,M1
TOI-640 b,TOI-640,99.7346,-36.6461,341.997,19.279,181.162,5.00378,2021,Transit,6460,2.082,
K2-157 d,K2-157,183.751,-5.78202,298.373,5.16,23.3,66.5,2025,Radial Velocity,5334,0.86,G9 V
TOI-1117 c,TOI-1117,273.602,-66.42,167.598,2.91,8.78,4.579,2025,Radial Velocity,5635,1.05,G5 V
TOI-1117 d,TOI-1117,273.602,-66.42,167.598,3.27,10.71,8.665,2025,Radial Velocity,5635,1.05,G5 V
Proxima Cen d,Proxima Cen,217.393,-62.6762,1.301,0.692,0.26,5.12338,2025,Radial Velocity,2900,0.141,M5.5 V
Proxima Cen b,Proxima Cen,217.393,-62.6762,1.301,1.02,1.055,11.1846,2016,Radial Velocity,2900,0.141,M5.5 V
LP 261-75 b,LP 261-75 A,147.769,35.9686,33.928,12.1,6674.4,,2006,Imaging,3138,0.308,M4.5 V
TIC 88785435 b,TIC 88785435,224.284,-30.88,122.386,5.03,22.3,10.5088,2025,Transit,3998,0.911,K7 V
TOI-1238 c,TOI-1238,201.382,68.8361,70.715,2.11,8.32,3.29474,2022,Transit,4089,0.58,K7/M0
TOI-1238 b,TOI-1238,201.382,68.8361,70.715,1.21,3.76,0.7646,2022,Transit,4089,0.58,K7/M0
KOI-1843.03,Kepler-974,285.013,40.221,134.311,0.61,8,0.17689,2013,Transit,3584,0.45,
TOI-5143 c,TOI-5143,165.365,5.13948,181.38,16.253,,5.20971,2025,Transit,5183,0.852,K V
TOI-1803 b,TOI-1803,178.046,35.1718,119.24,2.99,10.32,6.29329,2025,Transit,4687,0.715,
TOI-5882 b,TOI-5882,311.889,34.7375,416.104,11.467,6995.4,7.14897,2025,Transit,5920,2.26,
TOI-4465 b,TOI-4465,276.134,15.8419,121.139,14.011,1872.01,101.941,2025,Transit,5545,1.014,G V
TOI-1478 b,TOI-1478,126.434,-13.5595,152.892,11.994,279.689,10.1802,2021,Transit,5597,1.048,
HIP 67851 b,HIP 67851,208.465,-35.3147,64.118,13.7,365.503,89.23,2015,Radial Velocity,4840,5.45,K0 III
HIP 67851 c,HIP 67851,208.465,-35.3147,64.118,12.7,2204.78,3128.41,2015,Radial Velocity,4840,5.45,K0 III
TOI-2346 b,TOI-2346,88.0929,-13.3725,437.484,16.119,394.107,3.3312,2025,Transit,6480,1.38,
HD 94890 b,HD 94890,164.18,-37.1383,61.701,13.3,676.975,824.61,2025,Radial Velocity,4867,10.71,K0 III
HD 87816 b,HD 87816,151.53,-52.1879,133.233,12.7,2142.16,484.17,2025,Radial Velocity,4989,9,K0 III
TOI-2886 b,TOI-2886,110.008,-10.5698,413.673,18.641,444.96,1.602,2025,Transit,6240,1.241,
TOI-2876 b,TOI-2876,110.247,-21.1146,225.744,9.64,54.031,6.29964,2025,Transit,5271,0.873,
TOI-2986 b,TOI-2986,163.772,-6.47845,563.149,9.292,96.62,3.27837,2025,Transit,5906,1.458,
WASP-116 b,WASP-116,35.2158,-1.82604,559.243,13.675,203.41,6.6132,2025,Transit,6250,1.426,
HD 102888 b,HD 102888,177.655,-27.2779,126.484,12.8,1808.44,252.06,2025,Radial Velocity,4990,8.6,G8 III
HD 94890 c,HD 94890,164.18,-37.1383,61.701,12.5,2831.85,2492.19,2025,Radial Velocity,4867,10.71,K0 III
TOI-3135 b,TOI-3135,207.859,-69.7726,221.673,13.653,327.363,3.70656,2025,Transit,5890,0.985,
Gaia-4 b,Gaia-4,209.506,31.6955,73.483,12.4,3750.38,571.3,2025,Astrometry,4034,0.624,
WASP-188 b,WASP-188,278.782,36.6156,675.281,14.818,458.626,5.74892,2025,Transit,6850,1.83,
WASP-154 b,WASP-154,327.719,-8.63595,215.501,10.761,198.961,3.81168,2025,Transit,4774,0.823,
TIC 434398831 b,TIC 434398831,93.9593,16.0238,217.011,3.51,12.1,3.6855,2025,Transit,5638,0.909,G4 V
TOI-3464 b,TOI-3464,234.483,-44.79,597.774,13.765,397.286,3.65156,2025,Transit,6370,1.56,
HR 858 c,HR 858,42.985,-30.8141,31.964,1.979,3.8,5.97386,2019,Transit,6354,1.258,F6 V
WASP-197 b,WASP-197,160.631,28.1986,483.675,14.448,403.324,5.16723,2025,Transit,6050,2.112,
WASP-102 b,WASP-102,336.464,15.8566,535.689,14.908,197.689,2.70981,2025,Transit,5990,1.375,
TOI-3486 b,TOI-3486,249.443,-59.3051,154.715,10.57,99.162,2.21778,2025,Transit,4930,0.788,
TOI-2328 b,TOI-2328,31.6907,-81.2474,231.782,9.976,50.853,17.102,2025,Transit,5525,0.9,
TOI-3837 b,TOI-3837,152.666,24.2731,311.705,10.873,187.519,11.8887,2025,Transit,5905,1.2,
Gl 410 b,Gl 410,165.66,21.9669,11.932,2.83,8.4,6.02,2025,Radial Velocity,3842,0.543,K
HD 219666 b,HD 219666,349.559,-56.904,94.172,4.898,17.6,6.03447,2018,Transit,5540,1.059,G5 V
TOI-3682 b,TOI-3682,50.2752,25.2973,404.211,12.801,69.287,3.34624,2025,Transit,5703,1.735,
TOI-6628 b,TOI-6628,225.837,-35.2306,320.527,10.985,235.193,18.1842,2025,Transit,5463,1.01,
Kepler-289 e,Kepler-289,297.465,42.8828,704.438,2.94,17.4,330.072,2025,Transit,5990,0.985,
KMT-2022-BLG-2076L b,KMT-2022-BLG-2076L,268.051,-29.0279,5570,13.9,279.689,,2025,Microlensing,,,
TOI-4214 b,TOI-4214,110.25,-13.9263,346.881,10.682,165.271,3.49139,2025,Transit,6370,1.434,
GJ 581 c,GJ 581,229.856,-7.72269,6.298,2.5,6.81,12.9211,2007,Radial Velocity,3500,0.302,M3.0 V
G 192-15 c,G 192-15,90.6221,49.8619,9.531,3.87,14.3,1219,2025,Radial Velocity,2999,0.171,M5.0 V
TOI-2449 b,TOI-2449,67.9844,-34.4555,156.786,11.24,222,106.145,2025,Transit,6021,1.065,G
KMT-2024-BLG-2242L b,KMT-2024-BLG-2242L,268.415,-29.5603,7620,3.82,13.984,,2025,Microlensing,,,
GJ 508.2 b,GJ 508.2,200.244,34.2777,16.637,,587.983,5300,2025,Radial Velocity,3720,0.53,M1.0 V
GJ 3512 c,GJ 3512,130.332,59.4918,9.486,14.3,143.976,2354,2020,Radial Velocity,3141,0.139,M5.5 V
HD 28471 b,HD 28471,66.2875,-64.0787,43.645,1.75,3.72,3.1649,2025,Radial Velocity,5766,1.08,G5 V
HD 28471 c,HD 28471,66.2875,-64.0787,43.645,2.26,5.72,6.1245,2025,Radial Velocity,5766,1.08,G5 V
NGTS-32 b,NGTS-32,223.858,-18.4323,837.457,15.917,181.162,3.31211,2025,Transit,5680,1.85,
HD 143811 AB b,HD 143811 A,240.889,-30.1372,136.608,15.693,1938.75,117000,2025,Imaging,6791,1.684,
AF Lep b,AF Lep,81.7699,-11.9012,26.856,13,1147.36,8905,2023,Imaging,6140,1.25,F8
TOI-238 b,TOI-238,349.231,-18.6066,80.541,1.559,3.37,1.2731,2024,Transit,5059,0.756,K2 V
HD 152843 b,HD 152843,253.785,20.4915,107.898,3.05,9.82,11.6207,2021,Transit,6310,1.43,G0
MOA-2022-BLG-033L b,MOA-2022-BLG-033L,272.876,-25.0531,1840,3.52,12.15,,2025,Microlensing,,,F7 V
HD 28471 d,HD 28471,66.2875,-64.0787,43.645,2.06,4.91,11.681,2025,Radial Velocity,5766,1.08,G5 V
HD 152843 c,HD 152843,253.785,20.4915,107.898,5.94,9.67,19.5021,2021,Transit,6310,1.43,G0
KMT-2023-BLG-1896L b,KMT-2023-BLG-1896L,271.032,-26.9589,5490,4.19,16.35,,2025,Microlensing,,,K6 V
KMT-2023-BLG-0119L b,KMT-2023-BLG-0119L,266.815,-34.5722,5410,11,83.7,,2025,Microlensing,,,K2.5 V
TOI-6054.02,TOI-6054,56.337,60.3509,79.407,2.82,9.3,12.5636,2024,Transit,6047,1.662,
WASP-110 b,WASP-110,305.872,-44.0587,274.96,13.193,154.782,3.7784,2021,Transit,5392,0.853,G9
K2-233 d,K2-233,230.48,-20.2318,67.506,2.363,10.3,24.3681,2018,Transit,4796,0.71,K3
K2-233 c,K2-233,230.48,-20.2318,67.506,1.272,4.6,7.06024,2018,Transit,4796,0.71,K3
BEBOP-4 AB b,BEBOP-4 A,192.577,26.1595,234.294,,8358.89,1823.5,2025,Radial Velocity,5701,2.756,G3 V
2MASS J22501512+2325342 b,2MASS J22501512+2325342,342.563,23.4259,57.231,11.9,9534.85,,2018,Imaging,3352,0.438,M3
WASP-4 b,WASP-4,353.563,-42.0618,267.206,15.121,381.394,1.33823,2007,Transit,5436,0.912,G8
Kepler-391 b,Kepler-391,290.622,51.0573,869.236,2.5,1100,7.4175,2014,Transit,5038,2.879,K2 III-IV
GJ 251 b,GJ 251,103.7,33.2665,5.581,1.79,3.85,14.237,2020,Radial Velocity,3342,0.36,M3.0 V
TOI-1438 b,TOI-1438,280.924,74.9378,110.513,3.04,9.4,5.13967,2025,Transit,5230,0.82,K0 V
GJ 536 c,GJ 536,210.26,-2.65229,10.409,2.3,5.89,32.761,2025,Radial Velocity,3641,0.529,M1 V
TOI-1438 c,TOI-1438,280.924,74.9378,110.513,2.75,10.6,9.42809,2025,Transit,5230,0.82,K0 V
Kepler-391 c,Kepler-391,290.622,51.0573,869.236,2.88,450,20.501,2014,Transit,5038,2.879,K2 III-IV
TOI-756 b,TOI-756,192.104,-45.4705,86.176,2.81,9.83,1.23925,2025,Transit,3657,0.505,M1 V
TOI-756 c,TOI-756,192.104,-45.4705,86.176,13,1287.2,149.4,2025,Radial Velocity,3657,0.505,M1 V
HD 224018 d,HD 224018,358.639,-4.72334,105.48,2.4,4.2,138.073,2025,Transit,5784,1.147,G V
TOI-2141 c,TOI-2141,258.762,18.3403,77.682,2.35,6.14,5.4624,2025,Radial Velocity,5635,0.95,
TOI-6448 b,TOI-6448,110.17,-33.9223,386.879,8.474,54,14.8443,2025,Transit,5910,0.897,
K2-214 b,K2-214,14.876,4.22777,300.64,2.51,6.85,8.59656,2018,Transit,5875,1.236,
51 Eri b,51 Eri,69.4007,-2.47382,29.758,,3464.33,9100,2015,Imaging,7422,1.45,F0 IV
TOI-1203.01,TOI-1203,168.227,-34.4069,64.994,2.918,7.39,25.5027,2021,Transit,5737,1.179,G3 V
TOI-2093 c,TOI-2093,302.738,70.8696,82.798,2.3,15.8,53.8115,2025,Transit,4426,0.729,K5 V
KMT-2024-BLG-1209L b,KMT-2024-BLG-1209L,261.613,-28.1206,3930,13.2,839.067,,2025,Microlensing,,,K3 V
HD 135344 A b,HD 135344 A,228.954,-37.1489,141.595,16.253,3178.28,,2025,Imaging,9540,1.5,A0 V
K2-10 b,K2-10,172.122,1.69062,272.36,3.773,25.2,19.3055,2015,Transit,5533,0.956,F9
TOI-1203 b,TOI-1203,168.227,-34.4069,64.994,1.52,3.51,4.15729,2025,Radial Velocity,5737,1.179,G3 V
TOI-1203 c,TOI-1203,168.227,-34.4069,64.994,2.2,5.46,13.0766,2025,Radial Velocity,5737,1.179,G3 V
HIP 18606 b,HIP 18606,59.7181,-5.4707,47.029,14,244.728,674.94,2025,Radial Velocity,4860,4.83,K0/1 III
HIP 111909 c,HIP 111909,340.03,-49.5985,88.077,13.9,257.441,893.63,2025,Radial Velocity,4891,4.53,K1 III
TIC 257060897 b,TIC 257060897,227.532,72.7103,505.703,17.262,201.503,3.66004,2021,Transit,5993,1.863,F
OGLE-2016-BLG-1266L b,OGLE-2016-BLG-1266L,267.854,-29.7422,3080,12.4,3813.94,,2018,Microlensing,,,
BD+37 3172 b,BD+37 3172,278.816,38.1154,454.251,12.4,3368.98,1887.76,2023,Radial Velocity,4500,50.24,
TOI-654.01,TOI-654,164.725,-5.54754,57.755,2.378,8.71,1.52756,2024,Transit,3521,0.43,M2 V
K2-37 b,K2-37,243.451,-24.7871,179.943,1.39,2.51,4.4434,2016,Transit,5352,0.809,G3 V
K2-37 d,K2-37,243.451,-24.7871,179.943,2.31,12.5,14.0923,2016,Transit,5352,0.809,G3 V
K2-55 b,K2-55,333.752,-17.2508,159.522,4.43,44,2.84927,2016,Transit,4300,0.715,
TOI-5261 b,TOI-5261,305.459,19.4358,377.054,11.601,3651.85,4.15098,2025,Transit,5790,1.021,
TOI-4773 b,TOI-4773,114.943,-21.4856,492.888,15.222,1687.67,1.74529,2025,Transit,6740,1.55,
BD+42 2315 b,BD+42 2315,187.589,41.2696,610.715,14.2,174.806,123.05,2023,Radial Velocity,4500,17.85,
Ross 176 b,Ross 176,305.69,47.3086,46.449,1.84,4.57,5.00663,2025,Transit,4041,0.569,K7 V
K2-62 c,K2-62,334.365,-12.1875,112.467,1.99,4.62,16.197,2016,Transit,4455,0.696,
K2-61 b,K2-61,339.675,-13.56,405.732,1.92,4.35,2.57336,2016,Transit,5748,0.995,
TOI-6420 b,TOI-6420,125.544,-19.1243,634.712,11.938,2606.19,6.96151,2025,Transit,6020,1.312,
TOI-5350 b,TOI-5350,74.4023,21.602,277.419,12.42,2094.49,7.58137,2025,Transit,6220,1.263,
TOI-5817 b,TOI-5817,322.378,21.4745,80.754,3.08,10.3,15.6103,2025,Transit,5770,1.427,G2 IV-V
K2-73 b,K2-73,335.026,-9.05609,269.183,2.58,9.2,7.49556,2016,Transit,5867,1.058,
TOI-5799 b,TOI-5799,301.63,15.9891,27.812,1.733,3.65,4.16451,2024,Transit,3452,0.321,M2 V
TOI-1346 b,TOI-1346,256.623,68.8433,115.45,2.39,6.3,1.76225,2025,Transit,5099,0.78,
TOI-1346 c,TOI-1346,256.623,68.8433,115.45,2.23,5.6,5.50256,2025,Transit,5099,0.78,
K2-105 b,K2-105,125.42,13.4975,197.989,3.4,15.4,8.26726,2017,Transit,5373,0.905,K1
TOI-5799 c,TOI-5799,301.63,15.9891,27.812,1.76,3.75,14.0105,2025,Transit,3452,0.321,M2 V
TOI-6223 b,TOI-6223,355.951,33.0672,133.122,5.07,22.6,3.85522,2025,Transit,3895,0.576,M0 V
KOI-351 g,KOI-351,284.433,49.3051,848.254,7.718,15,210.735,2013,Transit,6031,1.185,
HD 63433 c,HD 63433,117.479,27.3631,22.404,2.692,15.539,20.5438,2020,Transit,5553,0.934,G5 V
HD 17156 b,HD 17156,42.4366,71.7531,78.086,12.263,1036.12,21.2164,2007,Radial Velocity,6046,1.517,G5
TOI-6000 b,TOI-6000,292.606,68.1546,75.766,0.94,0.779,0.44896,2025,Transit,3419,0.38,
K2-189 c,K2-189,203.621,-15.0365,242.113,2.31,5.95,6.67932,2018,Transit,5442,0.879,
KMT-2024-BLG-0404L b,KMT-2024-BLG-0404L,271.147,-27.9535,7210,11.9,8657.65,,2025,Microlensing,,,M
KMT-2024-BLG-1281L b,KMT-2024-BLG-1281L,270.169,-32.7142,7180,4.59,19.07,,2025,Microlensing,,,
GJ 317 b,GJ 317,130.245,-23.4528,15.197,13.3,794.5,695.69,2007,Radial Velocity,3496,0.403,M3.5 V
TOI-6303 b,TOI-6303,46.7807,40.1472,152.219,11.59,2493,9.48524,2025,Transit,3977,0.609,
LHS 1903 d,LHS 1903,107.866,48.3279,35.692,2.5,5.96,12.5663,2026,Transit,3664,0.539,M
LHS 1903 e,LHS 1903,107.866,48.3279,35.692,1.732,5.79,29.3177,2026,Transit,3664,0.539,M
WASP-120 b,WASP-120,62.6161,-45.8982,381.174,15.58,1541.48,3.61127,2016,Transit,6450,1.684,F5
WASP-140 b,WASP-140,60.3855,-20.451,117.598,14.235,775.505,2.23598,2016,Transit,5300,0.87,K0
HD 85426 c,TOI-1774,148.162,35.111,53.974,3.19,10.3,35.73,2026,Radial Velocity,5746,1.13,
TOI-1774.01,TOI-1774,148.162,35.111,53.974,2.78,8.5,16.7099,2021,Transit,5746,1.13,
HD 176986 b,HD 176986,285.774,-11.0449,27.784,,1487.76,6.49164,2017,Radial Velocity,4931,0.782,K2.5 V
KOINTREAU-3 b,ISO-Oph 96,246.769,-24.7167,140.563,13.1,1080.62,,2026,Imaging,3920,0.731,K6-M1
PDS 70 b,PDS 70,212.042,-41.398,113.064,21.97,1017.05,43500,2018,Imaging,4109,1.26,K7
HD 176986 d,HD 176986,285.774,-11.0449,27.784,2.49,6.76,61.376,2026,Radial Velocity,4931,0.782,K2.5 V
TOI-6692 b,TOI-6692,312.694,-81.2724,312.903,11.68,197.054,131.125,2026,Transit,5890,1.385,
TOI-4342 b,TOI-4342,324.389,-77.9792,61.52,2.329,7.3,5.53826,2023,Transit,3866,0.598,M0 V
PDS 70 c,PDS 70,212.042,-41.398,113.064,22.194,2383.71,,2019,Imaging,4109,1.26,K7
TOI-5489 b,TOI-5489,128.691,11.4896,45.091,1.4,2.54,3.15222,2025,Transit,3547,0.42,
HD 208487 b,HD 208487,329.333,-37.7641,45.147,14.3,146.201,129.36,2004,Radial Velocity,6134,1.16,G2 V
HD 181433 b,HD 181433,291.287,-66.4678,26.876,,1708.65,9.3745,2008,Radial Velocity,4918,0.79,K3 IV
TOI-1135 b,TOI-1135,193.396,85.1295,114.048,9.92,58.798,8.02773,2024,Transit,6320,1.202,G0
TOI-5716 b,TOI-5716,201.901,73.1774,39.412,0.96,0.84,6.7663,2025,Transit,3436,0.22,
HD 181433 d,HD 181433,291.287,-66.4678,26.876,13.2,858.137,6896.1,2008,Radial Velocity,4918,0.79,K3 IV
HD 181433 c,HD 181433,291.287,-66.4678,26.876,,2207,1018.5,2008,Radial Velocity,4918,0.79,K3 IV
DMPP-1 b,DMPP-1,86.7761,-10.6303,62.539,4.26,16.8,17.812,2019,Radial Velocity,6196,1.26,F8 V
HD 202206 b,HD 202206,318.741,-20.7897,45.967,12.1,6849.2,256.26,2026,Radial Velocity,5764,1.04,G2 V
TOI-4940 b,TOI-4940,58.2512,-62.408,345.659,6.61,89,25.8678,2025,Transit,5504,1.163,G8 V
TOI-5734 b,TOI-5734,111.256,37.2311,32.51,2.1,9.1,6.18419,2026,Transit,4750,0.639,K3-K4 V
GJ 480 b,GJ 480,189.713,11.6951,14.236,2.91,8.8,9.5536,2020,Radial Velocity,3509,0.449,M3.5 Ve
DMPP-1 d,DMPP-1,86.7761,-10.6303,62.539,2.02,4.72,3.1417,2019,Radial Velocity,6196,1.26,F8 V
DMPP-2 b,DMPP-2,27.4077,-34.4591,137.94,14.2,171.48,5.203,2019,Radial Velocity,6500,1.78,F5 V
K2-19 d,K2-19,174.96,0.6036,289.827,1.044,6.2,2.50827,2016,Transit,5350,0.824,G9
NGTS-35 b,NGTS-35,170.276,-26.0666,183.078,10.9,152,25.2412,2025,Transit,4717,0.753,K3.5 V
TOI-2267 c,TOI-2267 A,65.0615,84.9008,22.55,1.14,1.55,3.49504,2025,Transit,3030,0.207,M5 V
TOI-2267 b,TOI-2267 A,65.0615,84.9008,22.55,1,0.972,2.28909,2025,Transit,3030,0.207,M5 V
HD 39194 c,HD 39194,86.1291,-70.1382,26.413,2.65,7.49,14.0309,2021,Radial Velocity,5205,0.784,K0 V
DMPP-3 A b,DMPP-3 A,91.6244,-72.5143,46.892,1.44,2.67,5.59,2019,Radial Velocity,5138,0.91,K0 V
TOI-5007 b,TOI-5007,236.064,-61.0414,203.352,11.074,211.038,2.54337,2026,Transit,3793,0.656,M1&plusmn;0.5
TOI-7166 b,TOI-7166,320.681,8.8894,35.415,2.01,4.7,12.9206,2025,Transit,3099,0.222,M4.5+/-0.5
TOI-375 b,TOI-375,47.1499,-77.3833,396.213,10.772,236.782,9.45469,2026,Transit,5260,2.9,
TOI-5422 b,TOI-5422,86.8436,25.626,346.141,9.102,8899.19,5.37722,2026,Transit,5820,1.474,
HD 28185 b,HD 28185,66.6101,-10.5511,39.381,12.8,1859.3,385.92,2001,Radial Velocity,5602,1.048,G5
XO-3 b,XO-3,65.4696,57.8172,213.053,14.796,4217.58,3.19152,2007,Transit,6970,1.523,F5V
DMPP-6 c,DMPP-6,120.386,-70.0234,54.63,3.74,13.47,36.441,2026,Radial Velocity,6182,1.27,
TOI-7510 b,TOI-7510,273.728,-54.434,249.006,7.31,18.1,11.5309,2025,Transit,5720,1.035,G3
TOI-5788 c,TOI-5788,287.425,31.7615,97.614,2.272,6.4,16.2134,2026,Transit,5615,0.87,
TOI-5788 b,TOI-5788,287.425,31.7615,97.614,1.528,3.72,6.34076,2026,Transit,5615,0.87,
DMPP-9 b,DMPP-9,316.306,-66.9582,109.539,3.89,14.43,12.733,2026,Radial Velocity,6092,1.26,
HD 72659 c,HD 72659,128.513,-1.56863,51.895,12.1,6165.87,35500,2022,Radial Velocity,5929,1.36,G2 V
KMT-2020-BLG-0202L b,KMT-2020-BLG-0202L,267.04,-24.4745,3840,12.4,3902.93,,2026,Microlensing,,,
KMT-2022-BLG-1551L b,KMT-2022-BLG-1551L,265.254,-27.5519,6900,13.2,940.772,,2026,Microlensing,,,
HD 95338 b,HD 95338,164.856,-56.6236,36.994,4.272,42.9,55.0827,2020,Radial Velocity,5097,0.868,K0.5 V
KMT-2022-BLG-1818L b,KMT-2022-BLG-1818L,270.799,-27.4811,5300,13,1271.31,,2026,Microlensing,,,
TOI-1243 b,TOI-1243,135.733,71.6364,43.187,2.33,7.7,4.65948,2026,Transit,3515,0.511,M2.0 V
TOI-5938 b,TOI-5938,303.909,28.6592,114.035,3.82,14,2.26042,2026,Transit,4650,0.712,
TOI-7009 b,TOI-7009,299.513,55.651,184.12,3.71,13.3,2.32066,2026,Transit,4080,0.564,
KMT-2025-BLG-0121L b,KMT-2025-BLG-0121L,267.158,-23.9988,6200,12.6,2469.53,,2026,Microlensing,,,
HD 28109 b,HD 28109,65.2383,-68.1027,139.611,2.69,6.2,22.891,2022,Transit,6189,1.425,F8
TOI-5388.01,TOI-5388,152.177,35.5476,18.523,0.99,2.2,2.59467,2024,Transit,3440,0.3,M3.0 V
KMT-2024-BLG-2087L b,KMT-2024-BLG-2087L,268.45,-29.2632,7190,12.9,1395.27,,2026,Microlensing,,,
HD 100508 b,HD 100508,173.301,-67.0546,32.755,13.7,381.394,5681,2026,Radial Velocity,5419,1.018,K1 IV
HD 114386 c,HD 114386,197.665,-35.0562,27.924,13.4,117.597,444,2026,Radial Velocity,4895,0.76,K3 VC
HD 28109 d,HD 28109,65.2383,-68.1027,139.611,3.11,5.8,84.2899,2022,Transit,6189,1.425,F8
KMT-2020-BLG-0414L b,KMT-2020-BLG-0414L,271.915,-28.4852,1220,1.2,1.87,,2021,Microlensing,,,WD
TOI-6716 b,TOI-6716,111.657,-30.5522,18.887,0.982,0.911,4.71859,2026,Transit,3110,0.231,M4
HD 154345 b,HD 154345,255.652,47.0855,18.284,13.7,376.944,3280,2006,Radial Velocity,5468,0.85,G8
HD 217107 b,HD 217107,344.565,-2.39545,20.062,13.6,459.58,7.12702,1998,Radial Velocity,5622,1.224,G
TOI-1472 b,TOI-1472,14.1143,48.6375,121.84,4.058,18.05,6.36339,2024,Transit,5100,0.84,
TOI-1648 b,TOI-1648,45.4012,69.2299,69.835,2.54,7.4,7.3316,2025,Transit,4850,0.81,
HD 164604 b,HD 164604,270.779,-28.5608,39.363,12.3,4195.34,653.9,2009,Radial Velocity,4663,0.78,K3.5 V
HD 164604 c,HD 164604,270.779,-28.5608,39.363,12.5,3019.37,5387,2026,Radial Velocity,4663,0.78,K3.5 V
HIP 54515 b,HIP 54515,167.307,-1.33328,82.81,12.2,5625.56,33000,2026,Imaging,8100,1.649,A5 V
TOI-1518 b,TOI-1518,352.268,67.0348,225.888,21.05,581.626,1.90261,2021,Transit,7299,1.942,F0
GJ 4274 b,GJ 4274,335.781,-17.6104,7.236,1.53,2.97,1.6339,2026,Radial Velocity,3228,0.19,M4.5 V
LHS 1903 b,LHS 1903,107.866,48.3279,35.692,1.382,3.28,2.15551,2026,Transit,3664,0.539,M
LHS 1903 c,LHS 1903,107.866,48.3279,35.692,2.046,4.55,6.22619,2026,Transit,3664,0.539,M
TOI-1080 b,TOI-1080,276.368,-52.2146,25.559,1.2,10.7,3.96525,2026,Transit,3065,0.202,M4.0&plusmn;1.0 V
TOI-2145 b,TOI-2145,263.758,40.695,224.731,12.24,1805.27,10.2611,2023,Transit,6206,2.75,
TIC 231949697 b,TIC 231949697,94.2577,-43.3662,50.241,1.528,2.95,0.9072,2026,Transit,3451,0.493,
CWISEP J193518.59-154620.3 b,CWISEP J193518.59-154620.3,293.826,-15.7726,14.43,12.2,4926.34,,2025,Imaging,,,Y
HD 202772 A b,HD 202772 A,319.7,-26.6164,161.498,18.237,323.549,3.30888,2019,Transit,6442,2.554,
TOI-4588 b,TOI-4588,282,48.5423,225.181,2.929,8.9,13.1188,2026,Transit,7746,1.575,
TOI-4513 b,TOI-4513,18.0905,13.7551,102.609,2.346,6.11,9.76042,2026,Transit,5624,0.797,
TIC 24750448 b,TIC 24750448,26.1959,-68.6448,178.146,2.437,6.51,3.59159,2026,Transit,4545,0.714,
TOI-4127 b,TOI-4127,105.405,72.4149,319.632,12.07,743.718,56.3987,2023,Transit,6096,1.293,F V
TOI-697 b,TOI-697,69.7042,-36.6813,93.771,2.359,6.16,8.60789,2026,Transit,5682,0.968,
TOI-4561 b,TOI-4561,60.9619,-76.0215,179.008,1.778,3.81,8.93548,2026,Transit,5538,0.852,
TIC 24750448 c,TIC 24750448,26.1959,-68.6448,178.146,3.09,9.75,10.1439,2026,Transit,4545,0.714,
GJ 1137 c,HD 93083,161.087,-33.5777,28.516,2.11,5.12,9.6412,2026,Radial Velocity,5034,0.837,K2 IV-V
TIC 87422071 b,TIC 87422071,273.035,-44.2434,384.758,10.862,409.999,11.3649,2026,Transit,6150,1.489,
TOI-883 b,TOI-883,103.369,-6.50783,102.637,7.172,40.7,10.0577,2026,Transit,5713,1.015,
TOI-4640 b,TOI-4640,38.2053,10.0725,245.089,2.843,8.46,2.68566,2026,Transit,5743,1.067,
TIC 38828280 b,TIC 38828280,68.3927,-62.1697,286.415,2.627,7.4,4.85559,2026,Transit,5047,0.741,
TIC 147027702 b,TIC 147027702,161.773,-43.9318,457.186,10.929,346.433,44.4052,2026,Transit,6410,2.136,
TIC 245076932 b,TIC 245076932,198.063,-51.2144,303.96,10.873,162.092,21.6139,2026,Transit,6130,1.288,
TOI-921 b,TOI-921,99.6742,-56.2205,294.015,3.534,12.2,5.12872,2026,Transit,6012,1.142,
TOI-4930 b,TOI-4930,208.642,-45.1545,413.757,6.933,38.4,6.7813,2026,Transit,5625,1.159,
TIC 62895484 b,TIC 62895484,116.639,22.5904,294.857,3.494,12,2.83985,2026,Transit,5521,0.874,
TOI-941 b,TOI-941,78.3005,6.54591,263.386,6.512,34.6,8.51461,2026,Transit,5746,1.185,
TOI-5159 b,TOI-5159,142.786,20.0193,55.179,1.547,3.01,5.83639,2026,Transit,5156,0.854,
TIC 86380416 b,TIC 86380416,145.16,65.7328,244.68,2.412,6.4,6.04086,2026,Transit,5724,0.99,
K2-19 b,K2-19,174.96,0.6036,289.827,7,30.8,7.9193,2015,Transit,5322,0.82,G9
TOI-5335 b,TOI-5335,46.9524,15.3591,331.289,4.024,15.3,3.61366,2026,Transit,5529,0.917,
TIC 88692598 b,TIC 88692598,149.211,47.7707,73.526,1.813,3.94,2.64909,2026,Transit,3483,0.532,
TOI-1752 b,TOI-1752,253.461,60.7096,103.021,1.693,3.51,0.93519,2026,Transit,3762,0.53,M1.0&plusmn0.5 V
TOI-1269 c,TOI-1269,249.697,64.5592,172.138,2.23,5.6,9.23786,2026,Transit,5554,0.849,
TOI-5486 b,TOI-5486,190.549,3.7886,89.681,3.968,14.9,2.0247,2026,Transit,3750,0.553,
TIC 139702105 b,TIC 139702105,66.498,-18.2145,91.788,2.453,6.59,6.83602,2026,Transit,5742,1.254,
TOI-5624 c,TOI-5624,180.844,49.2512,101.913,2.474,4.8,7.88539,2026,Transit,5327,0.82,
TOI-1718 b,TOI-1718,112.018,30.3217,52.304,4.108,15.8,5.58704,2026,Transit,5305,0.939,
TOI-5532 b,TOI-5532,41.3804,5.15073,90.999,2.528,6.93,5.65397,2026,Transit,4208,0.662,
TIC 161045582 b,TIC 161045582,223.626,49.0977,162.246,2.246,5.67,8.85577,2026,Transit,5684,1.08,
TOI-1232 c,TOI-1232,116.501,-61.8798,328.604,8.88,58.48,30.356,2026,Transit Timing Variations,5823,1.072,G1 V
TOI-1732 b,TOI-1732,111.801,53.0453,74.76,2.495,6.78,4.11924,2026,Transit,4202,0.633,
TOI-5605 b,TOI-5605,150.538,50.1454,95.073,2.526,6.92,5.9134,2026,Transit,4584,0.736,
TOI-1756 b,TOI-1756,306.329,77.6364,86.716,1.942,4.43,2.78302,2026,Transit,3892,0.563,
TOI-5630 b,TOI-5630,236.454,40.3749,134.047,2.371,6.22,3.22118,2026,Transit,5386,0.933,
TIC 206466666 b,TIC 206466666,56.7695,-52.3668,127.837,2.148,5.26,9.10487,2026,Transit,4620,0.667,
TOI-198 b,TOI-198,2.27151,-27.1217,23.726,1.36,3.17,10.2152,2023,Transit,3801,0.418,M0 V
KMT-2024-BLG-2005L b,KMT-2024-BLG-2005L,268.408,-28.901,7720,8.18,50.853,,2026,Microlensing,,,
TOI-1839 b,TOI-1839,196.833,5.85205,116.086,2.219,5.56,1.42378,2026,Transit,5316,0.848,
TOI-5926 b,TOI-5926,308.078,15.5031,275.103,7.568,44.6,3.81123,2026,Transit,5389,0.89,
TIC 290487717 b,TIC 290487717,139.087,2.55081,395.574,6.638,35.7,3.40082,2026,Transit,5329,0.944,
TOI-672 b,TOI-672,167.991,-39.3281,66.907,5.31,50.9,3.63358,2023,Transit,3810,0.54,M0 V
TOI-2071 b,TOI-2071,256.601,57.661,231.311,2.565,7.1,5.67395,2026,Transit,5755,1.003,
TOI-4156 c,TOI-4156,230.781,76.3319,213.719,2.923,8.87,12.8228,2026,Transit,5972,1.04,
TIC 356227008 b,TIC 356227008,267.251,50.1308,387.609,2.39,6.3,2.96147,2026,Transit,5732,0.96,
TOI-2518 b,TOI-2518,105.445,-34.9197,160.825,2.268,5.77,6.89797,2026,Transit,5751,0.993,
TOI-6393 b,TOI-6393,141.244,68.7883,186.229,2.76,8.04,9.53176,2026,Transit,5008,0.766,
EPIC 220674823 b,EPIC 220674823,13.08,10.7947,244.59,1.606,7.54,0.57131,2016,Transit,5578,0.99,G5 V
EPIC 220674823 c,EPIC 220674823,13.08,10.7947,244.59,2.712,7.9,13.3406,2016,Transit,5578,0.99,G5 V
TOI-2654 b,TOI-2654,52.9815,-47.9947,248.964,7.945,48.4,2.9676,2026,Transit,4594,0.756,
TOI-6699 b,TOI-6699,317.07,-63.2505,85.846,2.326,6.02,5.32006,2026,Transit,4705,0.753,
TOI-1839 c,TOI-1839,196.833,5.85205,116.086,2.409,6.39,4.02394,2026,Transit,5316,0.848,
K2-111 c,K2-111,59.8903,21.2985,200.394,3.34,11.1,15.6748,2020,Radial Velocity,5775,1.25,G2
TOI-4156 b,TOI-4156,230.781,76.3319,213.719,2.538,6.98,4.46189,2026,Transit,5972,1.04,
TOI-7333 b,TOI-7333,243.532,75.9166,157.217,2.095,5.04,6.2645,2026,Transit,4587,0.666,
rho CrB e,rho CrB,240.26,33.3002,17.467,1.75,3.71,12.904,2023,Radial Velocity,5817,1.362,G0
MOA-2007-BLG-192L b,MOA-2007-BLG-192L,272.016,-27.1501,2160,3.58,12.49,,2008,Microlensing,,,
K2-79 b,K2-79,55.2559,13.5192,256.011,4.15,5.9,10.995,2016,Transit,5897,1.269,G1
K2-111 b,K2-111,59.8903,21.2985,200.394,1.837,5.35,5.3519,2017,Transit,5775,1.25,G2
TOI-4363 b,TOI-4363,37.1106,-12.5494,77.775,1.767,3.77,2.11868,2026,Transit,4278,0.691,
HD 5388 b,HD 5388,13.799,-47.4067,53.066,13.1,1017.05,772.5,2010,Radial Velocity,6297,1.91,F6 V
Kepler-79 b,Kepler-79,300.517,44.3815,1020.72,3.51,7.6,13.4845,2012,Transit,6389,1.316,
Kepler-79 c,Kepler-79,300.517,44.3815,1020.72,3.76,4.6,27.4026,2012,Transit,6389,1.316,
HD 16760 b,HD 16760,40.5892,38.6182,50.176,12.1,6833.31,466.08,2009,Radial Velocity,5518,0.835,G5 V
TOI-3457 b,TOI-3457,183.208,-79.7572,370.666,10.64,797.749,32.6003,2026,Transit,6300,1.474,
TOI-6884 b,TOI-6884,193.009,26.674,562.376,10.391,8365.24,4.80826,2026,Transit,6330,1.84,
TOI-4602.01,TOI-4602,60.6003,31.3298,63.064,2.45,5.53,3.9813,2024,Transit,5966,1.08,G5
TOI-791 b,TOI-791,118.435,-69.7017,341.221,11.131,9.5,139.299,2026,Transit,6294,1.474,F7
eps Eri b,eps Eri,53.2284,-9.45817,3.203,13.8,317.828,2680,2000,Radial Velocity,5020,0.759,K2 V
TOI-791 c,TOI-791,118.435,-69.7017,341.221,12.946,18.6,232.016,2026,Transit,6294,1.474,F7
HD 190360 b,HD 190360,300.909,29.8945,16.007,13.5,537,2887.5,2003,Radial Velocity,5560,1.14,G7 IV-V
HD 190360 c,HD 190360,300.909,29.8945,16.007,5.53,26.2,17.1163,2005,Radial Velocity,5560,1.14,G7 IV-V
HD 190360 d,HD 190360,300.909,29.8945,16.007,3.48,11.9,88.69,2026,Radial Velocity,5560,1.14,G7 IV-V
TOI-3664 b,TOI-3664,35.3085,59.7119,464.748,13.697,114.418,3.29748,2026,Transit,5593,1.11,
TOI-4034 b,TOI-4034,335.147,71.7673,745.145,17.71,276.511,1.80209,2026,Transit,5891,1.83,
HD 126105 b,HD 126105,216.002,-19.8011,82.881,13.5,530.773,524,2026,Radial Velocity,4875,4.21,K1 III
TIC 52059926 b,TIC 52059926,16.7727,-68.3681,216.581,10.71,5380,175.532,2026,Transit,4505,0.72,K4.5 V
TOI-4427 b,TOI-4427,135.049,72.1478,198.251,13.092,87.721,4.61826,2026,Transit,5347,0.89,
TOI-2049 b,TOI-2049,346.91,56.6945,571.487,16.645,486.277,5.30347,2026,Transit,6164,3.2,
TOI-4458 b,TOI-4458,252.126,74.7638,505.432,12.408,552.068,3.93938,2026,Transit,6151,1.96,
TOI-159 b,TOI-159,51.7823,-78.5498,347.593,18.18,1110,3.76284,2026,Transit,7287,1.62,F0 V
COCONUTS-2 b,COCONUTS-2 A,117.301,-76.7027,10.886,12.576,2383.71,4.02e+08,2021,Imaging,3552,0.366,M3 V
HD 30177 c,HD 30177,70.4771,-58.0208,55.587,12.9,1484.26,11320,2016,Radial Velocity,5680,1.019,G8 V
TOI-1710 b,TOI-1710,94.2838,76.211,81.227,5.06,19.1,24.2834,2022,Transit,5775,0.93,G5 V
K2-370 b,K2-370,67.8205,19.8317,144.202,2.67,11.1,2.14081,2022,Transit,5662,0.945,G5 V
HIP 8923 b,HIP 8923,28.7251,-11.5113,65.996,12.5,3171.93,5160,2026,Radial Velocity,5980,1.322,G3 V
TOI-201 c,TOI-201,87.4018,-54.9104,113.825,10.4,4990,2890,2025,Transit Timing Variations,6423,1.31,F
KMT-2023-BLG-0332L b,KMT-2023-BLG-0332L,270.89,-27.2224,6500,12,6992.23,,2026,Microlensing,,,
XO-2 S d,XO-2 S,117.031,50.2169,151.398,13,1179.14,4696,2024,Radial Velocity,5325,1.02,G8 V
TOI-237 c,TOI-237,353.244,-29.4165,38.075,1.206,1.9,1.74486,2026,Transit,3226,0.206,M4.5 V
bet Pic b,bet Pic,86.8212,-51.0662,19.744,18.495,2765.11,8682,2008,Imaging,8039,1.544,A6 V
bet Pic c,bet Pic,86.8212,-51.0662,19.744,12.5,2765.11,1202,2019,Radial Velocity,8039,1.544,A6 V
bet Pic d,bet Pic,86.8212,-51.0662,19.744,14.123,762.788,33200,2026,Imaging,8039,1.544,A6 V
Kepler-484 b,Kepler-484,284.394,46.2491,382.136,2.28,5.82,10.0456,2016,Transit,5668,0.87,
Kepler-758 c,Kepler-758,293.085,41.1354,1502.32,1.69,3.5,4.75794,2016,Transit,6228,1.42,
TOI-4311 b,TOI-4311,41.6855,-31.1793,134.988,1.376,4.5,0.99027,2026,Transit,5063,0.844,K
TOI-2147 b,TOI-2147,155.642,83.0837,282.108,10.5,116,26.2052,2026,Transit,5983,1.39,
TOI-6019 b,TOI-6019,355.091,35.9408,260.342,12.3,149,14.548,2026,Transit,5561,2.02,
Kepler-929 b,Kepler-929,298.481,41.6153,1311.23,1.11,1.41,0.92103,2016,Transit,5869,1.02,
Kepler-1767 b,Kepler-1767,293.644,46.9897,820.506,3.013,9.34,59.6583,2021,Transit,5243,0.831,
Kepler-223 e,Kepler-223,298.318,47.2795,1859.71,4.6,4.8,19.7257,2014,Transit,5803,1.72,
Kepler-1127 b,Kepler-1127,293.217,42.7206,842.459,1.96,4.5,5.1233,2016,Transit,5664,0.95,
Kepler-1793 b,Kepler-1793,291.913,40.9539,1189.88,3.79,13.8,8.78,2021,Transit,5191,0.764,
HD 141937 b,HD 141937,238.074,-18.436,33.362,12.4,3591.46,662.37,2002,Radial Velocity,5870,1.03,G1 V
Kepler-1367 b,Kepler-1367,288.417,47.8787,401.484,0.92,0.721,1.57409,2016,Transit,4106,0.6,
Kepler-1900 b,Kepler-1900,291.886,44.479,1540.43,1.623,3.27,2.98623,2021,Transit,6173,1.041,
Kepler-1364 b,Kepler-1364,295.152,49.5876,1056.9,2.15,5.27,13.322,2016,Transit,6805,1.79,
Kepler-482 b,Kepler-482,296.823,48.1078,313.068,2.36,6.17,56.3542,2016,Transit,4871,0.72,
Kepler-1646 b,Kepler-1646,287.526,42.9129,127.591,1.23,2.04,4.48558,2016,Transit,3299,0.26,
HD 6718 b,HD 6718,16.9536,-8.23362,51.344,13.3,762.788,2476,2009,Radial Velocity,5746,1.02,G5 V
Kepler-32 c,Kepler-32,297.842,46.5744,323.847,2,158.9,8.7522,2011,Transit,3900,0.53,M1 V
K2-177 b,K2-177,55.2296,20.7361,492.167,2.116,5.13,14.1552,2018,Transit,6063,1.214,
Kepler-259 c,Kepler-259,288.212,46.615,1002.14,2.7,7.75,36.9249,2014,Transit,5938,0.898,
K2-183 b,K2-183,125.007,14.0195,329.041,1.1,1.37,0.46929,2018,Transit,5482,0.87,
Kepler-222 d,Kepler-222,287.906,46.9378,758.854,3.69,13.2,28.0819,2014,Transit,5433,0.869,
Kepler-165 c,Kepler-165,280.691,47.8097,560.885,2.23,5.6,15.313,2014,Transit,5211,0.77,
K2-263 b,K2-263,129.682,15.6806,162.481,2.513,15.4,50.8192,2018,Transit,5368,0.85,G9 V
Kepler-166 d,Kepler-166,293.16,48.8812,603.53,1.73,3.64,1.554,2016,Transit,5350,0.83,
Kepler-52 b,Kepler-52,286.738,49.9757,321.542,2.1,135,7.87736,2012,Transit,4075,0.52,M0 V
K2-186 b,K2-186,135.335,18.8253,330.739,3.172,10.2,41.4742,2018,Transit,5784,0.981,
K2-195 c,K2-195,199.832,-8.50954,315.014,2.576,7.16,28.4828,2018,Transit,5712,0.906,
K2-187 e,K2-187,132.524,23.1925,330.916,1.9,4.27,13.6066,2018,Transit,5438,0.83,
K2-187 c,K2-187,132.524,23.1925,330.916,1.4,2.54,2.87151,2018,Transit,5438,0.83,
K2-189 b,K2-189,203.621,-15.0365,242.113,1.403,2.55,2.58812,2018,Transit,5442,0.879,
K2-280 b,K2-280,291.595,-22.2477,391.537,7.5,37.1,19.8953,2018,Transit,5500,1.28,
K2-381 c,K2-381,288.027,-21.0076,145.701,2,4.66,16.0347,2022,Transit,4473,0.675,
Kepler-229 b,Kepler-229,286.999,48.3758,826.265,2.2,5.48,6.25297,2014,Transit,5120,0.728,
K2-222 b,K2-222,16.4625,11.7537,101.321,2.275,7.5,15.3889,2018,Transit,5942,1.072,G0
K2-220 b,K2-220,12.77,9.51677,233.514,2.37,6.21,13.6819,2018,Transit,5612,1.026,
Kepler-491 b,Kepler-491,287.131,42.3501,630.785,8.92,59,4.22538,2016,Transit,5582,1.03,
Kepler-197 b,Kepler-197,295.226,50.5592,330.575,1.02,1.04,5.59931,2014,Transit,6004,1.12,
Kepler-216 b,Kepler-216,293.728,46.1291,1187.47,2.35,6.12,7.69364,2014,Transit,6091,1.26,
K2-176 b,K2-176,58.2692,17.9069,247.302,1.491,2.83,5.32944,2018,Transit,5428,0.864,
K2-223 b,K2-223,185.306,-10.2821,198.604,0.89,0.64,0.50557,2018,Transit,5859,1,
Kepler-1732 b,Kepler-1732,292.291,37.5808,1289.41,4.099,15.7,32.3124,2021,Transit,5821,1.494,
14 Her b,14 Her,242.602,43.8164,17.932,12.5,2828.67,1766.41,2002,Radial Velocity,5338,0.93,K0
16 Cyg B b,16 Cyg B,295.466,50.5168,21.14,13.5,565.737,798.5,1996,Radial Velocity,5750,1.13,G3 V
K2-368 d,K2-368,332.636,-11.1661,206.608,1.948,4.45,20.2011,2022,Transit,4663,0.663,
Kepler-261 b,Kepler-261,291.365,37.6092,317.499,2.18,5.39,10.3812,2014,Transit,5098,0.794,
1RXS J160929.1-210524 b,1RXS J160929.1-210524,242.376,-21.0831,139.135,18.647,3000,,2008,Imaging,4060,1.313,K7 V
CoRoT-4 b,CoRoT-4,102.195,-0.67279,726.412,13.34,228.83,9.20205,2008,Transit,6190,1.17,
K2-224 c,K2-224,189.704,-10.0606,275.255,2.41,6.39,10.0949,2018,Transit,5620,0.84,
K2-368 c,K2-368,332.636,-11.1661,206.608,1.361,2.42,9.66019,2022,Transit,4663,0.663,
24 Sex c,24 Sex,155.868,-0.9024,72.069,13.9,273.32,883,2010,Radial Velocity,5098,4.9,K0 IV
CoRoT-7 b,CoRoT-7,100.956,-1.06301,159.906,1.681,4.077,0.85359,2009,Transit,5275,0.83,G9 V
K2-226 b,K2-226,183.646,-9.56263,211.265,1.539,2.98,3.27109,2018,Transit,5288,0.889,
K2-227 b,K2-227,190.948,-8.47842,187.234,1.666,3.41,13.6218,2018,Transit,5673,0.891,
2MASS J12073346-3932539 b,2MASS J12073346-3932539,181.889,-39.5484,64.308,15.693,1652.71,,2004,Imaging,2825,0.219,M8
CoRoT-7 c,CoRoT-7,100.956,-1.06301,159.906,2.83,8.4,3.698,2009,Radial Velocity,5256,0.864,G9 V
eps Tau b,eps Tau,67.1547,19.1803,47.529,12.7,2285.19,585.82,2006,Radial Velocity,4877,12.35,K0 III
gam1 Leo b,gam1 Leo,154.993,19.8414,39.888,12.5,2790.43,428.5,2009,Radial Velocity,4330,31.88,K1 IIIb Fe-0.5
K2-229 b,K2-229,186.873,-6.72185,102.564,1,2.55,0.58422,2018,Transit,5315,0.79,G9
Kepler-752 b,Kepler-752,292.268,37.9557,1232.29,2.81,8.3,18.8275,2016,Transit,5373,0.83,
CoRoT-9 b,CoRoT-9,280.787,6.20408,412.98,11.949,266.977,95.2727,2009,Transit,5625,0.96,G3 V
K2-343 b,K2-343,134.202,21.5027,166.169,1.65,3.36,2.78717,2021,Transit,3804,0.46,
51 Peg b,51 Peg,344.368,20.7691,15.461,14.1,193.875,4.2308,1995,Radial Velocity,5761,1.19,G5V
K2-331 c,K2-331,132.738,13.1703,211.43,2.72,7.85,22.9966,2021,Transit,5994,1.06,
EPIC 212624936 c,EPIC 212624936,210.638,-10.0237,561.929,2.3,5.9,11.8114,2021,Transit,5765,0.93,
K2-334 b,K2-334,136.489,16.3255,371.823,5.65,27.2,5.11398,2021,Transit,6502,1.49,
K2-379 b,K2-379,283.032,-27.1807,182.207,2.181,5.4,8.77725,2022,Transit,4603,0.751,
61 Vir d,61 Vir,199.596,-18.3158,8.503,5.11,22.9,123.01,2009,Radial Velocity,5577,0.963,G5 V
K2-202 b,K2-202,283.264,-22.4071,300.397,2.302,5.91,3.40516,2018,Transit,5491,0.911,
K2-343 c,K2-343,134.202,21.5027,166.169,2.02,4.74,7.67697,2021,Transit,3804,0.46,
K2-342 b,K2-342,133.122,21.2387,208.357,2.03,4.78,11.561,2021,Transit,5920,1.09,
Kepler-260 b,Kepler-260,291.926,38.014,627.365,2.01,4.7,8.1874,2014,Transit,5250,0.862,
K2-381 d,K2-381,288.027,-21.0076,145.701,1.689,3.5,26.803,2022,Transit,4473,0.675,
K2-381 b,K2-381,288.027,-21.0076,145.701,1.075,1.26,7.93893,2022,Transit,4473,0.675,
K2-348 b,K2-348,130.878,24.423,201.856,3.26,10.7,4.68842,2021,Transit,5077,0.85,
K2-384 d,K2-384,20.4998,0.75097,82.66,1.392,2.52,6.67958,2022,Transit,3623,0.348,M4 V
81 Cet b,81 Cet,39.4244,-3.39636,101.26,13.1,1051.06,1005.57,2008,Radial Velocity,4734,11.21,G5 III
K2-352 c,K2-352,140.445,18.4696,176.051,1.92,4.35,8.23489,2021,Transit,5791,0.95,
K2-384 c,K2-384,20.4998,0.75097,82.66,1.191,1.82,4.19477,2022,Transit,3623,0.348,M4 V
BD+14 4559 b,BD+14 4559,318.401,14.6894,49.352,13.8,330.543,268.94,2009,Radial Velocity,4864,0.86,K2 V
K2-204 b,K2-204,17.3825,-0.51775,577.235,3.172,10.2,7.05591,2018,Transit,5783,1.253,
Kepler-1736 b,Kepler-1736,289.777,38.2622,1430,3.877,14.3,37.8103,2021,Transit,6085,0.973,
K2-205 b,K2-205,15.2176,0.42597,405.301,1.996,4.64,26.6723,2018,Transit,5890,1.078,
Kepler-8 b,Kepler-8,281.288,42.4511,1021.87,15.872,187.52,3.5225,2010,Transit,6213,1.486,
K2-209 b,K2-209,14.6904,1.38281,76.499,0.869,0.586,2.08061,2018,Transit,4720,0.712,
Kepler-745 b,Kepler-745,291.499,37.0593,1780.38,2.16,5.31,9.93144,2016,Transit,5849,1.04,
K2-211 b,K2-211,21.1062,1.70491,272.297,1.332,2.33,0.66956,2018,Transit,5117,0.818,
Kepler-262 c,Kepler-262,290.729,37.2527,613.129,1.64,3.33,21.8537,2014,Transit,5841,0.881,
Kepler-119 b,Kepler-119,295.946,42.6588,701.996,3.6,12.6,2.42208,2014,Transit,5595,0.839,
K2-394 b,K2-394,71.11,16.5186,98.015,1.692,3.51,5.09572,2022,Transit,4938,0.631,
CoRoT-19 b,CoRoT-19,97.0336,-0.17073,790.663,14.46,352.78,3.89713,2011,Transit,6090,1.65,F9 V
Kepler-748 b,Kepler-748,292.263,37.237,1705.99,2.52,6.9,7.40743,2016,Transit,5934,1.1,
HD 113538 b,HD 113538,196.234,-52.4464,16.282,13.2,114.41,663.2,2010,Radial Velocity,4462,0.53,K9 V
Kepler-112 b,Kepler-112,296.981,43.2097,513.206,2.36,6.17,8.40888,2014,Transit,5544,0.841,
HD 114386 b,HD 114386,197.665,-35.0562,27.924,13.6,464.029,937.7,2003,Radial Velocity,4836,0.76,K3 VC
HD 136418 b,HD 136418,229.776,41.7324,105.168,13.3,680.156,464.3,2009,Radial Velocity,4989,3.78,G5
GJ 676 A b,GJ 676 A,262.545,-51.6378,16.027,12.8,1840.86,1051.45,2010,Radial Velocity,3734,0.69,M0
HAT-P-31 b,HAT-P-31,271.538,26.4266,344.05,12.218,721.474,5.00542,2011,Transit,6065,1.39,
HD 11506 b,HD 11506,28.2107,-19.5074,51.261,12.9,1551,1617.7,2007,Radial Velocity,6123,1.24,G0 V
HD 11506 c,HD 11506,28.2107,-19.5074,51.261,14,127.131,223.92,2008,Radial Velocity,6123,1.24,G0 V
GJ 581 e,GJ 581,229.856,-7.72269,6.298,1.38,2.48,3.1481,2009,Radial Velocity,3500,0.302,M3.0 V
HAT-P-35 b,HAT-P-35,123.251,4.78703,506.965,14.93,335.628,3.64671,2011,Transit,6096,1.435,
HD 116029 b,HD 116029,200.165,24.6485,123.245,13.6,444.962,670,2011,Radial Velocity,4819,4.89,K0
HD 142245 b,HD 142245,238.234,15.4306,97.231,13.1,975.738,1299,2011,Radial Velocity,4922,4.63,K0
GJ 876 b,GJ 876,343.324,-14.2666,4.675,13.3,723.223,61.1166,1998,Radial Velocity,3294,0.3,M2.5V
HD 118203 b,HD 118203,203.51,53.7282,92.259,12.778,680.153,6.13498,2005,Radial Velocity,5742,2.04,K0 IV
HD 142 b,HD 142,1.58368,-49.0754,26.185,12.7,2256.58,351.434,2001,Radial Velocity,6245,1.47,F7V
GJ 876 d,GJ 876,343.324,-14.2666,4.675,2.51,6.83,1.93778,2005,Radial Velocity,3294,0.3,M2.5V
HD 125595 b,HD 125595,215.343,-40.3942,28.199,,3531.07,9.6737,2011,Radial Velocity,4691,0.74,K4 V
GQ Lup b,GQ Lup,237.3,-35.6515,151.169,33.6,6356,,2004,Imaging,4360,1.942,K7e V
GJ 876 e,GJ 876,343.324,-14.2666,4.675,3.92,14.6,124.26,2010,Radial Velocity,3294,0.3,M2.5V
HD 100655 b,HD 100655,173.765,20.4415,137.178,13.5,511.706,157.57,2011,Radial Velocity,4891,10.06,G9 III
Kepler-744 b,Kepler-744,296.496,47.1828,449.964,1.62,3.26,12.0622,2016,Transit,5594,0.93,
HD 10180 f,HD 10180,24.4731,-60.5115,38.961,5.24,23.9,122.744,2010,Radial Velocity,5911,1.109,G1 V
HD 126614 b,HD 126614,216.701,-5.17841,73.096,12.7,107.744,1257.25,2009,Radial Velocity,5568,1.37,G8 IV
HD 10180 g,HD 10180,24.4731,-60.5115,38.961,,3375.34,604.67,2010,Radial Velocity,5911,1.109,G1 V
HD 12661 b,HD 12661,31.1424,25.4136,37.848,13.3,772.327,262.709,2000,Radial Velocity,5645,1.2,K0
HAT-P-15 b,HAT-P-15,66.2481,39.4606,192.516,11.882,616.59,10.8635,2010,Transit,5568,1.07,G5
HAT-P-16 b,HAT-P-16,9.57303,42.4631,226.637,14.684,1341.56,2.77597,2010,Transit,6140,1.158,F8
Kepler-764 b,Kepler-764,297.393,47.1646,1047.84,1.64,3.33,7.33684,2016,Transit,5557,0.89,
Kepler-123 b,Kepler-123,296.999,42.782,1021.66,2.94,55.3,17.2324,2014,Transit,6089,1.264,
HD 104985 b,HD 104985,181.316,76.9053,100.576,12.8,1766.81,199.68,2003,Radial Velocity,4738,11.12,G9 III
HD 104067 b,HD 104067,179.792,-20.3556,20.363,9.2,62.1,55.851,2011,Radial Velocity,4952,0.78,K2V
HD 13189 b,HD 13189,32.4174,32.3165,497.823,12.4,3480.24,471.6,2005,Radial Velocity,4175,38.41,K2
HD 106252 b,HD 106252,183.373,10.0404,38.185,12.5,3178.28,1535,2002,Radial Velocity,5874,1.05,G0
HD 132406 b,HD 132406,224.228,53.381,70.783,12.8,1887.9,908,2007,Radial Velocity,5766,1.34,G0 V
HD 108874 c,HD 108874,187.613,22.8794,59.517,13.8,314.64,1624,2005,Radial Velocity,5551,1.05,G5
HD 10647 b,HD 10647,25.6233,-53.7413,17.336,13.8,298.75,989.2,2006,Radial Velocity,6218,1.1,F9 V
HD 134060 b,HD 134060,227.685,-61.4224,24.012,3.16,10.1,3.2696,2019,Radial Velocity,5966,1.164,G3 IV
HAT-P-21 b,HAT-P-21,171.275,41.028,277.278,12.442,1547.83,4.12448,2010,Transit,5588,1.21,G3
HD 215152 b,HD 215152,340.838,-6.40207,21.597,,565.417,5.75999,2018,Radial Velocity,4935,0.73,K3 V
HD 37124 c,HD 37124,84.26,20.729,31.663,14.1,207.225,885.5,2002,Radial Velocity,5699,0.949,G4 V
HD 159868 b,HD 159868,264.747,-43.1462,55.85,13.3,704.947,1184.1,2006,Radial Velocity,5534,2.13,G5 V
HD 187085 b,HD 187085,297.392,-37.781,45.899,13.9,265.706,1019.74,2006,Radial Velocity,6117,1.27,G0 V
HD 216437 b,HD 216437,343.664,-70.0734,26.69,13,1334.88,1359,2002,Radial Velocity,5909,1.394,G1 V
HD 187123 c,HD 187123,296.743,34.419,45.955,13.2,912.168,3810,2008,Radial Velocity,5790,1.15,G3 V
HD 216770 b,HD 216770,343.975,-26.6595,36.663,14.1,181.163,118.45,2003,Radial Velocity,5399,0.93,G9 V CN+1
HD 18742 b,HD 18742,45.0443,-20.8027,162.685,13.1,1080.62,766,2011,Radial Velocity,4940,5.13,G8/K0 IV
HD 21693 c,HD 21693,51.804,-58.3233,33.255,4.34,17.37,53.7357,2019,Radial Velocity,5430,0.914,G8 V
HD 162020 b,HD 162020,267.66,-40.3185,30.825,12.5,3127.45,8.4282,2002,Radial Velocity,4723,0.75,K3 V
HD 190647 b,HD 190647,301.832,-35.5395,54.474,13.4,630.893,1176.45,2007,Radial Velocity,5656,1.376,G5 V
HD 190984 b,HD 190984,302.878,-64.6203,148.187,13,1137.83,4885,2009,Radial Velocity,5988,1.53,F8 V
HD 192263 b,HD 192263,303.499,-0.86576,19.636,14.2,177.985,24.3556,1999,Radial Velocity,4976,0.74,K2 V
HD 217786 b,HD 217786,345.784,-0.43036,55.485,12.3,4402.56,1301.36,2011,Radial Velocity,5966,1.27,F8 V
HD 217107 c,HD 217107,344.565,-2.39545,20.062,12.9,1388.91,5138.7,2005,Radial Velocity,5622,1.224,G
HD 41004 B b,HD 41004 B,89.9566,-48.2394,41.55,12.1,5838.29,1.3283,2003,Radial Velocity,5036,1.041,M2 V
HD 163607 c,HD 163607,268.418,56.3925,67.785,13.3,699.544,1272,2012,Radial Velocity,5522,1.76,G5
HD 192310 c,HD 192310,303.828,-27.0338,8.797,5.25,24,525.8,2011,Radial Velocity,5166,0.858,K3V
HD 4208 b,HD 4208,11.1126,-26.515,34.194,13.9,257.442,832.97,2001,Radial Velocity,5717,0.846,G7 V Fe-1 CH-0.5
HD 164922 b,HD 164922,270.63,26.3104,22.002,13.3,116,1207,2005,Radial Velocity,5390,0.946,G9 V
HD 197037 b,HD 197037,309.887,42.2476,33.194,13.9,251,1035.7,2012,Radial Velocity,6150,1.105,F7 V
HD 4308 b,HD 4308,11.1653,-65.6527,22.016,4.12,15.892,15.56,2005,Radial Velocity,5686,1.02,G5V
Kepler-272 c,Kepler-272,299.128,47.5938,889.608,1.79,97.8,6.05734,2014,Transit,5297,0.929,
HD 4313 b,HD 4313,11.4181,7.84505,136.308,13.4,612.458,356.21,2009,Radial Velocity,4943,5.14,G5
HD 168746 b,HD 168746,275.457,-11.923,41.568,11.1,85.814,6.404,2002,Radial Velocity,5570,1.09,G5
HD 148156 b,HD 148156,247.072,-46.3175,57.129,13.9,270.144,1027,2009,Radial Velocity,6308,1.21,G0/2 V
HD 17092 b,HD 17092,41.5924,49.653,228.422,12.5,3219.62,359.9,2007,Radial Velocity,4326,13.58,K0 III
HD 27894 b,HD 27894,65.1976,-59.4097,43.821,14.1,196.736,18.0194,2005,Radial Velocity,4875,0.892,K2 V
HD 28254 b,HD 28254,66.2108,-50.6228,55.288,13,1207.75,1333,2010,Radial Velocity,5664,1.48,G5 V
HD 148427 b,HD 148427,247.117,-13.3996,71.35,13.7,381.394,331.9,2009,Radial Velocity,5025,3.86,K0 III- IV
HD 171028 b,HD 171028,278.064,6.94568,111.659,13.2,832.715,550,2007,Radial Velocity,5671,2.47,G0
HD 204313 c,HD 204313,322.051,-21.7274,47.794,4.31,17.163,34.9588,2015,Radial Velocity,5767,1.1,G5 V
HD 30177 b,HD 30177,70.4771,-58.0208,55.587,12.6,2622.08,2539,2002,Radial Velocity,5680,1.019,G8 V
HD 290327 b,HD 290327,80.84,-2.27804,56.433,13.3,772.327,2443,2009,Radial Velocity,5505,0.95,G8 V
HD 152581 b,HD 152581,253.432,11.9737,165.76,13.4,594.024,686.5,2011,Radial Velocity,5027,5.14,K0
HD 177830 b,HD 177830,286.336,25.9204,62.767,13.5,537.133,410.1,1999,Radial Velocity,4901,3.26,K0
HD 20794 b,HD 20794,49.9998,-43.0667,6.003,1.45,2.7,18.314,2011,Radial Velocity,5368,0.93,G6 V
HD 31253 b,HD 31253,73.6823,12.352,58.144,14.1,197.055,466,2010,Radial Velocity,6130,1.75,F8
HD 178911 B b,HD 178911 B,287.263,34.6007,40.973,12.6,2552.18,71.484,2001,Radial Velocity,5588,1.08,G5
HD 155358 b,HD 155358,257.393,33.3549,43.62,13.8,314.652,194.3,2007,Radial Velocity,5905,1.38,G0
HD 154857 b,HD 154857,257.816,-56.681,63.448,13.3,778.683,408.6,2004,Radial Velocity,5589,2.3,G5 V
HD 155358 c,HD 155358,257.393,33.3549,43.62,13.9,261,391.9,2007,Radial Velocity,5900,1.38,G0
HD 210702 b,HD 210702,332.964,16.0405,54.196,13.6,481.51,355.5,2007,Radial Velocity,4912,4.54,K1 IV
HD 3651 b,HD 3651,9.83872,21.2489,11.134,10.1,72.465,62.25,2003,Radial Velocity,5221,0.872,K0 V
HD 156668 b,HD 156668,259.418,29.2282,24.332,1.87,4.15,4.6455,2010,Radial Velocity,4850,0.72,K2
HD 156411 b,HD 156411,259.964,-48.5502,56.865,14,235.18,842.2,2009,Radial Velocity,5900,2.16,F8 IV/V
HD 183263 b,HD 183263,292.102,8.35792,54.196,13.1,1103.18,624.874,2004,Radial Velocity,5948,1.23,G2 IV
HD 63454 b,HD 63454,114.841,-78.2792,37.689,12.31,79.457,2.81805,2005,Radial Velocity,4812,0.77,K4 V
HD 89307 b,HD 89307,154.588,12.6209,32.01,13.4,642.013,2166,2009,Radial Velocity,5955,1.1,G0 V
rho CrB b,rho CrB,240.26,33.3002,17.467,13.7,347.995,39.849,1997,Radial Velocity,5817,1.362,G0
HD 66428 b,HD 66428,120.869,-1.1636,53.282,12.4,3478.95,2269.82,2005,Radial Velocity,5716,1.13,G8 IV (+ G)
HD 93083 b,HD 93083,161.087,-33.5777,28.516,14.3,143.341,144.72,2005,Radial Velocity,5034,0.837,K2 IV-V
HD 69830 b,HD 69830,124.601,-12.6364,12.559,3.17,10.2,8.667,2006,Radial Velocity,5385,0.887,K0V
TrES-3 b,TrES-3,268.029,37.5463,231.337,14.975,607.03,1.30619,2007,Transit,5650,0.829,G4 V
WASP-50 b,WASP-50,43.6881,-10.898,184.848,13.07,466.829,1.9551,2011,Transit,5400,0.843,
HD 69830 d,HD 69830,124.601,-12.6364,12.559,4.45,18.1,197,2006,Radial Velocity,5385,0.887,K0V
HD 96127 b,HD 96127,166.441,44.3015,587.659,13,1207.75,638.9,2011,Radial Velocity,3943,35,K2 III
HD 70573 b,HD 70573,125.708,1.85911,59.182,12.8,1900,851.8,2007,Radial Velocity,5737,0.977,G1-1.5 V
HD 97658 b,HD 97658,168.638,25.7106,21.562,2.12,8.3,9.48971,2010,Radial Velocity,5212,0.728,K1 V
V0391 Peg b,V0391 Peg,331.05,26.4188,1195.98,13.1,1017.06,1170,2007,Pulsation Timing Variations,29300,0.23,sdBV
WASP-8 b,WASP-8,359.901,-35.0313,89.961,12.666,807.288,8.15872,2010,Transit,5600,1.03,G8 V
WASP-10 b,WASP-10,348.993,31.4627,140.998,12.106,1001.12,3.09276,2008,Transit,4675,0.698,K5 V
XO-2 N b,XO-2 N,117.027,50.2251,154.273,11.131,199.915,2.61586,2007,Transit,5290,0.998,G8 V
HD 74156 b,HD 74156,130.605,4.57723,57.603,13.5,532.363,51.6356,2003,Radial Velocity,6068,1.511,G0
HD 99706 b,HD 99706,172.126,43.9662,146.6,13.7,390.931,841,2011,Radial Velocity,4862,5.52,K0
HIP 12961 b,HIP 12961,41.6801,-23.086,23.371,13.2,114.419,57.435,2010,Radial Velocity,3901,0.65,M0
HD 45184 b,HD 45184,96.182,-28.7806,21.953,3.52,12.19,5.8854,2019,Radial Velocity,5869,1.075,G1.5 V
WASP-16 b,WASP-16,214.683,-20.2754,194.134,13.675,394.109,3.1186,2009,Transit,5700,1.14,
HD 45364 b,HD 45364,96.4106,-31.481,34.354,9.03,60.165,225.79,2008,Radial Velocity,5466,0.89,K0 V
HD 75898 b,HD 75898,133.461,33.0567,78.05,13.2,810.462,422.82,2007,Radial Velocity,6122,1.55,F8 V
HD 7924 b,HD 7924,20.4957,76.7101,16.992,,2058.26,5.39792,2008,Radial Velocity,5131,0.78,K0.5 V
Kepler-746 b,Kepler-746,290.682,37.3552,450,1.11,1.41,3.48159,2016,Transit,5418,0.93,
HD 79498 b,HD 79498,138.789,23.3749,48.949,13.6,425.892,1807,2011,Radial Velocity,5748,1.05,G5
HD 48265 b,HD 48265,100.007,-48.5418,90.545,12.6,2351.93,778.51,2008,Radial Velocity,5733,1.901,G5 IV/V
HD 49674 b,HD 49674,102.877,40.8672,43.04,6.2,31.783,4.94737,2002,Radial Velocity,5602,1.02,G5 V
HIP 57274 c,HIP 57274,176.171,30.9577,25.862,14.2,130,32.03,2011,Radial Velocity,4640,0.68,K4 V
HD 52265 b,HD 52265,105.075,-5.36681,29.98,13.7,384.574,119.27,2000,Radial Velocity,6136,1.32,G0V
HR 8799 e,HR 8799,346.87,21.134,41.244,13.115,3178.3,20815.6,2010,Imaging,7400,1.493,A5
HD 5891 b,HD 5891,15.1383,20.2923,283.502,12.6,2425.04,177.11,2011,Radial Velocity,4673,10.64,G5
HD 85390 b,HD 85390,147.511,-49.7905,33.523,6.16,31.465,799.52,2011,Radial Velocity,5186,0.8,K1.5 V
xi Aql b,xi Aql,298.562,8.46111,56.186,13.4,616.905,136.97,2007,Radial Velocity,4841,10.86,K0 III
WASP-35 b,WASP-35,76.0819,-6.22978,202.218,14.572,225.659,3.16158,2011,Transit,5990,1.08,
TOI-1408 b,TOI-1408,313.511,72.5807,139.484,25,593,4.42587,2023,Transit,6117,1.53,F8 V
TOI-2524 b,TOI-2524,160.887,-1.9127,438.842,11.209,203.41,7.18585,2023,Transit,5831,1.119,
HD 219415 b,HD 219415,348.724,56.7303,165.184,13.8,317.83,2093.3,2012,Radial Velocity,4820,2.9,K0 III
WD 0806-661 b,WD 0806-661,121.728,-66.3059,19.244,12.106,2224.8,,2011,Imaging,10393,,DQ
WASP-99 b,WASP-99,39.8977,-50.0082,158.66,11.433,772.327,5.75251,2014,Transit,6150,1.64,F8
HD 32963 b,HD 32963,76.982,26.3277,38.079,13.4,657.905,2372,2015,Radial Velocity,5727,1.111,G5 IV
K2-133 b,K2-133,70.1494,25.0098,75.17,1.34,2.36,3.07133,2017,Transit,3655,0.455,M1.5 V
HATS-53 b,HATS-53,176.628,-33.8601,585.77,15.02,189.109,3.85378,2017,Transit,5644,1.101,
Kepler-286 b,Kepler-286,290.676,48.2942,1226.85,1.24,2.07,1.7963,2014,Transit,5580,0.863,
TOI-283 b,TOI-283,118.569,-65.4415,82.701,2.34,6.54,17.6175,2025,Transit,5213,0.85,K
Kepler-69 b,Kepler-69,293.261,44.8689,730.625,2.24,5.65,13.7223,2013,Transit,5638,0.93,G4 V
TOI-2525 b,TOI-2525,86.851,-60.5213,395.398,8.676,26.698,23.2856,2023,Transit,5096,0.785,K8 V
HD 169830 b,HD 169830,276.956,-29.8168,37.605,13.2,804.424,225.674,2000,Radial Velocity,6300,1.936,F8 V
HD 192699 b,HD 192699,304.025,4.58057,71.863,13.4,666.172,340.94,2007,Radial Velocity,5041,4.41,G8 IV
Pr0211 b,Pr0211,130.548,19.277,182.714,13.4,597.52,2.1461,2012,Radial Velocity,5300,0.827,
HATS-3 b,HATS-3,312.457,-24.4287,411.211,15.48,340.382,3.54785,2013,Transit,6351,1.404,F
HD 33844 c,HD 33844,78.1506,-14.951,105.779,13.5,556.202,916,2015,Radial Velocity,4861,5.29,K0 III
HATS-29 b,HATS-29,285.097,-54.8933,353.891,14.022,207.543,4.60587,2016,Transit,5670,1.073,G
K2-138 b,K2-138,348.949,-10.8497,202.585,1.51,3.1,2.35309,2017,Transit,5356,0.863,G8 V
gam Lib c,gam Lib,233.882,-14.7895,47.402,12.8,1662.56,966.49,2018,Radial Velocity,4879,12.38,K0 III
TOI-406.01,TOI-406,49.2626,-42.2441,31.06,2.08,6.57,13.1757,2024,Transit,3392,0.41,M3
Kepler-282 d,Kepler-282,284.677,44.7976,1337.61,2.46,61,24.806,2013,Transit,5656,0.89,
TOI-663 b,TOI-663,160.066,-8.51108,64.231,2.27,4.45,2.5989,2024,Transit,3681,0.512,M1 V
Kepler-283 b,Kepler-283,293.614,47.8389,468.094,2.13,5.18,11.0082,2014,Transit,4351,0.566,
HD 195019 b,HD 195019,307.079,18.7692,37.668,13,1264.96,18.2013,1998,Radial Velocity,5751,1.48,G3 IV-V
BD-06 1339 c,BD-06 1339,88.2512,-5.99634,20.27,8.38,53,125.94,2013,Radial Velocity,4324,0.686,K7/M0 V
CoRoT-25 b,CoRoT-25,280.63,6.51382,1103.48,12.11,85.81,4.86069,2013,Transit,6040,1.19,F9
HD 564 b,HD 564,2.46945,-50.2679,51.166,12.5,104.88,492.3,2014,Radial Velocity,5902,1.01,G2/G3 V
HATS-45 b,HATS-45,101.994,-21.9107,772.11,14.415,222.481,4.18762,2018,Transit,6450,1.315,
Kepler-421 b,Kepler-421,283.257,45.0877,348.558,4.16,16.1,704.198,2014,Transit,5308,0.757,G9/K0
TOI-663 d,TOI-663,160.066,-8.51108,64.231,1.92,5.2,7.10273,2024,Transit,3681,0.512,M1 V
TOI-1443 b,TOI-1443,297.399,76.1392,85.803,2.304,30,23.5407,2024,Transit,5224,0.751,
HAT-P-41 b,HAT-P-41,297.323,4.67241,348.185,22.978,378.218,2.69405,2012,Transit,6390,2.05,
HD 5608 b,HD 5608,14.5594,33.9506,58.111,13.7,371.224,768.7,2012,Radial Velocity,4807,5.43,K0 IV
HD 13908 b,HD 13908,34.5609,65.5942,79.552,13.9,274.91,19.382,2013,Radial Velocity,6255,1.67,F8 V
HD 108341 b,HD 108341,186.879,-71.4225,48.91,13.3,715.114,1129,2014,Radial Velocity,5122,0.79,K2 V
KELT-12 b,KELT-12,267.64,36.5702,368.03,19.952,301.938,5.03162,2017,Transit,6279,2.37,
HD 34445 f,HD 34445,79.4207,7.35272,46.091,6.88,37.9,676.8,2017,Radial Velocity,5836,1.38,G0 V
HD 34445 e,HD 34445,79.4207,7.35272,46.091,4.26,16.8,49.175,2017,Radial Velocity,5836,1.38,G0 V
KELT-19 A b,KELT-19 A,111.51,7.61578,300.276,21.409,1293.57,4.61171,2017,Transit,7500,1.83,A8 V
KOI-1257 b,KOI-1257,291.225,44.9273,656,10.54,460.83,86.6477,2014,Transit,5520,1.13,G5 V
TOI-1226 b,TOI-1226,103.755,-69.8671,257.93,2.41,6.39,3.92881,2026,Transit,5435,0.987,
K2-219 d,K2-219,12.8453,8.86755,325.4,2.576,7.16,11.1373,2018,Transit,5753,1.189,
HD 216435 b,HD 216435,343.409,-48.5986,32.983,13.7,400.4,1311,2002,Radial Velocity,5999,1.8,G0 V
HD 23079 b,HD 23079,54.9282,-52.9162,33.459,13.2,845.424,735.74,2001,Radial Velocity,5994,1.08,F9.5 V
BD+49 828 b,BD+49 828,45.6406,49.73,442.042,13.5,508.5,2590,2015,Radial Velocity,4943,7.6,K0
HD 20794 e,HD 20794,49.9998,-43.0667,6.003,2.03,4.77,147.02,2017,Radial Velocity,5401,0.93,G8
K2-239 b,K2-239,160.594,4.44138,31.085,1.1,1.37,5.24,2018,Transit,3420,0.36,M3.0 V
TOI-880.02,TOI-880,94.1645,-13.9873,60.668,2.19,5.43,2.57571,2024,Transit,5050,0.83,K
TOI-1232 b,TOI-1232,116.501,-61.8798,328.604,10.929,220.573,14.256,2026,Transit,5823,1.072,G1 V
WASP-71 b,WASP-71,29.2634,0.75882,362.715,13.227,441.784,2.90367,2012,Transit,6050,1.82,F8
HD 159243 c,HD 159243,263.34,5.70083,73.305,13.4,603.9,248.4,2013,Radial Velocity,6123,1.12,G0 V
HIP 91258 b,HIP 91258,279.221,61.7015,45.885,13.7,346.435,5.0505,2013,Radial Velocity,5519,0.89,G5 V
HIP 109384 b,HIP 109384,332.409,71.314,58.958,13.5,495.815,499.48,2016,Radial Velocity,5180,0.831,G5
HD 27894 c,HD 27894,65.1976,-59.4097,43.821,8.24,51.488,36.07,2017,Radial Velocity,4875,0.892,K2 V
K2-239 d,K2-239,160.594,4.44138,31.085,1.1,1.37,10.115,2018,Transit,3420,0.36,M3.0 V
Kepler-778 b,Kepler-778,287.477,44.2375,938.168,1.68,3.46,3.75574,2016,Transit,5102,0.77,
TOI-1244 b,TOI-1244,256.28,69.5191,102.551,2.467,6.6,6.40032,2024,Transit,4599,0.721,
TOI-1466 b,TOI-1466,307.397,61.5507,86.578,2.467,6.65,1.87191,2026,Transit,4435,0.75,
K2-157 b,K2-157,183.751,-5.78202,298.373,0.935,1.14,0.36526,2018,Transit,5334,0.86,G9 V
HD 33564 b,HD 33564,80.6379,79.2318,20.953,12.5,2892.1,388,2005,Radial Velocity,6250,1.437,F6 V
WASP-55 b,WASP-55,203.758,-17.5035,297.462,14.729,186.247,4.46563,2012,Transit,6096,1.09,
ROXs 12 b,ROXs 12,246.617,-25.4467,136.65,12.2,5085,,2013,Imaging,3850,1.066,M0
bet UMi b,bet UMi,222.676,74.1556,38.775,12.7,1938.7,522.3,2014,Radial Velocity,4126,38.3,K4 III
HD 216536 b,HD 216536,343.267,44.4777,376.233,13.8,333.721,148.6,2015,Radial Velocity,4639,9.83,K0
HIP 65407 b,HIP 65407,201.088,48.8847,61.78,14.3,136.031,28.125,2016,Radial Velocity,5460,0.952,K0
HD 12484 b,HD 12484,30.6115,2.81581,48.337,13.2,947.133,58.83,2016,Radial Velocity,5920,1.002,F8
NGTS-1 b,NGTS-1,82.7142,-36.631,218.121,14.908,258.078,2.6473,2017,Transit,3916,0.573,M0.5
K2-148 b,K2-148,14.5176,-0.19326,124.458,1.33,2.33,4.38395,2018,Transit,4079,0.632,
K2-158 b,K2-158,179.94,-5.72169,197.299,2.64,7.46,10.0605,2018,Transit,5503,0.95,
HD 86081 b,HD 86081,149.024,-3.80835,103.936,13.6,470.388,2.13784,2006,Radial Velocity,5939,1.46,F8
HD 45652 b,HD 45652,97.3059,10.9336,34.854,14.3,137.62,44.073,2008,Radial Velocity,5294,0.94,G8/K0
WASP-62 b,WASP-62,87.1398,-63.9883,175.631,14.796,165.272,4.41195,2012,Transit,6230,1.23,
HIP 65426 b,HIP 65426,201.15,-51.5045,108.875,16.814,2860.47,,2017,Imaging,8840,1.77,A2 V
K2-148 d,K2-148,14.5176,-0.19326,124.458,1.64,3.33,9.7579,2018,Transit,4079,0.632,
GJ 1265 b,GJ 1265,333.432,-17.6871,10.252,2.63,7.4,3.6511,2018,Radial Velocity,3236,0.192,M4.5 V
HD 6061 b,HD 6061,15.5981,37.1854,67.62,2.428,10,5.2549,2023,Transit,5934,1.007,
FU Tau b,FU Tau,65.8975,25.0507,133.495,12.2,5085.28,,2008,Imaging,2838,,M7.25
Kepler-19 c,Kepler-19,290.421,37.8517,218.562,3.68,13.1,28.731,2011,Transit Timing Variations,5544,0.859,
Kepler-25 d,Kepler-25,286.638,39.4879,243.249,10,71.9,122.4,2014,Radial Velocity,6354,1.316,F8
HIP 8541 b,HIP 8541,27.5272,-54.4652,155.121,12.6,2451.73,1852.14,2016,Radial Velocity,4672,6.84,K2 III/IV
K2-113 b,K2-113,19.4494,6.86885,635.722,12.14,410.001,5.81768,2017,Transit,5660,1.24,G
K2-152 b,K2-152,181.632,-5.82743,108.449,2.29,5.86,32.6479,2018,Transit,4044,0.61,M0.0 V
K2-243 c,K2-243,181.121,-4.89914,266.864,2.01,4.7,24.946,2018,Transit,6570,1.39,
HD 13167 b,HD 13167,32.0576,-24.6956,148.934,13.1,1052.02,2613,2018,Radial Velocity,5671,2.39,G3 V
TOI-929 b,TOI-929,45.9072,-39.9308,114.421,2.69,7.7,5.83015,2026,Transit,4457,0.717,
K2-162 b,K2-162,186.038,-1.11148,124.433,1.44,2.67,9.45889,2018,Transit,4842,0.69,
K2-161 b,K2-161,183.794,-3.49569,916.319,6.117,31.1,9.28319,2018,Transit,4972,2.568,
KELT-3 b,KELT-3,148.643,40.3879,210.252,17.486,616.59,2.70339,2013,Transit,6304,1.7,
Kepler-97 c,Kepler-97,287.327,48.6733,400.907,,344,789,2014,Radial Velocity,5779,0.98,
KELT-14 b,KELT-14,108.301,-42.4098,250.121,19.537,408.094,1.71006,2016,Transit,5720,1.52,G4
tau Cet h,tau Cet,26.0093,-15.9338,3.603,1.19,1.83,49.41,2017,Radial Velocity,5310,0.83,G8.5V
K2-154 c,K2-154,189.002,-2.66962,129.356,2.07,4.94,7.95486,2018,Transit,4097,0.63,M0.0 V
K2-246 b,K2-246,181.63,-1.1606,703.616,3.49,12,5.76918,2018,Transit,5610,0.94,
TOI-969 b,TOI-969,115.137,2.09859,77.255,2.765,9.1,1.82373,2022,Transit,4435,0.671,K V
TOI-1291 b,TOI-1291,245.818,62.9251,428.123,5.638,27.1,7.16201,2026,Transit,6140,1.811,
HD 220689 b,HD 220689,351.471,-20.6168,46.878,13.7,381.394,2266.4,2012,Radial Velocity,5921,1.068,G3 V
GJ 163 b,GJ 163,62.3228,-53.3712,15.129,3.25,10.6,8.63182,2013,Radial Velocity,3500,0.41,M
WASP-104 b,WASP-104,160.602,7.43508,185.932,12.745,404.263,1.75541,2014,Transit,5475,0.963,G8
HAT-P-53 b,HAT-P-53,21.8711,38.9681,666.802,14.773,471.66,1.96162,2015,Transit,5956,1.209,
HD 111591 b,HD 111591,192.573,22.8631,114.166,12.9,1398.45,1056.4,2017,Radial Velocity,4884,8.03,K0 III
K2-155 b,K2-155,65.4696,21.3533,72.8,1.8,3.89,6.342,2018,Transit,4258,0.58,K7
HD 180053 b,HD 180053,288.401,34.9147,137.043,13.3,697.319,213.72,2018,Radial Velocity,5131,4.06,K0
TOI-1669 c,TOI-1669,45.9565,83.5874,111.276,2.296,13,2.68005,2024,Transit,5497,1.056,
K2-165 d,K2-165,184.9,0.96833,134.591,2.648,7.5,14.1014,2018,Transit,5185,0.804,
DENIS-P J082303.1-491201 b,DENIS-P J082303.1-491201,125.762,-49.2003,20.77,11.9,9057.77,246.36,2013,Astrometry,,,L1.5
NGC 2682 YBP 1514 b,NGC 2682 YBP 1514,132.753,11.8865,914.221,14,127.132,5.118,2014,Radial Velocity,5725,0.89,G5 V
HD 14067 b,HD 14067,34.2933,23.7676,142.024,12.2,4862.77,2744,2014,Radial Velocity,4815,12.4,G9 III
K2-30 b,K2-30,52.3421,22.2994,333.042,11.646,184.024,4.0985,2016,Transit,5425,0.844,G6 V
YZ Cet d,YZ Cet,18.1331,-16.9962,3.712,1.03,1.09,4.65626,2017,Radial Velocity,3151,0.157,M4.5 V
Kepler-90 i,KOI-351,284.433,49.3051,848.254,1.32,2.3,14.4491,2017,Transit,6015,1.29,
HD 75784 c,HD 75784,133.099,13.2331,85.432,12.8,1792.56,7900,2018,Radial Velocity,4867,3.4,G5
WASP-56 b,WASP-56,183.366,23.0557,321.084,10.536,143.024,4.6171,2012,Transit,5600,0.96,G6
GJ 667 C g,GJ 667 C,259.751,-34.9978,7.244,1.99,4.6,256.2,2013,Radial Velocity,3350,,M1.5 V
WASP-135 b,WASP-135,267.285,29.879,298.214,14.572,603.877,1.40138,2015,Transit,5675,0.96,G5 V
CoRoT-32 b,CoRoT-32,100.195,9.2574,576.683,6.389,47.675,6.71837,2018,Transit,5970,0.79,G0 VI
TOI-1054.01,TOI-1054,302.114,-54.3175,88.434,2.434,6.5,15.5078,2021,Transit,6122,1.17,
Kepler-504 b,Kepler-504,284.922,45.9723,99.069,1.59,3.15,9.54928,2016,Transit,3519,0.33,
TOI-1691 b,TOI-1691,272.404,86.8603,111.445,3.66,14.6,16.7369,2024,Transit,5759,1,
K2-221 b,K2-221,16.655,10.1897,318.81,1.679,3.46,2.39909,2018,Transit,5716,0.948,
GJ 504 b,GJ 504,199.192,9.42498,17.53,12.106,1271.3,,2013,Imaging,6234,1.26,G0 V
WASP-68 b,WASP-68,305.096,-19.3147,226.399,14.796,343.256,5.0843,2014,Transit,5910,1.79,G0
psi1 Dra B b,psi1 Dra B,265.493,72.1557,22.719,13.5,486.28,3117,2015,Radial Velocity,6212,1.256,G0 V
K2-118 b,K2-118,132.127,15.6559,321.722,2.54,6.99,50.9209,2017,Transit,4726,0.735,
GJ 3942 b,GJ 3942,242.265,52.9441,16.929,2.57,7.14,6.905,2017,Radial Velocity,3867,0.61,M0
Kepler-1654 b,Kepler-1654,282.186,44.4345,568.117,9.18,158.915,1047.84,2018,Transit,5597,1.179,G5 V
TOI-1695 b,TOI-1695,21.9217,72.2966,45.131,1.9,6.36,3.13428,2022,Transit,3690,0.515,M1 V
Kepler-750 b,Kepler-750,289.097,44.0044,1296.02,3.07,9.64,9.42887,2016,Transit,6160,1.23,
WASP-78 b,WASP-78,63.7563,-22.1164,754.258,21.633,352.791,2.17518,2012,Transit,6100,2.46,
HD 66141 b,HD 66141,120.566,2.33503,68.151,12.8,1906.9,480.5,2012,Radial Velocity,4323,21.4,K2 III
HD 203030 b,HD 203030,319.743,26.2306,39.25,14.46,3496.11,,2006,Imaging,5603,0.856,G8 V
WASP-88 b,WASP-88,309.511,-48.4621,523.756,16.365,133.489,4.954,2014,Transit,6430,1.8,F6
KIC 10001893 c,KIC 10001893,287.389,46.9845,1672.94,,,0.32528,2014,Orbital Brightness Modulation,27500,0.18,
Wolf 1061 d,Wolf 1061,247.575,-12.6677,4.306,2.69,7.7,217.21,2015,Radial Velocity,3342,0.307,M3.5
K2-130 b,K2-130,290.271,-19.6909,118.011,1.25,2.1,2.49412,2017,Transit,4356,0.744,
K2-129 b,K2-129,289.149,-25.6463,27.796,1.04,1.12,8.23949,2017,Transit,3459,0.36,
HD 147379 b,HD 147379,244.173,67.2392,10.764,4.94,21.6,86.58,2017,Radial Velocity,4090,0.628,M0.0 V
HATS-42 b,HATS-42,108.452,-33.4374,800.377,15.693,597.52,2.2921,2018,Transit,6060,1.48,
WASP-144 b,WASP-144,320.763,-40.0484,355.513,9.528,139.845,2.27832,2018,Transit,5200,0.81,K2 V
TOI-128.01,TOI-128,79.5209,-80.9644,68.473,2.219,5.56,4.94047,2024,Transit,6086,1.13,
HD 83443 c,HD 83443,144.299,-43.2727,40.899,13.6,476.743,8241,2022,Radial Velocity,5442,0.94,K0 V
TOI-1347 c,TOI-1347,280.327,70.29,147.476,1.6,6.4,4.84196,2024,Transit,5464,0.83,
HD 108147 b,HD 108147,186.441,-64.0224,38.92,10.9,82.95,10.8985,2002,Radial Velocity,6256,1.207,F8 V CH+0.4
CHXR 73 b,CHXR 73,166.619,-77.6259,190.374,12.3,3994.49,,2006,Imaging,3099,,M3.5
KIC 8540376 b,KOI-7892,282.378,44.6946,1072.3,4.1,15.8,31.8099,2015,Transit,6474,1.26,
HATS-51 b,HATS-51,102.847,-29.0587,389.57,15.805,244.093,3.34887,2017,Transit,5758,1.44,
K2-233 b,K2-233,230.48,-20.2318,67.506,1.315,2.4,2.46758,2018,Transit,4796,0.71,K3
Kepler-814 b,Kepler-814,284.911,48.4316,2055.77,2.12,5.14,6.14699,2016,Transit,6162,1.22,
TOI-209 b,TOI-209,19.3942,-66.9031,113.387,2.395,6.32,4.37944,2026,Transit,4807,0.743,
HD 18599 b,HD 18599,44.262,-56.1919,38.565,2.6,24.1,4.13744,2022,Transit,5145,0.767,K2 V
Kepler-127 c,Kepler-127,285.19,46.0281,352.794,2.66,7.56,29.3932,2014,Transit,6106,1.359,
HIP 55507 b,HIP 55507,170.523,46.9078,25.489,12.6,2585.53,5138.44,2022,Radial Velocity,4171,0.724,M0
NGC 2682 Sand 1429 b,NGC 2682 Sand 1429,133.015,11.69,852.793,13.4,572.091,77.48,2024,Radial Velocity,6000,2.13,F9.5 V
Kepler-955 b,Kepler-955,288.471,40.2698,550.383,3.13,9.96,14.5324,2016,Transit,5350,0.84,
Kepler-962 b,Kepler-962,295.313,46.2375,411.486,1.97,4.54,12.0571,2016,Transit,5478,0.86,
TOI-5678 b,TOI-5678,47.3842,-34.1985,165.393,4.91,20,47.7302,2023,Transit,5485,0.938,G7 V
HD 155918 c,HD 155918,260.536,-75.3492,27.561,12.8,1878.05,17202.2,2022,Radial Velocity,5772,1.019,G2V
TOI-6034 b,TOI-6034,317.9,68.4021,117.992,11.92,254,2.57618,2024,Transit,3635,0.489,
HD 101581 b,HIP 56998,175.256,-44.4042,12.778,0.956,0.827,4.46569,2025,Transit,4675,0.63,K4/5V
Kepler-922 b,Kepler-922,284.732,49.5331,536.323,1.42,2.6,0.93847,2016,Transit,5671,0.93,
Barnard c,Barnard's star,269.449,4.73798,1.827,0.743,0.335,4.1244,2025,Radial Velocity,3195,0.185,M3.5-4 V
TIC 32032563 b,TIC 32032563,56.0905,-68.8581,507.858,3.477,11.9,13.8346,2026,Transit,5568,1.002,
Kepler-911 b,Kepler-911,298.589,40.7507,556.168,2.6,7.27,20.3105,2016,Transit,6112,1.99,
HD 16905 b,HD 16905,40.0136,-61.355,39.74,12.4,3591.46,10256,2022,Radial Velocity,4866,0.775,K3 V
HD 184010 b,HD 184010,292.84,26.6173,60.799,12.1,98.527,286.6,2022,Radial Velocity,4971,4.86,K0 III-IV
TOI-6041 b,TOI-6041,46.061,43.5577,72.473,4.55,28.9,26.0495,2025,Transit,5445,0.879,G7
TOI-6281 b,TOI-6281,172.379,-40.6094,57.745,1.924,4.36,1.05426,2026,Transit,4533,0.874,
TOI-4600 c,TOI-4600,258.45,64.5662,216.056,9.42,2946.27,482.819,2023,Transit,5170,0.81,K V
Barnard b,Barnard's star,269.449,4.73798,1.827,0.72,0.299,3.1542,2024,Radial Velocity,3195,0.185,M3.5-4 V
Barnard e,Barnard's star,269.449,4.73798,1.827,0.637,0.193,6.7392,2025,Radial Velocity,3195,0.185,M3.5-4 V
HD 224018 c,HD 224018,358.639,-4.72334,105.48,2.42,10.4,36.5767,2025,Transit,5784,1.147,G V
TIC 38825265 b,TIC 38825265,68.2493,-65.204,165.638,2.189,5.43,3.31337,2026,Transit,4376,0.665,
Kepler-1012 b,Kepler-1012,289.296,46.458,411.077,1.29,2.21,5.5086,2016,Transit,5556,0.91,
Kepler-1754 b,Kepler-1754,295.457,50.0772,718.945,2.44,6.53,8.19595,2021,Transit,4723,0.747,
LHS 1678 d,LHS 1678,68.179,-39.7909,19.878,0.981,0.907,4.96522,2024,Transit,3490,0.329,M2.0 V
HD 18143 c,HD 18143,43.914,26.8724,22.524,12.5,3177.65,28982.4,2022,Radial Velocity,5078,0.87,K2
Kepler-935 b,Kepler-935,295.022,46.6192,471.782,1.35,2.39,4.88084,2016,Transit,4830,0.73,
Kepler-879 c,Kepler-879,295.807,50.9098,802.672,0.4,0.036,0.64672,2024,Transit,5457,1.022,G
ZTF J1230-2655 b,ZTF J1230-2655,187.569,-26.931,186.69,13.787,7024.01,0.23598,2025,Transit,10000,0.012,
TIC 270471727 b,TIC 270471727,97.2114,-78.4731,182.104,2.75,8,10.4562,2026,Transit,5271,0.997,
TIC 65612701 b,TIC 65612701,310.474,36.3388,151.624,5.078,22.7,10.2247,2026,Transit,5692,1.737,
Kepler-1014 b,Kepler-1014,285.122,44.1105,624.8,2.39,6.3,16.5711,2016,Transit,5388,0.84,
Kepler-1044 b,Kepler-1044,293.144,46.6662,1278.96,2.67,7.61,6.77409,2016,Transit,5985,1.11,
Kepler-66 b,Kepler-66,293.982,46.6877,1202.96,2.8,8.25,17.8158,2013,Transit,5962,0.966,G0 V
Kepler-857 b,Kepler-857,294.632,43.4004,983.502,6.8,37.2,85.3513,2016,Transit,5773,0.99,
TOI-6080 b,TOI-6080,266.604,38.0787,188.183,3.324,11,8.05562,2026,Transit,5775,1.062,
Wolf 1069 b,Wolf 1069,306.524,58.5753,9.583,1.08,1.26,15.564,2023,Radial Velocity,3158,0.181,M5.0 V
TOI-6330 b,TOI-6330,22.168,53.6861,139.042,10.89,3179,6.85002,2025,Transit,3539,0.49,
ITG 15 b,ITG 15 A,69.937,26.0312,136.37,12.1,6674.4,,2024,Imaging,,,
WISPIT 2 b,WISPIT 2,290.821,-7.68208,134.907,17.934,1541.47,,2025,Imaging,4400,1.418,
NGTS-38 b,NGTS-38,108.715,-29.4306,268.637,12.117,1516.04,180.528,2026,Transit,6310,1.88,
TOI-5210 b,TOI-5210,314.317,21.9502,302.086,10.727,82,4.56611,2025,Transit,5723,1.209,
TOI-5726.01,TOI-5726,123.395,68.5746,108.848,2.554,7.05,5.49113,2024,Transit,5874,1.106,
HD 194490 b,HD 194490,306.998,-51.6645,80.235,12.4,3561.9,13092.2,2022,Radial Velocity,5861,1.149,
HD 190228 b,HD 190228,300.754,28.3066,62.715,12.9,1598.68,1143.6,2022,Radial Velocity,5360,2.587,G5 IV
HD 206893 b,HD 206893,326.342,-12.7834,40.758,14.011,6197.65,11100,2021,Imaging,6500,1.311,F5 V
HD 112570 b,HD 112570,194.282,46.1766,101.166,13.1,1086.97,2615,2023,Radial Velocity,4750,9.85,K0 III
HD 154391 b,HD 154391,255.32,60.6489,100.947,12.5,2892.24,5163,2023,Radial Velocity,4909,8.56,K1 III
G 196-3 b,G 196-3,151.088,50.3862,21.791,12,8263.54,,2024,Imaging,3517,0.522,
Kepler-1026 b,Kepler-1026,283.605,39.9979,351.239,2.21,5.52,36.5156,2016,Transit,4948,0.75,
G 261-6 b,G 261-6,291.074,75.5558,10.627,1.1,1.37,5.4536,2025,Radial Velocity,2907,0.153,M5.5 V
TOI-5789 d,TOI-5789,302.773,16.1897,20.458,1.91,4.29,29.65,2026,Radial Velocity,5185,0.833,K1 V
TOI-5789 b,TOI-5789,302.773,16.1897,20.458,1.26,2.12,2.76369,2026,Radial Velocity,5185,0.833,K1 V
TIC 142589416 b,TIC 142589416,168.244,73.8301,168.933,2.679,7.65,2.09518,2026,Transit,4396,0.714,
NGTS-39 b,NGTS-39,109.939,9.94126,278.402,12.195,466.254,58.2047,2026,Transit,6053,1.16,F9 V
Gliese 48 b,Gliese 48,15.6582,71.6782,8.234,2.77,8.11,39.6299,2026,Radial Velocity,3450,0.463,M3.5 V
Kepler-993 b,Kepler-993,292.614,44.3947,324.423,2.97,9.11,22.0856,2016,Transit,3843,0.54,
Kepler-80 d,Kepler-80,296.113,39.9787,369.451,1.53,6.75,3.07222,2014,Transit,4540,0.678,K5
K2-411 b,K2-411,58.0036,19.391,298.219,0.99,0.937,3.2141,2022,Transit,5711,1.375,
HD 169142 b,HD 169142,276.124,-29.7805,113.6,13.1,953.485,,2023,Imaging,7246,1.537,
TOI-6383 A b,TOI-6383 A,60.4247,60.8914,171.319,11.29,331,1.79059,2024,Transit,3444,0.457,M3
TIC 139270665 b,TIC 139270665,124.034,33.2914,189.875,7.23,147.155,23.624,2024,Transit,5844,1.016,G2
TOI-7149 b,TOI-7149,244.738,19.1758,126.126,13.2,224,2.65206,2025,Transit,3363,0.351,M4 V
Kepler-348 b,Kepler-348,297.255,40.5484,570.783,1.52,2.92,7.05677,2014,Transit,6177,1.359,
TOI-5789 e,TOI-5789,302.773,16.1897,20.458,3.43,11.61,62.98,2026,Radial Velocity,5185,0.833,K1 V
TIC 154870955 b,TIC 154870955,191.746,88.8299,226.463,3.095,9.77,7.96987,2026,Transit,4740,0.724,
Kepler-332 b,Kepler-332,286.663,47.4137,344.19,1.17,1.71,7.62632,2014,Transit,4955,0.72,
TOI-5238 b,TOI-5238,223.359,68.8595,290.646,5.22,23.7,4.87217,2022,Transit,5631,1.023,
Kepler-914 b,Kepler-914,290.412,44.8993,753.723,1.38,2.48,4.40967,2016,Transit,5877,1.15,
K2-413 c,K2-413,353.418,-7.61203,285.162,1.233,2.05,5.3301,2022,Transit,4116,0.7,
TOI-6086 b,TOI-6086,265.37,30.3038,31.457,1.18,1.76,1.38887,2024,Transit,3200,0.259,M3.0
Kepler-314 c,Kepler-314,294.674,42.0756,268.881,2.9,8.75,5.96039,2014,Transit,5378,0.95,
HIP 29442 c,TOI-469,93.0578,-14.6493,68.192,1.551,4.5,3.53796,2023,Radial Velocity,5289,0.98,
HD 63433 d,HD 63433,117.479,27.3631,22.404,1.073,1.25,4.20908,2023,Transit,5688,0.912,G5 V
Kepler-317 b,Kepler-317,294.944,39.032,940.584,2.09,109.8,5.52424,2014,Transit,5497,0.941,
TOI-7384 b,TOI-7384,83.1032,-39.8342,66.79,3.56,12.4,6.23403,2026,Transit,3185,0.319,M4
Kepler-1768 b,Kepler-1768,299.957,44.7719,632.766,2.233,5.62,15.1359,2021,Transit,6050,1.572,
Kepler-981 b,Kepler-981,289.249,47.6501,878.082,2.31,5.95,4.46976,2016,Transit,5718,0.96,
Kepler-1043 b,Kepler-1043,281.663,47.5686,903.332,2.55,7.04,38.5053,2016,Transit,5629,0.9,
TOI-5777 b,TOI-5777,141.002,82.8587,114.277,3.096,9.78,6.91716,2026,Transit,4408,0.672,
HIP 113103 b,HIP 113103,343.572,-43.0102,46.212,1.829,4,7.6103,2023,Transit,4930,0.742,
UCAC3 113-933 b,UCAC3 113-933,5.27581,-33.8032,52.583,12.1,6674.4,,2024,Imaging,3864,0.564,M0
HD 73344 c,HD 73344,129.689,23.6853,35.26,13.5,118.55,65.94,2025,Radial Velocity,6148,1.22,F6 V
Kepler-139 f,Kepler-139,282.392,43.8894,391.038,6.67,36,355,2025,Transit Timing Variations,5630,1.045,
TIC 249022743 b,TIC 249022743,78.5762,-3.44661,396.46,4.796,20.6,2.2572,2026,Transit,5568,1.208,
TIC 260969020 b,TIC 260969020,74.9407,-79.5859,121.222,2.227,5.59,8.48585,2026,Transit,4573,0.69,
Kepler-62 e,Kepler-62,283.213,45.3497,300.874,1.61,36,122.387,2013,Transit,4925,0.64,K2 V
HD 105618 c,HD 105618,182.402,11.2116,70.084,11.9,8419.59,77114.1,2022,Radial Velocity,5671,1.274,
HIP 113103 c,HIP 113103,343.572,-43.0102,46.212,2.4,6.35,14.2456,2023,Transit,4930,0.742,
Kepler-1053 b,Kepler-1053,291.419,39.1274,151.129,0.98,0.904,2.41435,2016,Transit,4529,0.69,
Kepler-102 d,Kepler-102,281.482,47.2078,107.796,1.154,3,10.3118,2014,Transit,4909,0.724,
HD 196067 c,HD 196067,310.436,-75.3515,39.935,3.21,10.4,4.60109,2025,Radial Velocity,6072,1.71,G0 V
GJ 887 d,GJ 887,346.503,-35.8473,3.287,2.34,6.1,50.77,2026,Radial Velocity,3688,0.468,M1 V
Kepler-347 b,Kepler-347,289.2,49.3056,1298.88,1.97,4.54,12.7984,2014,Transit,6088,1.005,
HD 11112 b,HD 11112,27.0881,-41.4944,44.38,12.6,2598.57,17244.9,2022,Radial Velocity,5906,1.474,
Kepler-485 b,Kepler-485,294.996,50.4701,1140.95,14.41,,3.24326,2016,Transit,5958,1.09,
TIC 393818343 b,TIC 393818343,310.292,3.6383,93.734,12.184,1379.38,16.2492,2024,Transit,5756,1.086,G0
Kepler-1032 b,Kepler-1032,289.931,40.0977,673.01,1.87,4.16,3.29012,2016,Transit,4647,0.71,
HD 284149 AB b,HD 284149 A,61.6617,20.303,117.807,12,8352.53,,2017,Imaging,6035,1.36,
WASP-132 d,WASP-132,217.609,-46.1595,122.91,12.8,1639.99,1816.6,2024,Radial Velocity,4686,0.758,K4 V
K2-157 c,K2-157,183.751,-5.78202,298.373,6.08,30.8,25.942,2025,Radial Velocity,5334,0.86,G9 V
KOINTREAU-4 b,2MASS J16262785-2625152,246.616,-26.421,145.434,12.2,4862.77,,2026,Imaging,3252,,M4.5
TIC 390586021 b,TIC 390586021,199.823,-31.4655,114.558,2.86,8.55,2.74704,2026,Transit,4435,0.727,
HD 113337 c,HD 113337,195.444,63.6103,36.18,12.1,6299.68,5429.93,2020,Radial Velocity,6774,1.5,F6 V
HD 94771 b,HD 94771,163.975,-35.1145,57.781,14.2,169,2164,2023,Radial Velocity,5631,1.903,G3/G5 V
TOI-6695 b,TOI-6695,129.572,-23.5502,282.536,9.528,66.744,80.389,2025,Transit,6400,1.517,F5V-G0V
Gaia-5 b,Gaia-5,302.041,41.9415,41.181,12.1,6633.08,358.62,2025,Astrometry,3447,0.345,
DMPP-2 d,DMPP-2,27.4077,-34.4591,137.94,11.6,91.79,16.491,2026,Radial Velocity,6500,1.78,F5 V
TIC 423703298 b,TIC 423703298,22.9361,-17.0136,136.191,2.772,8.11,4.03713,2026,Transit,4540,0.73,
Kepler-335 b,Kepler-335,296.064,45.4286,1278.97,3.39,11.4,6.56233,2014,Transit,5877,1.854,
Kepler-1023 b,Kepler-1023,289.03,49.7697,694.175,2.63,7.41,62.1388,2016,Transit,5494,0.89,
TOI-5592 b,TOI-5592,106.68,65.8572,597.026,17.15,285.728,2.60858,2025,Transit,6237,1.393,
HD 122562 c,HD 122562,210.589,20.881,53.253,10.1,73.101,84.9628,2022,Radial Velocity,4956,2.166,
HD 115404 A c,HD 115404 A,199.216,17.016,10.982,12.5,3279.67,15319.2,2022,Radial Velocity,5019,0.727,K2V
GJ 1002 c,GJ 1002,1.67646,-7.54621,4.849,1.1,1.36,21.202,2022,Radial Velocity,3024,0.137,M5.5 V
Kepler-932 b,Kepler-932,296.952,43.272,465.612,1.37,2.45,1.92144,2016,Transit,5331,0.84,
TOI-6707 b,TOI-6707,109.763,-58.1155,641.467,5.727,27.8,3.83479,2026,Transit,6289,1.582,
Kepler-139 e,Kepler-139,282.392,43.8894,391.038,13.7,378,2047.64,2023,Radial Velocity,5622,1.045,
Kepler-328 c,Kepler-328,295.809,40.0085,2213.19,5.4,39.4,71.312,2013,Transit,6064,1.06,
TOI-7510 d,TOI-7510,273.728,-54.434,249.006,10.52,190,48.8645,2025,Transit,5720,1.035,G3
Kepler-1779 b,Kepler-1779,300.417,45.6055,908.501,3.033,9.44,16.3436,2021,Transit,5730,1.056,
Kepler-973 b,Kepler-973,290.165,49.9238,328.52,1.96,4.5,49.6077,2016,Transit,5213,0.78,
TOI-5595 b,TOI-5595,110.46,35.222,136.955,4.737,20.1,5.99003,2026,Transit,4417,0.743,
HD 203387 b,HD 203387,320.562,-16.8345,61.748,13.1,1106.04,512.535,2022,Radial Velocity,5174,10.585,
TOI-6016 b,TOI-6016,4.52396,59.7662,364.715,13.675,371.859,4.02369,2024,Transit,6110,1.51,F
HIP 99770 b,HIP 99770,303.634,36.8066,40.077,12.2,5403.08,18600,2023,Imaging,8000,1.94,A5-A6
Kepler-1772 b,Kepler-1772,289.438,39.2704,871.564,2.686,7.68,3.21509,2021,Transit,5541,0.934,
GJ 2126 b,GJ 2126,257.361,-35.3917,38.129,13.6,413.177,272.7,2025,Radial Velocity,4159,0.728,M0 V
TOI-5616 b,TOI-5616,184.902,48.6833,390.415,10.78,624,2.00285,2024,Transit,3996,0.646,
Kepler-408 b,Kepler-408,284.786,48.4233,88.783,0.82,5,2.46502,2014,Transit,6104,1.23,
Kepler-10 d,Kepler-10,285.679,50.2415,185.506,3.49,12,151.06,2023,Radial Velocity,5708,1.065,
GJ 3988 b,GJ 3988,255.85,51.409,9.911,1.74,3.69,6.9442,2023,Radial Velocity,3273,0.197,M4.5 V
TOI-1408 c,TOI-1408,313.511,72.5807,139.484,2.22,7.6,2.1664,2024,Transit Timing Variations,6117,1.53,F8 V
HD 68475 b,HD 68475,122.719,-42.8129,33.43,12.8,1639.99,7832,2026,Radial Velocity,5022,0.791,K2 VC
HD 48265 c,HD 48265,100.007,-48.5418,90.545,12.9,1414.34,10418,2026,Radial Velocity,5805,2.05,G5 IV/V
Kepler-958 b,Kepler-958,287.257,46.0667,449.773,2.06,4.9,9.76788,2016,Transit,5421,0.86,
TOI-5624 d,TOI-5624,180.844,49.2512,101.913,3.584,4.9,13.7315,2026,Transit,5327,0.82,
KOI-351 d,KOI-351,284.433,49.3051,848.254,2.87,8.6,59.7367,2013,Transit,6080,1.2,
Kepler-20 e,Kepler-20,287.698,42.3386,282.563,0.821,0.76,6.09849,2011,Transit,5495,0.916,
nu Oct A b,nu Oct A,325.37,-77.3911,21.2,13.3,696.044,402.4,2016,Radial Velocity,4910,5.04,K1 IV
TOI-1288 c,TOI-1288,313.167,65.6088,114.865,11.1,85.7,416,2022,Radial Velocity,5388,0.958,G V
Kepler-104 c,Kepler-104,287.605,42.1665,400.785,3.13,7.144,23.6682,2014,Transit,5711,1.349,
Kepler-507 b,Kepler-507,297.019,50.4091,391.644,1.3,5.697,3.5681,2016,Transit,6113,1.32,
HN Lib b,HN Lib,218.568,-12.517,6.244,2.2,5.46,36.116,2023,Radial Velocity,3347,0.299,M4.0 V
Kepler-49 d,Kepler-49,292.295,40.5918,311.222,1.6,235.982,2.57655,2014,Transit,4252,0.559,M1 V
HIP 10090 b,HIP 10090,32.4351,-30.7471,82.394,13,1230,2960,2026,Radial Velocity,5661,1.383,K0
Kepler-346 b,Kepler-346,288.012,46.1176,984.105,2.66,7.56,6.51113,2014,Transit,6033,1.021,
Kepler-265 d,Kepler-265,290.51,41.2447,1280.25,2.49,6.76,43.1306,2014,Transit,5835,1.103,
Kepler-399 b,Kepler-399,299.502,40.6708,740.537,0.96,0.84,14.4253,2014,Transit,5502,0.68,
Kepler-110 c,Kepler-110,292.929,48.6028,586.531,2.21,5.52,31.7198,2014,Transit,5960,1.149,
Kepler-1248 b,Kepler-1248,288.059,51.3545,593.026,1.18,1.76,7.46725,2016,Transit,6149,1.21,
Kepler-1269 b,Kepler-1269,287.806,45.3405,1097.23,1.63,3.29,37.3332,2016,Transit,5998,1.15,
Kepler-1314 b,Kepler-1314,294.237,45.1968,141.987,5.11,22.9,5.42475,2016,Transit,4188,0.59,
Kepler-1870 b,Kepler-1870,293.934,40.5907,407.216,2.101,5.07,3.60694,2021,Transit,5508,0.84,
Kepler-236 b,Kepler-236,283.866,39.8982,288.763,1.57,3.09,8.29561,2014,Transit,3750,0.51,M1 V
Kepler-125 c,Kepler-125,298.258,47.605,183.365,0.74,0.33,5.77446,2014,Transit,3810,0.512,M1 V
Kepler-304 d,Kepler-304,294.442,40.5575,434.684,2.75,8,9.65347,2014,Transit,4731,0.687,
Kepler-326 d,Kepler-326,294.326,46.0023,487.675,1.21,6.9,6.76689,2014,Transit,5105,0.801,
Kepler-126 c,Kepler-126,289.347,44.2084,237.401,1.58,1.279,21.8697,2014,Transit,6239,1.358,
Kepler-400 c,Kepler-400,290.944,40.48,845.97,1.49,2.83,17.3408,2014,Transit,5886,1.145,
Kepler-1089 b,Kepler-1089,291.093,49.1902,259.328,1.83,4.01,5.13249,2016,Transit,3753,0.49,
Kepler-102 f,Kepler-102,281.482,47.2078,107.796,0.861,4.3,27.4536,2014,Transit,4909,0.724,
Kepler-1223 b,Kepler-1223,285.296,44.5528,459.957,1.22,1.98,16.3013,2016,Transit,4870,0.75,
Kepler-1853 b,Kepler-1853,284.748,46.3735,562.348,1.519,2.92,48.8882,2021,Transit,4821,0.788,
Kepler-512 b,Kepler-512,298.269,48.9167,467.375,2.69,7.7,34.4359,2016,Transit,5997,1.3,
Kepler-369 b,Kepler-369,293.674,47.9085,214,1.13,1.51,2.73276,2014,Transit,3591,0.471,
Kepler-305 c,Kepler-305,299.224,40.3432,868.477,3.3,6,8.291,2013,Transit,5080,0.8,
Kepler-975 c,Kepler-975,290.549,38.4952,426.088,10.69,80.2,5.05821,2023,Transit,4883,1.667,
Kepler-22 b,Kepler-22,289.217,47.8841,194.642,2.1,9.1,289.864,2011,Transit,5596,0.869,G5 V
Kepler-1995 b,Kepler-1995,284.343,46.3166,595.331,4.28,16.9,73.7579,2023,Transit,5029,0.93,
Kepler-1227 b,Kepler-1227,287.066,41.875,623.706,2.29,5.86,94.2888,2016,Transit,5747,0.95,
Kepler-1272 b,Kepler-1272,285.22,38.8058,1206.37,2.37,6.21,51.131,2016,Transit,5926,1.09,
Kepler-201 c,Kepler-201,293.626,41.2728,636.445,2.85,8.5,151.884,2014,Transit,6065,1.229,
Kepler-215 c,Kepler-215,294.974,45.2137,485.997,1.77,3.78,14.6671,2014,Transit,5739,1.027,
Kepler-267 c,Kepler-267,299.831,47.1576,264.993,2.13,5.18,6.87745,2014,Transit,4258,0.555,M1 V
Kepler-373 c,Kepler-373,289.388,50.597,1090.45,1.24,2.07,16.726,2014,Transit,5787,0.845,
Kepler-54 d,Kepler-54,294.774,43.0562,271.701,1.53,12.095,20.9957,2014,Transit,4252,0.554,M1 V
Kepler-329 b,Kepler-329,299.268,45.2273,439.719,1.4,2.54,7.4164,2014,Transit,4257,0.523,
Kepler-279 d,Kepler-279,287.391,42.1948,1037.4,3.1,37.5,54.414,2013,Transit,6689,1.07,
HD 219134 c,HD 219134,348.337,57.1696,6.531,1.511,4.36,6.76458,2015,Radial Velocity,4699,0.778,K3 V
Kepler-1198 b,Kepler-1198,288.834,44.8382,743.03,1.47,2.76,7.68477,2016,Transit,5517,0.9,
Kepler-161 c,Kepler-161,290.516,43.0839,434.632,2.05,3.61,7.06424,2014,Transit,5078,0.806,
Kepler-1294 b,Kepler-1294,291.268,44.4882,1855.7,3.19,10.3,115.686,2016,Transit,5776,0.97,
Kepler-1319 b,Kepler-1319,290.956,49.3668,103.917,1.34,2.36,2.88676,2016,Transit,3655,0.54,
Kepler-275 d,Kepler-275,292.48,38.5149,2034.25,3.33,11.1,35.6761,2014,Transit,6165,1.383,
Kepler-374 b,Kepler-374,294.138,42.3704,1265.61,1.03,1.08,1.89781,2014,Transit,5977,0.911,
Kepler-306 d,Kepler-306,288.539,40.6161,775.679,2.47,6.66,17.3266,2014,Transit,4954,0.719,
Kepler-305 e,Kepler-305,299.224,40.3432,868.477,1.794,3.87,3.20538,2020,Transit,4974,0.827,
Kepler-11 f,Kepler-11,297.115,41.9091,646.346,2.49,2,46.6888,2010,Transit,5663,1.065,
Kepler-276 d,Kepler-276,293.568,39.0363,1144.86,2.8,16.3,48.648,2013,Transit,5693,1.03,
Kepler-36 c,Kepler-36,291.25,49.2318,527.956,3.679,7.13,16.2187,2012,Transit,5979,1.634,
Kepler-1251 b,Kepler-1251,292.115,49.2564,902.204,1.84,4.04,45.0905,2016,Transit,5545,0.89,
Kepler-1843 b,Kepler-1843,292.885,41.2792,784.625,2.709,7.8,25.5434,2021,Transit,5422,1.782,
Kepler-1857 b,Kepler-1857,296.456,39.5985,853.275,1.961,4.5,8.94341,2021,Transit,6074,1.005,
Kepler-190 c,Kepler-190,288.584,44.7338,433.387,1.46,2.73,3.76302,2014,Transit,5106,0.795,
Kepler-123 c,Kepler-123,296.999,42.782,1021.66,1.48,2.79,26.6951,2014,Transit,6089,1.264,
Kepler-380 c,Kepler-380,282.395,48.7591,813.713,1.27,2.15,7.63,2014,Transit,6045,1.224,
Kepler-283 c,Kepler-283,293.614,47.8389,468.094,1.82,3.97,92.7437,2014,Transit,4351,0.566,
KELT-6 c,KELT-6,195.982,30.6401,240.726,13,1179.15,1276,2015,Radial Velocity,6272,1.529,F8
Kepler-85 b,Kepler-85,290.973,45.2903,765.025,1.778,1.84,8.3,2012,Transit,5505,0.875,
Kepler-799 c,Kepler-799,287.175,44.8785,1509.08,2.781,8.15,15.1942,2021,Transit,5588,1.593,
Kepler-1884 b,Kepler-1884,296.746,43.0454,1443.09,1.814,3.95,8.98832,2021,Transit,5984,0.906,
Kepler-381 b,Kepler-381,285.183,43.831,267.323,0.99,0.937,5.62902,2014,Transit,6152,1.568,
Kepler-84 d,Kepler-84,298.252,40.4961,1023.9,1.38,2.48,4.22454,2014,Transit,6031,1.169,
Kepler-334 b,Kepler-334,287.141,47.1151,426.59,1.12,1.46,5.47032,2014,Transit,5828,1.068,
Kepler-285 c,Kepler-285,291.391,48.0655,824.31,1.12,1.46,6.18668,2014,Transit,5411,0.808,
Kepler-1232 b,Kepler-1232,296.55,49.1023,632.865,1.93,4.38,26.7839,2016,Transit,5471,0.89,
Kepler-1858 b,Kepler-1858,292.307,46.6266,833.055,2.422,6.44,88.0716,2021,Transit,4939,0.819,
Kepler-204 c,Kepler-204,285.347,41.7619,686.723,1.79,3.86,25.6606,2014,Transit,5812,1.238,
Kepler-515 b,Kepler-515,290.494,52.0556,255,1.46,2.73,19.9637,2016,Transit,5293,0.83,
Kepler-221 e,Kepler-221,296.655,46.8352,385.231,2.63,7.867,18.3699,2014,Transit,5243,0.821,
Kepler-1877 b,Kepler-1877,294.867,46.7905,285.312,0.624,0.179,2.37757,2021,Transit,5615,0.936,
Kepler-350 d,Kepler-350,285.42,39.7061,956.859,2.8,14.9,26.136,2013,Transit,6492,1.25,
Kepler-58 e,Kepler-58,296.359,39.1152,969.252,1.61,597.796,4.45815,2023,Transit,6100,1.083,
Kepler-1679 b,Kepler-1679,293.901,50.4271,909.28,2.069,4.93,9.75376,2020,Transit,5501,0.873,
Kepler-58 c,Kepler-58,296.359,39.1152,969.252,2.86,53,15.5742,2012,Transit,5843,1.03,
Kepler-1844 b,Kepler-1844,292.69,37.9346,1804.36,3.036,9.46,3.92451,2021,Transit,5776,0.849,
Kepler-1278 b,Kepler-1278,282.957,42.8256,889.426,1.01,1.01,3.23941,2016,Transit,6074,1.16,
Kepler-1864 b,Kepler-1864,289.687,41.5889,298.894,0.754,0.353,3.88151,2021,Transit,5854,0.979,
Kepler-1324 b,Kepler-1324,291.185,40.3112,481.667,1.51,2.89,4.11584,2016,Transit,4776,0.73,
Kepler-462 c,Kepler-462,299.821,43.8143,596.625,4,6,207.62,2018,Transit,7500,1.57,
Kepler-226 d,Kepler-226,292.376,47.881,980.138,1.22,1.98,8.10904,2014,Transit,5571,0.802,
Kepler-221 b,Kepler-221,296.655,46.8352,385.231,1.71,5.956,2.79591,2014,Transit,5243,0.821,
Kepler-245 c,Kepler-245,291.639,42.4363,861.527,2.18,26.7,17.4608,2014,Transit,5100,0.795,
Kepler-352 b,Kepler-352,299.897,46.0519,252.733,0.86,0.566,10.0554,2014,Transit,5212,0.781,
Kepler-382 c,Kepler-382,299.136,45.87,935.446,1.59,3.15,12.1627,2014,Transit,5600,0.945,
Kepler-336 b,Kepler-336,290.238,41.3314,768.86,1.02,1.04,2.02482,2014,Transit,5867,1.304,
HD 11755 b,HD 11755,29.7078,73.1521,235.045,12.8,1789.38,433.7,2015,Radial Velocity,4312,20.58,G5
Kepler-385 c,Kepler-385,294.339,50.3365,1432.61,3.04,13.2,15.1632,2014,Transit,6326,1.126,
Kepler-267 d,Kepler-267,299.831,47.1576,264.993,2.27,5.77,28.4645,2014,Transit,4258,0.555,M1 V
Kepler-384 c,Kepler-384,286.026,44.7829,895.678,1.13,1.51,45.3483,2014,Transit,5577,0.882,
Kepler-299 e,Kepler-299,283.207,48.5805,1052.24,1.87,4.16,38.2855,2014,Transit,5617,1.032,
8 UMi b,8 UMi,224.202,74.9009,162.552,13.5,524.417,93.31,2015,Radial Velocity,4847,10.73,K0
Kepler-1104 b,Kepler-1104,294.469,49.331,530.658,1.23,2.04,5.03728,2016,Transit,6417,1.41,
Kepler-1987 e,Kepler-1987,295.825,42.9434,595.683,1.92,4.35,8.74292,2023,Transit,4769,0.714,
Kepler-1830 b,Kepler-1830,295.139,40.9791,1056.88,3.33,11.1,56.4933,2021,Transit,6160,2.046,
Kepler-182 b,Kepler-182,289.83,50.5862,1549.09,2.58,7.18,9.82579,2014,Transit,6250,1.146,
Kepler-1688 b,Kepler-1688,289.553,41.2978,567.447,1.262,2.13,5.62012,2020,Transit,4632,0.746,
Kepler-385 b,Kepler-385,294.339,50.3365,1432.61,2.73,12.8,10.0437,2014,Transit,6326,1.126,
Kepler-55 f,Kepler-55,285.168,44.0265,578.796,1.59,3.15,10.1985,2014,Transit,4503,0.619,
Kepler-339 d,Kepler-339,293.352,48.4446,616.637,1.17,14.7,10.5583,2014,Transit,5631,0.802,
Kepler-1669 d,Kepler-1669,297.43,39.8479,543.444,1.22,1.98,4.72941,2023,Transit,4224,0.603,
Kepler-69 c,Kepler-69,293.261,44.8689,730.625,1.71,3.57,242.461,2013,Transit,5638,0.93,G4 V
HAT-P-57 b,HAT-P-57,274.743,10.5972,279.86,19.504,448.14,2.4653,2015,Transit,6330,1.85,A8 V
Kepler-1067 c,Kepler-1067,285.387,45.049,667.693,1.747,3.7,5.42584,2021,Transit,5594,0.934,
Kepler-299 d,Kepler-299,283.207,48.5805,1052.24,1.86,4.12,15.0548,2014,Transit,5617,1.032,
Kepler-208 c,Kepler-208,293.89,42.5279,775.328,1.39,2.51,7.46662,2014,Transit,6092,1.314,
Kepler-530 b,Kepler-530,283.34,48.5491,457.709,3.01,9.32,39.3094,2016,Transit,5697,0.89,
Kepler-354 d,Kepler-354,285.752,41.3357,554.064,1.24,2.07,24.2098,2014,Transit,4648,0.674,
Kepler-339 c,Kepler-339,293.352,48.4446,616.637,1.15,7.3,6.98806,2014,Transit,5631,0.802,
Kepler-1114 b,Kepler-1114,299.237,45.8348,418.417,1.35,2.39,14.9744,2016,Transit,5374,0.83,
Kepler-114 d,Kepler-114,294.121,48.3498,259.533,2.53,3.9,11.776,2013,Transit,4660,0.54,M0 V
Kepler-303 c,Kepler-303,283.135,43.6567,209.738,1.14,1.55,7.06115,2014,Transit,3944,0.485,M0 V
Kepler-1212 b,Kepler-1212,296.853,50.0373,1316.57,2.14,5.22,12.9413,2016,Transit,6051,1.15,
Kepler-394 c,Kepler-394,296.302,50.6723,1058.72,1.66,3.39,12.1307,2014,Transit,6402,1.132,
Kepler-393 c,Kepler-393,290.995,45.1922,881.404,1.33,2.33,14.6136,2014,Transit,6189,1.382,
Kepler-318 c,Kepler-318,298.483,46.7936,489.141,3.68,13.1,11.815,2014,Transit,5746,1.189,
Kepler-1241 b,Kepler-1241,294.576,38.457,968.722,2.63,7.41,18.5526,2016,Transit,5261,0.8,
Kepler-185 b,Kepler-185,282.468,43.8899,466.735,1.17,1.71,1.6329,2014,Transit,5208,0.806,
Kepler-1283 b,Kepler-1283,295.462,40.7769,2921.99,1.91,4.31,12.9461,2016,Transit,6175,1.25,
Kepler-1714 b,Kepler-1714,293.716,46.2267,409.46,3.264,10.7,10.2753,2021,Transit,6150,2.086,
Kepler-1331 b,Kepler-1331,297.074,41.2245,319.197,1.05,1.16,0.78916,2016,Transit,4508,0.69,
Kepler-319 b,Kepler-319,288.812,39.7706,503.436,1.63,3.29,4.36271,2014,Transit,5526,0.903,
Kepler-396 b,Kepler-396,296.133,48.9773,223.757,3.5,75.5,42.994,2013,Transit,5656,1.06,
Kepler-1085 c,Kepler-1085,287.478,46.1412,1364.53,3.268,10.7,56.7771,2020,Transit,5816,1.078,
Kepler-1084 b,Kepler-1084,290.102,48.2512,405.533,1.11,1.41,2.05334,2016,Transit,6113,1.28,
Kepler-1108 b,Kepler-1108,296.042,45.9851,767.701,1.46,2.73,4.51006,2016,Transit,5406,0.84,
Kepler-1214 b,Kepler-1214,285.143,49.8007,729.227,2.36,6.17,18.8263,2016,Transit,5130,0.8,
Kepler-155 c,Kepler-155,288.496,51.0819,293.499,2.24,5.65,52.6618,2014,Transit,4508,0.62,M0 V
Kepler-396 c,Kepler-396,296.133,48.9773,223.757,5.3,17.9,88.505,2013,Transit,5656,1.06,
Kepler-1369 b,Kepler-1369,285.797,40.9362,1236.56,2.69,7.7,25.8731,2016,Transit,5761,0.99,
Kepler-1370 b,Kepler-1370,284.566,41.7785,1004.1,1.84,4.04,20.2642,2016,Transit,6202,1.29,
Kepler-252 b,Kepler-252,295.579,44.5459,379.424,1.23,2.04,6.66839,2014,Transit,4208,0.549,M0 V
Kepler-360 c,Kepler-360,286.285,44.7816,876.044,2.1,5.06,7.18643,2014,Transit,6053,1.058,
Kepler-245 e,Kepler-245,291.639,42.4363,861.527,1.75,1806.36,3.21982,2016,Transit,5174,0.8,
Kepler-298 d,Kepler-298,283.04,48.8253,518.204,2.5,6.8,77.4736,2014,Transit,4465,0.582,
Kepler-324 b,Kepler-324,286.471,49.6491,501.574,1.14,2414.4,4.38532,2014,Transit,5194,0.84,
Kepler-1796 b,Kepler-1796,301.543,44.6056,825.883,2.75,8,29.4558,2021,Transit,6036,0.949,
Kepler-520 c,Kepler-520,293.18,41.6177,623.901,1.07,1.24,5.21104,2016,Transit,6112,1.09,
Kepler-1244 b,Kepler-1244,282.301,46.5162,1075.81,1.35,2.39,3.70428,2016,Transit,6680,1.77,
Kepler-169 c,Kepler-169,286,40.9194,406.529,1.21,1.92,6.19547,2014,Transit,4997,0.763,
Kepler-97 b,Kepler-97,287.327,48.6733,400.907,1.48,3.51,2.58664,2014,Transit,5779,0.98,
Kepler-1336 b,Kepler-1336,296.278,46.8998,1126.64,1.98,4.58,23.1987,2016,Transit,5512,1.3,
Kepler-301 d,Kepler-301,283.983,49.233,719.166,1.75,3.71,13.7512,2014,Transit,5815,0.9,
Kepler-104 d,Kepler-104,287.605,42.1665,400.785,3.58,5.54,51.7554,2014,Transit,5711,1.349,
Kepler-1192 b,Kepler-1192,282.141,43.8965,1304.19,2.36,6.17,25.2035,2016,Transit,5438,0.83,
Kepler-516 b,Kepler-516,295.609,38.7357,687.094,5.74,27.9,24.8546,2016,Transit,7099,2.02,
Kepler-1851 b,Kepler-1851,285.674,45.6398,1589.81,3.9,14.5,12.0229,2021,Transit,5982,0.879,
Kepler-212 b,Kepler-212,287.621,43.1416,687.194,1.09,1.32,16.2576,2014,Transit,5852,1.455,
Kepler-1372 b,Kepler-1372,288.887,44.8395,1303.22,1.27,2.15,1.31156,2016,Transit,5677,0.97,
Kepler-364 b,Kepler-364,281.57,47.3986,891.462,1.55,3.02,25.7457,2014,Transit,6108,1.284,
KELT-23 A b,KELT-23 A,232.147,66.3587,126.261,14.83,298.125,2.25525,2019,Transit,5899,0.996,G2 V
HD 191939 d,HD 191939,302.026,66.8503,53.609,2.995,2.8,38.353,2020,Transit,5348,0.94,G9 V
HATS-77 b,HATS-77,149.824,-27.3928,436.176,13.058,436.696,3.08763,2021,Transit,4071,0.643,
TOI-4479 b,TOI-4479,316.097,24.6537,80.653,2.82,8.35,1.1589,2022,Transit,3400,0.451,M3.0
TOI-1752 c,TOI-1752,253.461,60.7096,103.021,2.29,5.86,32.7144,2026,Transit,3762,0.53,M1.0&plusmn0.5 V
Kepler-1705 c,Kepler-1705,301.579,44.3122,1633.49,2.05,5.42,11.28,2021,Transit,6312,1.259,
TOI-1753 b,TOI-1753,252.47,61.1736,226.671,2.479,16.6,5.38461,2024,Transit,5621,0.972,
TOI-2274 b,TOI-2274,277.459,40.5414,48.876,2.45,6.57,2.67963,2024,Transit,3943,0.631,M
Kepler-43 b,Kepler-43,285.241,46.6682,1005.84,13.664,1026.59,3.02409,2011,Transit,6041,1.42,F8 V
Kepler-858 b,Kepler-858,288.849,51.209,298.532,4.87,21.1,76.136,2016,Transit,5653,0.91,
TOI-3023 b,TOI-3023,165.316,-72.3567,389.916,16.432,197.054,3.9015,2023,Transit,5760,1.668,
Kepler-1752 b,Kepler-1752,290.854,51.2227,962.888,4.541,18.7,56.3585,2021,Transit,5446,0.821,
Kepler-1408 b,Kepler-1408,282.7,45.4258,535.048,0.89,0.64,2.99793,2016,Transit,6170,1.35,
HIP 54373 b,HIP 54373,166.864,-19.2917,18.717,2.87,8.62,7.76,2019,Radial Velocity,4021,0.565,K5 V
Teegarden's Star b,Teegarden's Star,43.2691,16.8649,3.831,1.05,1.16,4.90634,2019,Radial Velocity,3034,0.12,M7.0 V
BD+60 1417 b,BD+60 1417,190.888,60.0144,44.954,14.684,4767.43,,2021,Imaging,4993,0.797,K0
TOI-1227 b,TOI-1227,186.767,-72.4518,100.641,9.572,66.5,27.364,2022,Transit,3072,0.56,M4.5V-M5V
CoRoT-7 d,CoRoT-7,100.956,-1.06301,159.906,4.31,17.142,8.966,2022,Radial Velocity,5250,0.839,G9 V
TOI-1758 b,TOI-1758,354.742,75.6852,96.621,3.62,6.9,20.7051,2024,Transit,5169,0.81,
TOI-2040 b,TOI-2040,352.275,71.5065,144.717,10.323,248.224,3.86086,2026,Transit,5132,0.87,
TOI-2567 b,TOI-2567,288.466,66.3479,504.775,10.929,63.884,5.98394,2022,Transit,5611,1.686,
Kepler-1410 b,Kepler-1410,290.51,38.7435,367,1.78,3.82,60.8662,2016,Transit,4092,0.6,
HD 24085 b,HD 24085,56.2563,-70.0245,54.9,3.46,11.8,2.0455,2019,Radial Velocity,6034,1.413,G0 V
WASP-87 b,WASP-87,185.325,-52.8408,298.392,15.524,692.869,1.6828,2016,Transit,6450,1.627,
TOI-163 b,TOI-163,79.7682,-71.8955,411.719,16.69,387.753,4.23131,2019,Transit,6495,1.648,F
K2-315 b,K2-315,228.021,-20.1082,56.969,0.95,0.809,3.14432,2020,Transit,3300,0.196,M(3.5+/-0.5) V
HD 216520 b,HD 216520,341.877,83.6975,19.552,3.18,10.26,35.45,2020,Radial Velocity,5103,0.76,K2
TOI-1775 b,TOI-1775,150.115,39.4577,149.234,8.047,96,10.2406,2024,Transit,5284,0.829,
DS Tuc A b,DS Tuc A,354.915,-69.196,44.062,5.7,413.179,8.13827,2019,Transit,5428,0.964,G6 V
Kepler-296 c,Kepler-296,286.54,49.4373,167,2,4.66,5.84164,2014,Transit,3740,0.48,M2 V
WASP-187 b,WASP-187,17.4747,25.6817,371.414,18.383,254.264,5.14788,2020,Transit,6150,2.83,F
HD 161178 b,HD 161178,264.287,72.4559,107.188,14.1,181.162,279.3,2021,Radial Velocity,4786,10.95,G9 III
GJ 514 b,GJ 514,202.504,10.3725,7.618,2.13,5.2,140.43,2022,Radial Velocity,3728,0.5,M0.5-1.0 V
HD 77946 b,HD 77946,136.778,46.6724,99.451,2.896,10.9,6.52736,2024,Transit,6007,1.317,F5
TOI-2345 c,TOI-2345,43.8848,-34.978,81.654,2.451,7.27,21.0643,2025,Transit,4687,0.729,K
Kepler-876 b,Kepler-876,283.478,43.3837,820.913,1.43,2.63,5.14438,2016,Transit,5060,0.77,
Kepler-1894 c,Kepler-1894,295.586,49.6668,935.191,1.21,1.92,5.05369,2023,Transit,5772,0.901,
HD 233832 b,HD 233832,171.52,50.3763,58.742,13.5,565.737,2058,2018,Radial Velocity,4981,0.68,G0
GJ 687 c,GJ 687,264.104,68.3337,4.549,4.14,16,727.562,2020,Radial Velocity,3413,0.418,M3.0V
HIP 5763 b,HIP 5763,18.4953,16.4943,31.904,14.2,162.092,30.014,2021,Radial Velocity,4352,0.75,K6 V
TOI-712 b,TOI-712,92.9361,-65.8258,58.621,2.049,4.85,9.53136,2022,Transit,4622,0.674,K4.5 V
TOI-1782.01,TOI-1782,213.079,74.4118,95.265,2.368,6.2,4.98764,2024,Transit,4336,0.669,
TOI-2092 b,TOI-2092,212.547,45.5639,176.759,2.949,9,4.30326,2026,Transit,5842,1.052,
Kepler-303 b,Kepler-303,283.135,43.6567,209.738,0.89,0.64,1.93705,2014,Transit,3944,0.485,M0 V
Kepler-271 c,Kepler-271,283.003,44.2841,404.542,0.95,0.809,7.41086,2014,Transit,5555,0.87,
Qatar-6 b,Qatar-6,222.21,22.1526,100.848,11.904,212.31,3.50619,2017,Transit,5052,0.722,K2 V
GJ 9066 c,GJ 9066,30.0588,13.0443,4.471,9.6,66.744,771.36,2020,Radial Velocity,3154,0.164,M5.0 V
K2-400 b,K2-400,154.511,3.69693,62.38,1.163,1.67,3.86505,2022,Transit,3578,0.382,M3
TOI-2094 b,TOI-2094,254.143,70.0273,50.025,1.9,4.27,18.7932,2026,Transit,3435,0.384,M3 V
TOI-2714 b,TOI-2714,61.4012,-14.9268,597.873,13.72,228,2.49939,2024,Transit,5665,1.25,
HD 164922 d,HD 164922,270.63,26.3104,22.002,1.83,4,12.458,2020,Radial Velocity,5390,0.946,G9 V
2MASS J01033563-5515561 AB b,2MASS J01033563-5515561 A,15.8993,-55.2658,47.2,12.3,4131.79,,2013,Imaging,,,M5.5/M6
TOI-2382 b,TOI-2382,356.375,-16.1141,434.92,12.251,235.193,4.66121,2025,Transit,6033,1.417,
Kepler-402 b,Kepler-402,288.37,43.3546,625.339,1.22,1.98,4.02875,2014,Transit,6090,1.264,
EPIC 201841433 b,EPIC 201841433,175.207,6.13481,436.488,1.04,1.12,4.1698,2019,Transit,5053,0.628,
USco1621 b,USco1621 A,245.373,-25.4954,137.901,12.2,5085.28,,2019,Imaging,3460,0.71,M2.5 V
K2-318 b,K2-318,232.446,-17.5575,147.866,1.66,3.39,7.01,2020,Transit,3851,0.552,
K2-405 b,K2-405,164.376,12.5356,197.234,4.569,18.9,3.43547,2022,Transit,4927,0.765,K0
TOI-784 b,HD 307842,159.341,-63.6557,64.6,1.93,9.67,2.79704,2023,Transit,5558,0.907,G
TOI-1814 b,TOI-1814,236.817,77.2326,362.522,5.185,23.5,6.36861,2026,Transit,4873,2.389,
Kepler-1419 b,Kepler-1419,292.255,37.9714,1498.58,2.86,8.55,42.5216,2016,Transit,5796,1.01,
EPIC 206215704 b,EPIC 206215704,335.095,-9.50971,109.888,1,0.972,2.25544,2019,Transit,3297,0.25,
Kepler-848 b,Kepler-848,293.288,48.8116,1378.47,1.7,3.53,6.91134,2016,Transit,5695,1.2,
Kepler-819 b,Kepler-819,295.371,39.1773,664.306,2.76,8.05,33.1996,2016,Transit,5279,0.81,
TOI-799 b,TOI-799,98.4691,-52.4603,158.526,2.066,4.92,5.54519,2026,Transit,5663,0.916,
K2-146 c,K2-146,130.027,19.0923,79.3,2.19,7.49,4.00498,2019,Transit,3385,0.33,M3.0 V
K2-324 b,K2-324,157.622,6.86367,136.667,2.43,6.48,3.262,2020,Transit,3752,0.505,
Kepler-822 b,Kepler-822,292.276,39.5501,860.391,1.77,3.78,3.22297,2016,Transit,5928,1.08,
TOI-1181 b,TOI-1181,297.216,64.3543,302.819,17.026,374.72,2.10319,2022,Transit,6054,1.961,F9 IV
TOI-808 b,TOI-808,133.749,-44.2886,98.185,2.203,5.49,9.73945,2026,Transit,5078,0.833,
TOI-815 b,TOI-815,155.872,-43.8349,59.712,2.94,7.6,11.1973,2024,Transit,4869,0.77,K3 V
TOI-2141 b,TOI-2141,258.762,18.3403,77.682,3.147,20.1,18.2616,2023,Transit,5635,0.95,
TOI-2447 b,TOI-2447,70.9976,-31.9066,148.987,9.606,124.907,69.3368,2024,Transit,5730,1.006,
TOI-2818 b,TOI-2818,119.06,-35.1167,312.674,15.278,225.658,4.03971,2023,Transit,5721,1.229,
Kepler-1371 c,Kepler-1371,288.831,47.552,515.334,0.64,0.196,2.00541,2016,Transit,5361,0.83,
EPIC 212587672 b,EPIC 212587672,205.445,-10.8626,320.07,1.26,2.13,15.2808,2019,Transit,6004,0.98,
Kepler-843 b,Kepler-843,296.322,48.9714,1165.66,2.59,7.22,2.05388,2016,Transit,5830,1.03,
K2-408 b,K2-408,227.917,-17.6843,162.306,1.677,3.45,20.979,2022,Transit,5335,0.784,G7
TOI-1516 b,TOI-1516,340.085,69.5037,247.054,15.244,1004.34,2.05601,2022,Transit,6520,1.14,F8 V
TOI-2458 b,TOI-2458,79.6215,1.25344,112.958,2.83,13.31,3.73659,2024,Transit,6005,1.31,F9-F9.5
Kepler-1423 b,Kepler-1423,288.244,41.1101,449,1.06,1.2,23.9554,2016,Transit,4939,0.75,
HATS-57 b,HATS-57,60.9483,-19.0568,279.485,12.767,1000.21,2.35062,2019,Transit,5587,0.96,
HATS-56 b,HATS-56,180.165,-45.7995,564.409,18.921,191.334,4.3248,2019,Transit,6536,2.201,
TOI-763 b,TOI-763,194.468,-39.7581,95.127,2.28,9.79,5.6057,2020,Transit,5450,0.897,G
K2-409 b,K2-409,228.455,-16.3513,431.031,2.482,6.72,1.90808,2022,Transit,5742,1.228,G4
TOI-1722 b,TOI-1722,114.345,61.1539,136.419,4.383,17.6,9.60523,2026,Transit,6000,1.094,
TOI-1873 b,TOI-1873,212.568,84.3719,182.014,2.864,8.57,7.00573,2026,Transit,5598,0.972,
TOI-2158 b,TOI-2158,276.81,20.5269,198.473,10.761,260.619,8.60077,2022,Transit,5673,1.41,
Kepler-1888 b,Kepler-1888,289.395,41.7823,402.947,1.326,2.32,11.3917,2021,Transit,5557,1.249,
Kepler-1901 b,Kepler-1901,291.164,45.3183,1028.37,1.474,2.77,3.48413,2021,Transit,5696,0.921,
GJ 433 c,GJ 433,173.862,-32.5436,9.065,6.27,32.422,5094.1,2014,Radial Velocity,3461,0.5,M2V
K2-374 c,K2-374,137.38,16.3558,359.439,2.213,5.53,16.4344,2022,Transit,5789,0.907,G3
TOI-1860 b,TOI-1860,226.457,64.0477,45.864,1.31,2.27,1.06621,2022,Transit,5752,0.94,G V
TOI-1723 b,TOI-1723,116.797,68.4767,100.727,3.435,10.4,13.727,2024,Transit,5777,1.09,
TOI-1937 A b,TOI-1937 A,116.371,-52.3833,415.135,13.978,638.835,0.94668,2023,Transit,5814,1.08,
Kepler-292 f,Kepler-292,295.766,42.4243,1056.48,2.35,6.12,20.8342,2014,Transit,5299,0.826,
Kepler-1395 b,Kepler-1395,292.337,47.6642,492.894,0.8,0.437,3.78471,2016,Transit,6138,1.23,
Kepler-1905 b,Kepler-1905,292.573,46.3668,1051.53,1.446,2.69,3.42393,2021,Transit,5788,1.015,
Kepler-65 e,Kepler-65,288.689,41.1511,303.728,13.9,260,258.8,2019,Radial Velocity,6220,1.437,
GJ 682 b,GJ 682,264.261,-44.3233,5.007,1.93,4.4,17.478,2014,Radial Velocity,3028,0.298,M3.5 V
TOI-132 b,TOI-132,338.4,-43.4369,163.678,3.42,22.4,2.1097,2020,Transit,5397,0.9,G8 V
TOI-2000 c,TOI-2000,146.397,-66.6866,175.713,8.14,81.7,9.12706,2023,Transit,5611,1.134,
TOI-2000 b,TOI-2000,146.397,-66.6866,175.713,2.7,11,3.09833,2023,Transit,5611,1.134,
TOI-2194 b,TOI-2194,299.156,-31.3352,19.571,1.989,4.61,15.3376,2023,Transit,4756,0.691,
TOI-2498 b,TOI-2498,95.4162,11.2516,275.265,6.06,34.62,3.73825,2023,Transit,5905,1.26,
Kepler-102 e,Kepler-102,281.482,47.2078,107.796,2.17,4.7,16.1457,2013,Transit,4909,0.724,
HD 2685 b,HD 2685,7.32892,-76.304,196.852,16.141,371.861,4.12688,2019,Transit,6801,1.56,
Kepler-95 b,Kepler-95,284.482,44.3979,445.656,3.42,13,11.5231,2014,Transit,5699,1.41,
Wendelstein-2 b,Wendelstein-2,297.791,16.9126,565.541,12.993,232.334,1.75222,2020,Transit,4591,0.66,K6 V
K2-384 b,K2-384,20.4998,0.75097,82.66,1.076,1.26,2.23153,2022,Transit,3623,0.348,M4 V
HD 174205 b,HD 174205,280.793,70.7928,234.027,13,1334.88,582,2022,Radial Velocity,4308,26.6,K2
Kepler-430 c,Kepler-430,292.809,49.5794,917.477,1.75,3.71,110.979,2015,Transit,5884,1.485,
Kepler-1656 b,Kepler-1656,284.472,39.9119,185.875,4.574,47.8,31.562,2018,Transit,5569,1.1,
Kepler-647 c,Kepler-647,284.788,44.5916,1087.87,4.001,15.1,29.6663,2020,Transit,5907,1.546,
Kepler-210 b,Kepler-210,292.503,43.0832,232.75,2.94,8.96,2.45323,2014,Transit,4559,0.65,M0 V
OGLE-2006-BLG-109L c,OGLE-2006-BLG-109L,268.144,-30.0878,1510,11.1,86,4927.5,2008,Microlensing,,,
KMT-2016-BLG-1397L b,KMT-2016-BLG-1397L,272.665,-24.8577,6600,12.7,2200,,2018,Microlensing,,,
KMT-2019-BLG-0253L b,KMT-2019-BLG-0253L,267.883,-29.5655,4900,2.99,9.2,,2022,Microlensing,,,
KMT-2023-BLG-0548L b,KMT-2023-BLG-0548L,270.348,-27.1068,6830,13.1,1086.97,,2025,Microlensing,,,
Kepler-1963 b,Kepler-1963,296.588,47.2071,492.847,0.744,0.337,1.96226,2021,Transit,5726,0.979,
Kepler-1517 b,Kepler-1517,287.807,43.1888,847.299,9.76,68.7,5.54608,2016,Transit,7010,1.95,
Kepler-1711 b,Kepler-1711,298.177,42.237,590.268,1.923,4.36,21.0608,2021,Transit,5706,1.034,
MOA-2010-BLG-328L b,MOA-2010-BLG-328L,269.496,-30.7152,810,2.99,9.2,,2013,Microlensing,,,
MOA-2011-BLG-291L b,MOA-2011-BLG-291L,268.868,-29.1707,4400,4.43,18,,2018,Microlensing,,,
KMT-2018-BLG-1743L b,KMT-2018-BLG-1743L,274.283,-26.3596,6483,10.5,77.868,,2021,Microlensing,,,
OGLE-2018-BLG-0516L b,OGLE-2018-BLG-0516L,269.64,-31.2624,7000,4.73,20.1,,2022,Microlensing,,,
KMT-2023-BLG-0949L b,KMT-2023-BLG-0949L,263.419,-28.0915,6060,12.8,1900.61,,2025,Microlensing,,,
KMT-2024-BLG-2059L b,KMT-2024-BLG-2059L,270.93,-28.5682,6070,2.54,6.992,,2025,Microlensing,,,
Kepler-146 b,Kepler-146,294.111,38.7102,716.797,3.71,13.3,31.1588,2014,Transit,5948,1.208,
Kepler-1468 d,Kepler-1468,293.52,41.2774,1899.24,3.332,11.1,19.5906,2021,Transit,5794,1.496,
Kepler-348 c,Kepler-348,297.255,40.5484,570.783,1.33,2.33,17.2654,2014,Transit,6177,1.359,
Kepler-1641 c,Kepler-1641,296.359,41.5745,860.37,2.95,9.01,32.6572,2016,Transit,6152,1.19,
Kepler-1641 b,Kepler-1641,296.359,41.5745,860.37,3.11,9.85,19.6723,2016,Transit,6152,1.19,
Kepler-39 b,Kepler-39,296.96,46.0343,1057.41,13.9,6388.1,21.0872,2011,Transit,6350,1.4,F7 V
Kepler-174 c,Kepler-174,287.439,43.832,384.757,1.49,2.83,44.0005,2014,Transit,4880,0.622,
KMT-2023-BLG-1642L b,KMT-2023-BLG-1642L,261.366,-29.0585,6980,13.8,343.255,,2024,Microlensing,,,
Kepler-1468 b,Kepler-1468,293.52,41.2774,1899.24,1.73,3.64,8.23985,2016,Transit,5893,1.05,
Kepler-203 b,Kepler-203,297.09,41.3881,703.302,2.57,7.13,3.1627,2014,Transit,5821,1.114,
Kepler-152 b,Kepler-152,286.865,41.989,441.09,2.79,8.2,18.208,2014,Transit,5088,0.724,
OGLE-2015-BLG-0966L b,OGLE-2015-BLG-0966L,268.754,-29.0471,3300,4.86,21,,2016,Microlensing,,,
MOA-2011-BLG-028L b,MOA-2011-BLG-028L,270.854,-29.2134,7380,5.99,30,,2016,Microlensing,,,
OGLE-2018-BLG-0383L b,OGLE-2018-BLG-0383L,268.681,-28.7393,7700,2.41,6.4,,2022,Microlensing,,,
KMT-2021-BLG-1391L b,KMT-2021-BLG-1391L,270.684,-28.0605,5720,1.97,4.55,,2022,Microlensing,,,
Kepler-195 c,Kepler-195,288.121,47.9666,652.051,1.55,3.02,34.0969,2014,Transit,5329,0.775,
Kepler-880 c,Kepler-880,281.971,43.6728,601.324,2.87,8.6,11.8062,2023,Transit,6900,2.599,
Kepler-608 b,Kepler-608,293.883,44.6381,946.683,3.64,12.9,6.41252,2016,Transit,5820,1.01,
Kepler-1704 b,Kepler-1704,291.201,51.1442,835.455,11.949,1322.17,988.881,2021,Transit,5746,1.697,
Kepler-561 c,Kepler-561,293.747,45.1072,621.378,2.68,7.65,5.35016,2016,Transit,5646,0.94,
OGLE-2015-BLG-0051L b,OGLE-2015-BLG-0051L,269.663,-28.0317,8200,14,230,,2016,Microlensing,,,
OGLE-2018-BLG-0740L b,OGLE-2018-BLG-0740L,272.177,-29.8358,3200,12.9,1500,5480,2019,Microlensing,5912,,G V
OGLE-2017-BLG-1099L b,OGLE-2017-BLG-1099L,263.964,-29.5859,7250,13.1,959.842,,2021,Microlensing,,,
KMT-2021-BLG-0748L b,KMT-2021-BLG-0748L,272.421,-25.7466,6090,14.3,143.023,,2022,Microlensing,,,
TOI-2267 d,TOI-2267 B,65.0615,84.9008,22.55,1.77,3.78,2.03447,2025,Transit,3022,0.13,M6 V
Kepler-1719 b,Kepler-1719,284.707,38.9368,905.406,3.95,14.8,6.14956,2021,Transit,5687,1.775,
Kepler-1254 c,Kepler-1254,285.173,48.77,622.818,1.3,2.24,3.60084,2016,Transit,4985,0.75,
Kepler-639 b,Kepler-639,292.187,41.7269,850.242,2.38,6.26,10.2142,2016,Transit,5896,1.29,
KMT-2016-BLG-0212L b,KMT-2016-BLG-0212L,268.439,-29.0869,6300,12.2,5700,,2018,Microlensing,,,
KMT-2019-BLG-1552L b,KMT-2019-BLG-1552L,269.596,-27.5669,4600,13,1287.2,,2022,Microlensing,,,
KMT-2024-BLG-0349L b,KMT-2024-BLG-0349L,261.372,-30.247,5750,12.4,3769.45,,2026,Microlensing,,,
Kepler-208 d,Kepler-208,293.89,42.5279,775.328,1.2,1.87,11.1318,2014,Transit,6092,1.314,
Kepler-171 b,Kepler-171,296.772,41.7556,863.855,2.34,6.08,4.16697,2014,Transit,5642,0.839,
Kepler-1525 b,Kepler-1525,290.559,49.9429,382.989,0.91,0.693,2.4166,2016,Transit,5748,1.04,
Kepler-1645 b,Kepler-1645,297.48,48.4186,1202.47,1.78,3.82,16.178,2016,Transit,5812,1.02,
KMT-2018-BLG-1990L b,KMT-2018-BLG-1990L,268.435,-22.1525,967,12.9,111,,2019,Microlensing,,,M
KMT-2018-BLG-0247L b,KMT-2018-BLG-0247L,264.56,-27.1504,6760,13.4,670.618,,2022,Microlensing,,,
Kepler-30 d,Kepler-30,285.284,38.9473,914.221,8.8,23.1,143.344,2012,Transit,5498,0.95,
PSR B1257+12 d,PSR B1257+12,195.015,12.6823,600,1.8,3.9,98.2114,1992,Pulsar Timing,,,
OGLE-2016-BLG-0263L b,OGLE-2016-BLG-0263L,269.895,-31.8186,6500,13,1300,,2017,Microlensing,,,
OGLE-2012-BLG-0026L c,OGLE-2012-BLG-0026L,263.578,-27.1427,4019,13.9,270,,2012,Microlensing,,,G5 V
KMT-2018-BLG-2602L b,KMT-2018-BLG-2602L,267.397,-21.9762,4310,13.7,365.503,,2022,Microlensing,,,
KMT-2016-BLG-1337L b,KMT-2016-BLG-1337L,269.13,-33.0342,6920,11.4,88.992,,2026,Microlensing,,,M
Kepler-220 d,Kepler-220,291.506,46.8956,171.109,0.98,0.904,28.1224,2014,Transit,4632,0.666,
Kepler-1949 b,Kepler-1949,293.542,43.0261,2617.35,2.22,5.56,2.20828,2021,Transit,6028,1.454,
Kepler-695 b,Kepler-695,299.316,40.8224,842.947,9.21,62.3,3.04033,2016,Transit,5181,0.8,
Kepler-529 d,Kepler-529,285.888,47.8804,799.008,2.795,8.22,35.8662,2021,Transit,6078,1.189,
OGLE-2005-BLG-390L b,OGLE-2005-BLG-390L,268.58,-30.3773,6600,2.21,5.5,3285,2005,Microlensing,,,
Kepler-220 b,Kepler-220,291.506,46.8956,171.109,0.81,0.457,4.15981,2014,Transit,4632,0.666,
Kepler-1993 b,Kepler-1993,293.797,45.1607,1031.91,4.15,16.1,26.6566,2023,Transit,5159,3.062,
Kepler-154 e,Kepler-154,289.781,49.8966,915.212,1.5,2.86,3.93276,2016,Transit,5769,0.98,
MOA-2009-BLG-387L b,MOA-2009-BLG-387L,268.462,-33.9903,5690,13.2,830,1980,2010,Microlensing,,,
OGLE-2018-BLG-1647L b,OGLE-2018-BLG-1647L,268.962,-31.817,7880,13.8,308.294,,2022,Microlensing,,,
Kepler-154 c,Kepler-154,289.781,49.8966,915.212,2.95,9.01,62.3033,2014,Transit,5690,1.001,
Kepler-390 c,Kepler-390,291.629,41.2088,435.277,0.79,0.418,13.06,2014,Transit,5166,0.776,
Kepler-967 c,Kepler-967,286.558,38.4052,568.546,3.65,12.9,198.711,2016,Transit,5178,0.8,
Kepler-248 c,Kepler-248,293.061,43.5814,738.792,4.07,15.6,16.2395,2014,Transit,5190,0.831,
Kepler-648 b,Kepler-648,283.9,45.0169,636.03,3.22,10.5,17.4212,2016,Transit,5741,0.98,
OGLE-2017-BLG-0406L b,OGLE-2017-BLG-0406L,269,-29.8631,5200,14.2,130,,2020,Microlensing,,,
OGLE-2018-BLG-1367L b,OGLE-2018-BLG-1367L,269.756,-29.1684,5370,13.8,301.937,,2022,Microlensing,,,
OGLE-2018-BLG-0932L b,OGLE-2018-BLG-0932L,268.351,-29.0218,6620,13.9,282.867,,2022,Microlensing,,,
OGLE-2017-BLG-0364L b,OGLE-2017-BLG-0364L,265.228,-34.6176,7860,10.3,75.8,,2024,Microlensing,,,
Kepler-1814 c,Kepler-1814,285.217,41.2824,726.346,1.76,3.75,0.62628,2023,Transit,4922,0.823,
Kepler-1588 b,Kepler-1588,288.233,48.0022,924.141,0.76,0.363,7.84932,2016,Transit,5817,0.99,
Kepler-436 b,Kepler-436,301.721,44.4121,588.867,2.73,7.9,64.002,2015,Transit,4651,0.697,
KOI-3503 c,KOI-3503,293.151,41.7291,887.064,1.21,10.36,31.828,2021,Transit,6001,1.255,
Kepler-1491 c,Kepler-1491,293.63,45.7406,2065.59,2.44,6.53,61.5698,2023,Transit,5626,1.389,
Kepler-158 c,Kepler-158,284.032,39.7815,315.177,1.9,4.27,28.5514,2014,Transit,4623,0.624,K
MOA-2011-BLG-293L b,MOA-2011-BLG-293L,268.914,-28.4768,7720,12.9,1500,3000,2012,Microlensing,,,
OGLE-2017-BLG-0173L b,OGLE-2017-BLG-0173L,267.971,-29.2714,4705,1.62,3.269,,2018,Microlensing,,,
OGLE-2018-BLG-1269L b,OGLE-2018-BLG-1269L,269.693,-27.6179,2510,14.1,210,,2020,Microlensing,,,
KMT-2021-BLG-0119L b,KMT-2021-BLG-0119L,274.001,-29.7439,3130,12.8,1754.41,,2022,Microlensing,,,
Kepler-968 c,Kepler-968,285.603,50.112,290.324,1.69,3.5,5.7094,2016,Transit,4598,0.7,
Kepler-28 b,Kepler-28,292.137,42.4295,438.359,1.959,1.63,5.91,2011,Transit,4499,0.664,M0 V
MOA-2008-BLG-379L b,MOA-2008-BLG-379L,269.706,-30.1969,3300,13,1300,,2013,Microlensing,,,K
MOA-2022-BLG-091L b,MOA-2022-BLG-091L,268.942,-32.3414,4250,13,1141,,2025,Microlensing,,,G8 V
KMT-2023-BLG-2209L b,KMT-2023-BLG-2209L,268.994,-29.3057,5570,13.9,254.263,,2025,Microlensing,,,
Kepler-1533 b,Kepler-1533,295.976,44.7134,966.801,3.46,11.8,308.547,2016,Transit,6431,1.51,
Kepler-558 b,Kepler-558,284.658,42.6527,661.876,2.37,6.21,29.0079,2016,Transit,5242,0.81,
Kepler-177 c,Kepler-177,286.047,45.0532,1435.44,8.73,14.7,49.4093,2013,Transit,5732,1.324,
OGLE-2014-BLG-1722L b,OGLE-2014-BLG-1722L,268.752,-31.4691,6400,8.59,55.3,,2018,Microlensing,,,
OGLE-2015-BLG-1609L b,OGLE-2015-BLG-1609L,270.824,-26.9071,3300,10.4,76.279,,2025,Microlensing,,,
Kepler-690 b,Kepler-690,294.49,39.7715,1665.31,5.95,29.6,7.74809,2016,Transit,5913,1.16,
Kepler-188 c,Kepler-188,281.28,44.3155,968.544,3.19,10.3,5.99655,2014,Transit,6021,1.141,
Kepler-586 b,Kepler-586,293.057,45.5511,693.766,2.79,8.2,2.10472,2016,Transit,5575,0.92,
Kepler-245 d,Kepler-245,291.639,42.4363,861.527,3.03,21.6,36.2771,2014,Transit,5100,0.795,
OGLE-2013-BLG-0341L B b,OGLE-2013-BLG-0341L B,268.031,-29.8461,911,1.16,1.66,,2014,Microlensing,,,
KMT-2018-BLG-1976L b,KMT-2018-BLG-1976L,266.355,-35.7003,5840,13.3,705.579,,2021,Microlensing,,,
KMT-2017-BLG-0428L b,KMT-2017-BLG-0428L,271.385,-28.4903,5400,2.23,5.59,,2023,Microlensing,,,
KMT-2019-BLG-1806L b,KMT-2019-BLG-1806L,270.538,-29.4149,6640,2,4.67,,2023,Microlensing,,,
OGLE-2014-BLG-0124L b,OGLE-2014-BLG-0124L,270.622,-28.3962,3500,14.1,206.588,,2015,Microlensing,,,
Kepler-1616 b,Kepler-1616,286.544,45.3049,1137.81,1.02,1.04,6.76284,2016,Transit,6266,1.34,
Kepler-362 b,Kepler-362,291.772,47.5299,1090.51,0.88,0.615,10.3272,2014,Transit,5788,0.722,
Kepler-612 b,Kepler-612,291.355,45.7479,1445.53,2.84,8.45,3.72216,2016,Transit,5693,0.96,
Kepler-81 c,Kepler-81,293.637,42.8248,348.291,2.37,4.3,12.04,2012,Transit,4385,0.59,M0 V
OGLE-2013-BLG-1761L b,OGLE-2013-BLG-1761L,268.409,-28.8953,6900,13.2,860,,2017,Microlensing,,,
KMT-2016-BLG-1105L b,KMT-2016-BLG-1105L,266.447,-26.2664,5080,1.33,2.32,,2023,Microlensing,,,
TOI-5573 b,TOI-5573,136.426,55.3071,186.562,9.75,112,8.79759,2025,Transit,3790,0.594,
Kepler-1144 b,Kepler-1144,290.043,47.2579,1140.57,1.99,4.62,17.1465,2016,Transit,5753,0.96,
Kepler-172 e,Kepler-172,283.368,41.8218,828.592,2.76,8.05,35.1187,2014,Transit,5526,1.085,
Kepler-694 b,Kepler-694,291.15,40.4205,1023.06,2.8,8.25,6.36584,2016,Transit,5700,0.95,
K2-108 b,K2-108,123.382,16.4195,477.295,5.33,59.4,4.734,2017,Transit,5599,1.76,
TOI-201 d,TOI-201,87.4018,-54.9104,113.825,1.39,5.8,5.84889,2026,Transit,6423,1.31,F
Kepler-373 b,Kepler-373,289.388,50.597,1090.45,1.36,2.42,5.53531,2014,Transit,5787,0.845,
Kepler-377 c,Kepler-377,295.422,38.7357,823.804,2.06,4.9,27.015,2014,Transit,5949,1.224,
Kepler-444 d,Kepler-444,289.753,41.6319,36.44,0.53,0.2,6.18939,2015,Transit,5046,0.752,K
Kepler-1649 b,Kepler-1649,292.503,41.83,92.191,1.017,1.03,8.6891,2017,Transit,3240,0.232,
Kepler-179 c,Kepler-179,298.664,47.7619,605.68,2,4.66,6.40013,2014,Transit,5302,0.759,
K2-179 b,K2-179,58.7968,23.7568,190.81,2.513,6.86,5.17219,2018,Transit,5015,0.768,
Kepler-219 d,Kepler-219,288.739,46.7626,787.07,2.81,19.1,47.9036,2014,Transit,5786,1.491,
Kepler-50 b,Kepler-50,288.101,50.0337,250.11,1.71,8.9,7.81254,2012,Transit,6225,1.58,
Kepler-1787 b,Kepler-1787,289.064,47.1174,778.602,2.319,5.99,39.3137,2021,Transit,6060,0.925,
Kepler-1542 b,Kepler-1542,285.728,42.6545,399.114,0.76,0.363,3.95117,2016,Transit,5564,0.99,
Kepler-1444 b,Kepler-1444,285.331,42.0405,319.675,2.18,5.39,33.4203,2016,Transit,5810,1.05,
Kepler-1997 b,Kepler-1997,297.481,46.5891,1502.34,2.28,5.82,26.7576,2023,Transit,6215,1.052,
Kepler-241 b,Kepler-241,292.913,41.061,512,2.33,6.04,12.7181,2014,Transit,4699,0.668,
Kepler-1624 b,Kepler-1624,292.58,37.3763,258.979,6.59,35.3,3.29031,2016,Transit,3768,0.552,M V
K2-168 b,K2-168,333.11,-16.3419,243.935,1.86,4.12,15.8523,2018,Transit,5503,0.83,
K2-119 b,K2-119,132.01,16.9018,365.581,2.53,6.94,7.72728,2017,Transit,4740,0.71,
Kepler-730 c,Kepler-730,285.555,45.5788,1935.04,1.569,3.09,2.85188,2018,Transit,5620,1.411,
TOI-5319 b,TOI-5319,35.2136,23.5204,61.171,2.83,8.4,4.07853,2024,Transit,3580,0.485,M
HD 80883 b,HD 80883,139.933,-59.4781,34.601,12.8,1748.06,6383.78,2022,Radial Velocity,5178,0.815,
Kepler-1585 b,Kepler-1585,296.159,44.563,944.465,1.79,3.86,3.58275,2016,Transit,5538,0.91,
Kepler-1961 b,Kepler-1961,286.33,39.6831,1042.45,1.619,3.25,5.60471,2021,Transit,5401,0.777,
Kepler-1446 b,Kepler-1446,289.424,46.7261,152.075,0.82,0.477,0.68997,2016,Transit,4865,0.75,
Kepler-342 c,Kepler-342,292.678,46.7267,781.611,1.96,4.5,26.2341,2014,Transit,6175,1.472,
K2-121 b,K2-121,126.937,17.5793,169.398,7.16,51,5.18574,2017,Transit,4526,0.675,
Kepler-279 e,Kepler-279,287.391,42.1948,1037.4,4.13,56,98.3531,2025,Transit,6689,1.43,
KOI-3680 b,KOI-3680,293.282,45.3097,921.986,11.097,613.412,141.242,2018,Transit,5830,0.96,
Kepler-1638 b,Kepler-1638,295.482,48.5245,1525.52,1.87,4.16,259.337,2016,Transit,5710,0.95,
K2-146 b,K2-146,130.027,19.0923,79.3,2.05,5.77,2.6446,2018,Transit,3385,0.33,M3.0 V
Kepler-677 b,Kepler-677,290.098,50.3216,1954.08,5.38,25,6.57532,2016,Transit,5723,0.99,
TOI-5344 b,TOI-5344,63.2662,20.9152,138.367,10.604,130.945,3.79262,2023,Transit,3747,0.588,
Kepler-1811 b,Kepler-1811,289.979,40.1428,1390.56,3.848,14.1,76.4223,2021,Transit,5561,1.19,
Kepler-481 b,Kepler-481,291.907,49.2621,813.724,2.5,6.8,10.0608,2016,Transit,5802,1.09,
Kepler-375 c,Kepler-375,288.618,48.0984,1238.81,2.65,7.51,19.9863,2014,Transit,5826,0.837,
Kepler-113 c,Kepler-113,287.998,50.9442,262.351,2.18,8.7,8.92507,2014,Transit,4725,0.69,
Kepler-9 b,Kepler-9,285.574,38.4008,628.257,8.29,43.4,19.2389,2010,Transit,5774,0.958,
Kepler-1590 b,Kepler-1590,291.408,48.0179,771.152,1.14,1.55,7.61761,2016,Transit,6053,1.16,
Kepler-1514 b,Kepler-1514,292.627,37.8602,397.292,12.42,1678.14,217.832,2016,Transit,6145,1.289,
Kepler-175 b,Kepler-175,289.553,43.8761,1312.34,2.56,7.08,11.9035,2014,Transit,6064,1.01,
K2-83 b,K2-83,59.9014,15.5588,125.529,1.244,2.08,2.74697,2016,Transit,3910,0.424,
Kepler-231 c,Kepler-231,293.973,50.5318,316.618,1.93,24.1,19.2716,2014,Transit,3767,0.49,M1 V
Kepler-1683 b,Kepler-1683,298.45,44.284,733.143,1.875,4.17,15.0337,2020,Transit,5429,0.9,
Kepler-1653 b,Kepler-1653,296.458,41.266,755,2.17,5.35,140.252,2017,Transit,4807,0.693,
Kepler-150 c,Kepler-150,288.234,40.5209,891.092,3.69,13.2,7.382,2014,Transit,5560,0.939,
Kepler-239 b,Kepler-239,294.202,40.6633,648.109,2.33,6.04,11.763,2014,Transit,4914,0.763,
Kepler-343 c,Kepler-343,291.961,42.433,927.193,2.02,4.74,23.2218,2014,Transit,5807,1.433,
TOI-5380 b,TOI-5380,112.761,73.1288,286.781,3.481,11.9,3.77229,2026,Transit,6401,1.562,
Kepler-1022 b,Kepler-1022,289.352,46.9736,420.042,2.36,6.17,10.9947,2016,Transit,4445,0.68,
Kepler-354 b,Kepler-354,285.752,41.3357,554.064,1.84,4.04,5.47666,2014,Transit,4648,0.674,
Kepler-1434 b,Kepler-1434,295.538,51.203,775.529,1.11,1.41,8.05334,2016,Transit,6291,2.04,
Kepler-1593 b,Kepler-1593,300.488,44.4607,638.249,3.17,10.2,174.51,2016,Transit,4995,0.77,
Kepler-1453 b,Kepler-1453,286.125,47.9476,1196.04,2.67,7.61,47.1612,2016,Transit,5665,0.94,
Kepler-1989 b,Kepler-1989,290.735,44.0913,1252.13,4.62,19.3,10.161,2023,Transit,6032,1.06,
K2-122 b,K2-122,126.476,20.3593,72.044,1.16,1.65,2.2193,2017,Transit,4009,0.59,M0
Kepler-1046 b,Kepler-1046,296.756,46.9983,721.534,1.71,3.57,14.3751,2016,Transit,5913,1.04,
Kepler-1907 c,Kepler-1907,280.709,47.3279,292.111,1.155,1.63,14.8639,2021,Transit,5159,0.8,
Kepler-1594 b,Kepler-1594,293.623,47.9619,976.868,1.06,1.2,2.71604,2016,Transit,5946,1.08,
Kepler-80 b,Kepler-80,296.113,39.9787,369.451,2.67,6.93,7.05246,2012,Transit,4540,0.678,K5
Kepler-438 b,Kepler-438,281.646,41.9511,195.943,1.12,1.46,35.2332,2015,Transit,3748,0.52,
Kepler-1455 b,Kepler-1455,294.083,50.5028,357.621,2.16,5.31,49.2768,2016,Transit,4075,0.6,
Kepler-1490 b,Kepler-1490,295.694,42.6095,862.92,3.04,9.48,92.4363,2016,Transit,5515,0.87,
Kepler-700 b,Kepler-700,287.154,41.5658,1491.76,5.99,30,80.8721,2016,Transit,5692,0.96,
K2-345 b,K2-345,132.708,21.789,162.408,2.11,5.1,10.3674,2021,Transit,3779,0.52,
Kepler-1133 b,Kepler-1133,293.322,42.8675,753.135,1.97,4.54,11.5556,2016,Transit,5569,0.9,
Kepler-1953 b,Kepler-1953,287.968,46.4706,605.631,1.286,2.2,6.24566,2021,Transit,4858,0.707,
Kepler-53 b,Kepler-53,290.462,40.5625,1366.07,2.89,111,18.6489,2012,Transit,5858,0.89,
Kepler-1518 b,Kepler-1518,300.332,44.9861,903.51,3.05,9.53,5.11178,2016,Transit,6846,1.88,
Kepler-251 b,Kepler-251,296.566,44.1058,924.625,1.33,2.33,4.79094,2014,Transit,5526,0.89,
Kepler-370 c,Kepler-370,292.171,40.9162,1167.94,1.91,4.31,19.0229,2014,Transit,5852,0.9,
Kepler-1161 b,Kepler-1161,299.077,45.4406,547.726,2.13,5.18,10.7125,2016,Transit,4253,0.57,
Kepler-1184 b,Kepler-1184,291.282,46.9659,1157.84,2.68,7.65,53.5991,2016,Transit,5983,1.07,
Kepler-1181 c,Kepler-1181,289.747,39.5234,938.417,1.83,4.01,8.93485,2023,Transit,6688,1.347,
Kepler-1599 b,Kepler-1599,286.221,41.1512,1328.2,1.62,3.26,122.364,2016,Transit,5767,0.99,
Kepler-442 b,Kepler-442,285.367,39.2801,365.965,1.34,2.36,112.305,2015,Transit,4402,0.598,
Kepler-1185 b,Kepler-1185,287.241,39.3327,459.273,1.33,2.33,104.352,2016,Transit,5622,0.87,
K2-181 b,K2-181,127.554,10.9101,360.911,2.69,7.7,6.8941,2018,Transit,5528,1.06,
Kepler-31 d,Kepler-31,294.023,45.8531,1664.64,3.9,2161.24,87.6451,2014,Transit,6340,1.22,
Kepler-1070 b,Kepler-1070,293.195,49.3165,939.001,1.73,3.64,6.22161,2016,Transit,6261,1.32,
Kepler-1162 b,Kepler-1162,283.292,45.434,940.211,2.21,5.52,32.5637,2016,Transit,5390,0.84,
Kepler-1560 b,Kepler-1560,292.785,43.216,502.497,0.89,0.64,3.03196,2016,Transit,5815,1.02,
Kepler-1702 b,Kepler-1702,284.972,44.5675,857.14,1.602,3.2,18.5012,2020,Transit,5093,0.726,
Kepler-1621 b,Kepler-1621,297.589,43.8412,1631.66,2.16,5.31,92.2637,2016,Transit,6158,1.24,
Kepler-240 c,Kepler-240,291.159,40.7502,746.927,2.2,102.3,7.95353,2014,Transit,4985,0.739,
Kepler-1972 c,Kepler-1972,288.395,39.8725,287.339,0.868,2.11,11.3295,2022,Transit,5818,1.384,
K2-278 b,K2-278,203.302,-14.5041,786.439,2.98,9.17,3.33497,2018,Transit,6747,1.61,
Kepler-42 d,Kepler-42,292.22,44.6174,40.059,0.57,0.358,1.86517,2011,Transit,3068,0.17,M
Kepler-1050 b,Kepler-1050,282.925,48.6264,490.488,1.6,3.19,15.3788,2016,Transit,6010,1.13,
Kepler-1001 b,Kepler-1001,286.274,48.6187,928.978,3.15,10.1,14.3051,2016,Transit,5491,0.88,
Kepler-478 b,Kepler-478,292.487,46.1962,420,2.71,7.8,13.2218,2016,Transit,5210,0.8,
Kepler-1164 b,Kepler-1164,287.53,38.8945,431.622,1.12,1.46,3.976,2016,Transit,5183,0.79,
Kepler-692 b,Kepler-692,294.777,40.1537,991.336,3.11,9.85,21.8129,2016,Transit,5440,0.86,
Kepler-1464 c,Kepler-1464,287.236,38.7541,1151.73,1,0.972,5.32786,2016,Transit,5828,1.01,
K2-268 c,K2-268,133.709,11.8483,327.783,2.69,7.7,9.32753,2018,Transit,5106,0.78,
Kepler-594 b,Kepler-594,288.922,49.762,769.2,2.18,5.39,13.6462,2016,Transit,5485,0.87,
Kepler-23 c,Kepler-23,294.219,49.4793,835.756,3.005,7.81,10.74,2011,Transit,5828,1.548,
Kepler-150 b,Kepler-150,288.234,40.5209,891.092,1.25,2.1,3.42805,2014,Transit,5560,0.939,
Kepler-199 b,Kepler-199,295.559,40.2362,521.054,3.11,9.85,23.6376,2014,Transit,5644,0.967,
Kepler-1499 b,Kepler-1499,283.986,41.6505,309.869,1.19,1.81,44.2008,2016,Transit,5097,0.78,
Kepler-1498 b,Kepler-1498,284.778,44.9168,740,1.33,2.33,48.0514,2016,Transit,5256,0.81,
Kepler-611 b,Kepler-611,286.005,45.4803,1395.56,1.65,3.36,2.43703,2016,Transit,5761,1.01,
TOI-5502 b,TOI-5502,135.204,27.9983,248.654,4.129,15.9,11.6259,2026,Transit,6089,1.324,
Kepler-1141 b,Kepler-1141,290.544,47.7259,393.642,0.82,0.477,2.34451,2016,Transit,5791,1.07,
Kepler-1073 b,Kepler-1073,294.153,38.2331,809.897,2.3,5.9,8.67889,2016,Transit,5792,1,
Kepler-1170 b,Kepler-1170,292.169,43.7796,1050.45,2.41,6.39,9.98969,2016,Transit,5069,0.76,
Kepler-157 d,Kepler-157,291.097,38.8756,773.713,1.46,2.73,7.02573,2016,Transit,5866,1.03,
Kepler-549 c,Kepler-549,283.023,47.2611,635.145,2.93,8.91,117.04,2016,Transit,5360,0.84,
Kepler-688 b,Kepler-688,294.655,39.3083,1357.75,9.76,68.7,3.89594,2016,Transit,5715,0.96,
Kepler-632 b,Kepler-632,297.253,40.2886,349,2.21,5.52,30.9966,2016,Transit,5322,0.84,
Kepler-1502 b,Kepler-1502,296.108,39.3199,1514.02,3.18,10.2,41.7084,2016,Transit,6666,1.72,
Kepler-253 b,Kepler-253,291.842,44.8581,838.595,1.63,3.29,3.78399,2014,Transit,5208,0.786,
Kepler-1119 b,Kepler-1119,297.019,44.3275,1757.23,1.92,4.35,8.32652,2016,Transit,6083,1.17,
Kepler-543 b,Kepler-543,287.219,38.8625,221.802,2.5,6.8,13.8996,2016,Transit,4671,0.67,
Kepler-693 b,Kepler-693,283.254,40.3582,1151.51,10.18,73.8,15.3756,2016,Transit,4881,0.72,
Kepler-1710 b,Kepler-1710,291.683,37.7515,305.193,3.197,3.495,14.9111,2021,Transit,5650,0.899,
Kepler-1928 b,Kepler-1928,290.441,38.5236,326.362,1.992,4.63,19.5778,2021,Transit,5720,0.92,
Kepler-1999 b,Kepler-1999,282.371,48.2592,701.255,3.29,10.8,8.73968,2023,Transit,4406,0.628,
KOI-7368 b,KOI-7368,293.948,48.0653,264.995,2.22,5.56,6.84303,2022,Transit,5241,0.874,
K2-198 b,K2-198,198.844,-6.46499,110.567,4.189,16.3,17.0429,2018,Transit,5213,0.757,
Kepler-227 c,Kepler-227,291.934,48.1417,1083.06,3.04,9.48,54.4187,2014,Transit,5854,1.091,
Kepler-26 d,Kepler-26,284.941,46.5665,335.307,1.07,1.24,3.54392,2014,Transit,4486,0.571,M0 V
KELT-17 b,KELT-17,125.617,13.7353,226.5,17.094,416.357,3.08017,2016,Transit,7454,1.645,A
IC 4651 9122 b,IC 4651 9122,261.209,-49.9489,859.324,12.7,2002.33,734,2018,Radial Velocity,4740,10.267,
GJ 229 b,GJ 229,92.6436,-21.8677,5.756,3.97,14.938,579.475,2014,Radial Velocity,3564,0.46,M1.5V
GJ 180 c,GJ 180,73.4601,-17.7762,11.941,2.41,6.4,24.329,2014,Radial Velocity,3371,0.413,M3
HD 68988 c,HD 68988,124.594,61.4609,60.845,12.2,4776.96,16000,2021,Radial Velocity,5883,1.256,G2 V
KIC 5479689 b,KIC 5479689,299.325,40.6381,454.95,14.2,158.914,1.70153,2021,Orbital Brightness Modulation,5459,0.894,
HD 93385 b,HD 93385,161.563,-41.4646,43.347,1.88,4.2,7.3426,2021,Radial Velocity,5977,1.185,G2/G3 V
Kepler-294 c,Kepler-294,287.392,46.0593,1357.01,2.71,7.8,6.6264,2014,Transit,5913,0.976,
TOI-4311 c,TOI-4311,41.6855,-31.1793,134.988,2.47,13.58,15.0704,2026,Transit,5063,0.844,K
WASP-118 b,WASP-118,19.5506,2.70278,376.658,16.141,163.365,4.04604,2016,Transit,6410,1.696,F6
TAP 26 b,TAP 26,64.7155,17.3879,121.402,13.5,527.598,10.79,2017,Radial Velocity,4620,1.17,
HD 92788 c,HD 92788,160.702,-2.18472,34.654,13,1166.44,11611.3,2019,Radial Velocity,5744,1.14,G6 V
GJ 422 b,GJ 422,168.981,-57.5426,12.663,3.33,11.07,20.129,2014,Radial Velocity,3323,0.37,M3.5 V
GJ 414 A c,GJ 414 A,167.774,30.4452,11.889,8.4,53.83,749.83,2021,Radial Velocity,4120,0.68,K7 V
TOI-3593 b,TOI-3593,331.506,34.2117,226.63,11.03,565.735,3.82129,2025,Transit,5550,0.918,
WASP-195 b,WASP-195,247.55,49.8958,484.852,10.312,33.054,5.05193,2025,Transit,6300,1.578,
TOI-4529 b,TOI-4529,16.9688,12.881,28.384,1.77,4.9,5.87958,2026,Transit,3697,0.48,M1.5 V
HD 27631 b,HD 27631,64.9392,-41.9607,50.286,13.5,495.812,2198.14,2012,Radial Velocity,5737,0.923,G3 IV/V
Wolf 503 b,Wolf 503,206.846,-6.13934,44.526,2.043,6.26,6.00127,2018,Transit,4716,0.689,K3.5 V
WASP-183 b,WASP-183,163.789,-0.73707,325.377,16.477,159.551,4.11178,2019,Transit,5313,0.871,G9
Kepler-1747 b,Kepler-1747,284.21,45.2581,1321.38,4.265,16.8,6.23032,2021,Transit,5477,0.865,
Kepler-906 b,Kepler-906,291.406,40.1254,757.791,2.11,5.1,41.698,2016,Transit,6035,1.02,
TOI-4551 b,TOI-4551,184.979,-25.8279,215.986,11.859,473.564,9.95581,2023,Transit,4896,3.55,
HD 98649 b,HD 98649,170.215,-23.2181,42.173,12.5,3082.94,5384,2012,Radial Velocity,5759,1.01,G3/G5 V
Kepler-780 b,Kepler-780,281.766,44.2925,557.652,0.89,0.64,0.67738,2016,Transit,5769,1.02,
NGTS-16 b,NGTS-16,58.2639,-30.8046,898.168,14.572,211.992,4.84532,2021,Transit,5550,1.213,G7 V
TOI-1634 b,TOI-1634,56.3906,37.1123,35.274,1.759,4.9,0.98935,2021,Transit,3550,0.45,M2
Kepler-275 b,Kepler-275,292.48,38.5149,2034.25,2.34,6.08,10.3007,2014,Transit,6165,1.383,
Kepler-121 c,Kepler-121,286.162,39.678,510.523,2.27,5.77,41.008,2014,Transit,5311,0.701,
TOI-4342 c,TOI-4342,324.389,-77.9792,61.52,2.349,4.8,10.6887,2023,Transit,3866,0.598,M0 V
Kepler-168 b,Kepler-168,294.71,39.825,1343.6,1.46,2.73,4.42539,2014,Transit,6282,1.107,
Kepler-471 b,Kepler-471,299.098,43.4976,1249.41,14.96,,5.01423,2016,Transit,6733,1.8,
HD 42012 b,HD 42012,92.4855,34.1342,36.798,13.5,508.528,857.5,2017,Radial Velocity,5405,0.82,K0
Qatar-10 b,Qatar-10,284.444,69.5708,559.068,17.295,233.923,1.64532,2019,Transit,6124,1.254,F7 V
GJ 720 A b,GJ 720 A,278.829,45.7456,15.557,3.77,13.64,19.466,2021,Radial Velocity,3837,0.56,M0.5 V
HD 137496 b,HD 137496,231.742,-16.509,155.317,1.31,4.04,1.62116,2021,Transit,5799,1.59,G
K2-389 b,K2-389,355.63,-9.71358,259.208,2.33,6.04,8.58289,2022,Transit,5773,1.094,G3
Kepler-17 b,Kepler-17,298.395,47.815,720.753,14.68,778.65,1.48571,2011,Transit,5781,1.01,G2 V
Kepler-176 b,Kepler-176,294.668,43.8532,527.321,1.43,290.537,5.43307,2014,Transit,5232,0.891,
NN Ser d,NN Ser,238.234,12.9121,515.818,13.3,724.622,2880,2010,Eclipse Timing Variations,57000,,WD
HD 214823 b,HD 214823,340.083,31.7875,101.368,12.1,5914.79,1854.84,2016,Radial Velocity,6215,2.04,G0
Kepler-761 b,Kepler-761,290.504,44.1436,830.707,2.03,4.78,10.128,2016,Transit,5706,0.93,
TOI-216.01,TOI-216,73.98,-63.2603,177.945,10.1,177.984,34.5255,2019,Transit,5026,0.748,
TOI-1259 A b,TOI-1259 A,282.1,79.2565,118.106,11.6,141,3.47798,2021,Transit,4775,0.715,
Kepler-107 e,Kepler-107,297.028,48.2086,525.997,2.903,14.1,14.7491,2014,Transit,5854,1.447,
Kepler-450 c,Kepler-450,295.487,51.0135,455.982,2.62,12.5,15.4131,2015,Transit,6197,1.642,
TOI-4578 b,TOI-4578,184.211,75.1402,182.249,2.27,5.77,8.62393,2026,Transit,5951,0.879,
HD 1605 b,HD 1605,5.13175,30.9751,88.805,13.8,296.853,577.2,2015,Radial Velocity,4915,3.49,K1 IV
HD 210193 b,HD 210193,332.395,-41.2252,42.203,14.3,153.1,649.918,2019,Radial Velocity,5790,1.06,G3 V
HD 108236 c,HD 108236,186.574,-51.3631,64.598,2.071,4.94,6.20345,2020,Transit,5660,0.877,G3 V
K2-392 b,K2-392,354.65,-7.47888,406.985,1.85,4.08,15.3987,2022,Transit,5726,1.058,G3
TOI-4145 A b,TOI-4145 A,39.4297,80.2674,205.387,13.305,136.666,4.06644,2023,Transit,5281,0.859,
TOI-4379 b,TOI-4379,252.048,-32.4338,645.158,16.69,353.743,3.25352,2024,Transit,6020,1.976,
Kepler-1663 b,Kepler-1663,290.402,48.8227,337.926,3.304,10.9,17.6046,2020,Transit,3844,0.629,
Kepler-273 c,Kepler-273,291.302,47.6977,713.964,1.98,4.58,8.01493,2014,Transit,5626,0.815,
GJ 3138 c,GJ 3138,32.2977,-16.3392,28.471,1.88,4.18,5.974,2017,Radial Velocity,3717,0.5,M0
K2-291 b,K2-291,76.4459,21.5482,90.056,1.589,6.49,2.22518,2019,Transit,5520,0.899,
HD 39855 b,HD 39855,88.6261,-19.7045,23.26,2.85,8.5,3.2498,2019,Radial Velocity,5576,0.745,G8 V
HIP 90988 b,HIP 90988,278.389,-50.2117,94.035,13.4,668.075,455.738,2021,Radial Velocity,4883,3.94,K1 III
TOI-558 b,TOI-558,42.2915,-58.0247,402.63,12.173,1147.36,14.5741,2021,Transit,6466,1.496,F V
GPX-1 b,GPX-1,38.3692,56.0257,655.013,16.477,6261.22,1.74458,2021,Transit,7000,1.56,F2
TOI-3819 b,TOI-3819,121.863,29.3886,558.141,13.137,352.79,3.24431,2023,Transit,5859,1.538,
Kepler-181 b,Kepler-181,296.151,50.0958,609.283,1.27,2.15,3.13787,2014,Transit,5333,0.749,
K2-38 c,K2-38,240.033,-23.1894,192.69,2.29,8.3,10.561,2016,Transit,5731,1.06,G2 V
HD 224538 b,HD 224538,359.716,-61.5869,79.061,12.7,2075.74,1202.05,2016,Radial Velocity,6097,1.54,F8/G0 IV/V
GJ 273 b,GJ 273,111.852,5.22581,5.922,1.51,2.89,18.6498,2017,Radial Velocity,3382,0.293,M3.5
K2-292 b,K2-292,205.376,-9.94607,114.293,2.63,24.5,16.9841,2019,Transit,5725,1.09,G3 V
GJ 4276 b,GJ 4276,336.322,59.4125,21.336,4.22,16.57,13.352,2019,Radial Velocity,3387,0.407,M4.0
HD 102843 b,HD 102843,177.585,-1.2523,62.758,13.1,113.9,3090.94,2019,Radial Velocity,5436,0.961,K0 V
Kepler-271 b,Kepler-271,283.003,44.2841,404.542,1.23,2.04,10.4355,2014,Transit,5555,0.87,
TOI-1431 b,TOI-1431,316.204,55.588,148.925,16.701,991.625,2.65024,2021,Transit,7690,1.92,Am C
K2-395 c,K2-395,70.4439,16.6743,286.727,3.395,11.4,8.49128,2022,Transit,5007,0.783,K0
TOI-4406 b,TOI-4406,18.0485,-56.9254,261.834,11.209,95.349,30.0836,2023,Transit,6219,1.29,
Kepler-149 d,Kepler-149,285.854,38.3841,571.034,3.96,14.9,160.018,2014,Transit,5381,0.953,
TOI-4405 b,TOI-4405,101.595,-75.4441,155.501,2.555,7.06,5.92144,2026,Transit,4467,0.687,
TOI-5027 b,TOI-5027,243.885,-69.2171,204.429,10.761,642.013,10.2437,2025,Transit,5909,0.92,
GJ 273 c,GJ 273,111.852,5.22581,5.922,1.06,1.18,4.7234,2017,Radial Velocity,3382,0.293,M3.5
HD 20781 d,HD 20781,50.014,-28.7841,35.971,3.25,10.61,29.158,2019,Radial Velocity,5256,0.834,K0 V
HD 110113 b,HD 110113,190.037,-44.3121,106.307,2.05,4.55,2.541,2021,Transit,5732,0.968,G
HAT-P-63 b,HAT-P-63,269.572,5.76137,403.458,12.543,195.147,3.37773,2021,Transit,5400,0.966,
K2-398 b,K2-398,161.735,1.9367,606.992,2.274,5.79,6.39302,2022,Transit,5946,1.239,G2
TOI-3862 b,TOI-3862,185.901,50.5446,249.02,5.53,53.7,1.55746,2026,Transit,5300,0.92,
Kepler-284 c,Kepler-284,293.147,47.7297,1031.95,2.61,7.32,37.5145,2014,Transit,5615,0.814,
TOI-4662 b,TOI-4662,57.516,-31.094,111.047,2.88,8.65,4.70344,2026,Transit,4520,0.694,
HD 7924 c,HD 7924,20.4957,76.7101,16.992,,1762.68,15.299,2015,Radial Velocity,5075,0.782,K0.5 V
NGC 2682 YBP 401 b,NGC 2682 YBP 401,132.829,11.671,830.822,14.3,146.202,4.087,2016,Radial Velocity,6165,1.216,F9 V
WASP-142 b,WASP-142,140.506,-23.9461,730.933,17.15,266.977,2.05287,2016,Transit,6010,1.64,F8
WASP-171 b,WASP-171,171.845,-44.0887,757.84,10.985,344.528,3.81862,2019,Transit,5965,1.637,G0
TOI-1789 b,TOI-1789,142.743,26.54,229.067,16.141,222.48,3.20866,2021,Transit,5991,2.168,F
HD 35843 c,HD 35843,81.3489,-44.4313,69.603,2.54,11.32,46.9622,2025,Transit,5666,0.897,
TOI-4666 b,TOI-4666,56.2899,-39.0632,154.749,12.532,155.418,2.90892,2025,Transit,3793,0.585,M2&plusmn;0.5
BD+20 594 b,BD+20 594,53.6511,20.599,179.461,2.578,22.248,41.6855,2016,Transit,5766,1.08,G
Kepler-19 d,Kepler-19,290.421,37.8517,218.562,5.06,22.5,62.95,2017,Radial Velocity,5544,0.859,
GJ 143 b,GJ 143,51.7502,-63.5002,16.32,2.61,22.7,35.6125,2019,Transit,4640,0.695,K4.5
WASP-182 b,WASP-182,311.673,-41.821,327.602,9.528,47.039,3.37698,2019,Transit,5638,1.34,G5
HD 107148 c,HD 107148,184.806,-3.31999,49.416,4.7,19.896,18.3267,2021,Radial Velocity,5753,1.169,G5 V
Kepler-833 b,Kepler-833,290.48,45.6006,467.37,2.02,4.74,18.7547,2016,Transit,4339,0.62,
Kepler-94 b,Kepler-94,281.195,47.4973,191.904,3.51,10.84,2.50806,2014,Transit,4781,0.76,M0 V
TOI-4463 A b,TOI-4463 A,279.358,18.7299,173.117,13.26,252.356,2.88072,2023,Transit,5640,1.062,
HATS-9 b,HATS-9,290.81,-20.1664,638.7,13.85,266.024,1.91529,2015,Transit,5599,1.56,
TYC 0434-04538-1 b,TYC 0434-04538-1,271.34,2.06228,613.422,12.7,1938.76,193.2,2021,Radial Velocity,4679,9.99,
Kepler-839 b,Kepler-839,291.075,45.2425,944.561,2.57,7.13,37.8145,2016,Transit,6058,1.31,
HD 27969 b,HD 27969,66.7068,42.9087,67.933,12.9,1525.58,654.5,2021,Radial Velocity,5966,1.27,G0 V
TOI-3912 b,TOI-3912,215.802,24.0766,465.992,14.28,129.038,3.49363,2023,Transit,5725,1.392,
Kepler-294 b,Kepler-294,287.392,46.0593,1357.01,1.77,3.78,3.70121,2014,Transit,5913,0.976,
TOI-4487 A b,TOI-4487 A,306.422,45.971,479.145,14.605,397.286,3.95407,2025,Transit,6206,1.634,
K2-251 b,K2-251,190.689,-8.53598,147.03,2.35,6.12,9.30075,2018,Transit,3717,0.49,
GJ 3512 b,GJ 3512,130.332,59.4918,9.486,14.3,146.519,203.109,2019,Radial Velocity,3141,0.139,M5.5 V
HD 145675 c,14 Her,242.602,43.8164,17.932,12.6,2510.84,15732.5,2021,Radial Velocity,5338,0.93,K0
HD 95544 b,HD 95544,166.323,81.039,87.805,12.8,1913.64,2041.54,2021,Radial Velocity,5722,1.088,G0
Kepler-309 b,Kepler-309,297.51,46.9614,544.568,1.56,3.05,5.92365,2014,Transit,4713,0.721,M0 V
WASP-74 b,WASP-74,304.539,-1.076,149.216,15.244,228.838,2.13775,2015,Transit,5990,1.42,F9
Qatar-7 b,Qatar-7,358.515,37.0218,705.981,19.055,597.52,2.03205,2019,Transit,6387,1.564,F4 V
Kepler-270 b,Kepler-270,282.2,44.4223,948.781,2.01,4.7,11.4761,2014,Transit,6067,1.461,
TOI-628 b,TOI-628,99.2631,1.76755,178.68,11.882,2011.86,3.40957,2021,Transit,6250,1.345,
HD 168009 b,HD 168009,273.885,45.2088,23.303,3.05,9.535,15.1479,2021,Radial Velocity,5778,1.21,G2V
HD 164922 e,HD 164922,270.63,26.3104,22.002,3.23,10.52,41.763,2021,Radial Velocity,5393,1.002,G9 V
HD 115954 b,HD 115954,199.985,38.3691,87.644,12.6,2685.65,3700,2021,Radial Velocity,5957,1.213,G0 V
TOI-1278 b,TOI-1278,320.478,35.6486,75.576,12.218,5879.83,14.4757,2021,Transit,3799,0.573,M0 V
LHS 1678 b,LHS 1678,68.179,-39.7909,19.878,0.685,0.35,0.86023,2021,Transit,3490,0.329,M2.0 V
TOI-3980 b,TOI-3980,12.8419,59.5759,486.721,14.46,187.519,3.60893,2025,Transit,5840,1.626,
Kepler-903 b,Kepler-903,288.771,40.6642,1369.24,2.01,4.7,10.3508,2016,Transit,5682,0.97,
Kepler-84 c,Kepler-84,298.252,40.4961,1023.9,2.36,20.2,12.883,2012,Transit,6039,1.43,
TOI-4507 b,TOI-4507,80.4514,-69.9882,178.26,8.2,20,104.616,2025,Transit,6260,1.04,F
TOI-5160 b,TOI-5160,114.639,31.3944,151.465,2.397,6.33,4.28077,2026,Transit,5622,1.033,
EPIC 211822797 b,EPIC 211822797,130.41,17.64,186.197,1.92,4.35,21.1702,2016,Transit,4057,0.58,M0
K2-254 c,K2-254,185.551,-4.71729,227.775,2.19,5.43,12.1184,2018,Transit,4629,0.67,
GJ 160.2 b,GJ 160.2,61.6454,-20.8565,25.856,3.17,10.2,5.2354,2014,Radial Velocity,4347,0.655,M0 V
HD 39194 d,HD 39194,86.1291,-70.1382,26.413,2.12,5.16,33.874,2021,Radial Velocity,5205,0.784,K0 V
Kepler-304 b,Kepler-304,294.442,40.5575,434.684,2.86,8.55,3.29571,2014,Transit,4731,0.687,
EPIC 206317286 c,EPIC 206317286,337.618,-7.97246,314.35,2.094,5.03,17.5155,2022,Transit,4752,0.758,
Kepler-195 b,Kepler-195,288.121,47.9666,652.051,2.03,4.78,8.30787,2014,Transit,5329,0.775,
K2-28 b,K2-28,335.623,-7.95635,62.997,2.32,5.99,2.26045,2016,Transit,3214,0.288,M4
Kepler-1724 b,Kepler-1724,296.121,47.9215,1060.77,2.837,8.43,6.45442,2021,Transit,6092,0.943,
HAT-P-7 b,HAT-P-7,292.247,47.9695,341.079,16.926,584.807,2.20474,2008,Transit,6389,2,F6 V
Kepler-551 b,Kepler-551,285.485,48.0544,311.175,2.73,7.9,12.3765,2016,Transit,4286,0.63,
K2-44 b,K2-44,174.012,-2.52093,476.703,2.433,6.5,5.657,2016,Transit,5912,1.58,
K2-27 b,K2-27,171.515,1.23062,249.645,4.74,30.2,6.77135,2016,Transit,5246,0.876,
K2-378 b,K2-378,205.16,-11.1172,687.973,2.88,8.65,2.06044,2022,Transit,4823,0.732,
K2-42 b,K2-42,176.666,-5.17205,396.913,2.15,5.27,6.68796,2016,Transit,4613,0.643,
K2-193 b,K2-193,205.237,-11.0093,411.923,3.95,14.8,14.7869,2018,Transit,5817,0.98,
Kepler-452 b,Kepler-452,296.004,44.2776,551.727,1.63,3.29,384.843,2015,Transit,5757,1.11,G2
Kepler-220 c,Kepler-220,291.506,46.8956,171.109,1.57,3.09,9.0342,2014,Transit,4632,0.666,
Kepler-228 d,Kepler-228,296.286,48.2246,1644.61,4.04,15.4,11.0943,2014,Transit,6043,1.014,
Kepler-565 b,Kepler-565,283.618,47.1968,1041,3.64,12.9,4.24375,2016,Transit,5735,0.95,
K2-35 b,K2-35,170.103,1.28587,252.596,1.32,2.3,2.39996,2016,Transit,4403,0.62,K4 V
Kepler-1720 b,Kepler-1720,296.809,47.1719,629.445,3.216,10.4,12.7064,2021,Transit,5573,0.839,
K2-368 b,K2-368,332.636,-11.1661,206.608,1.332,2.34,5.0256,2022,Transit,4663,0.663,
